id,theme,collection,name,coaster_hint,svg_path,png_path
00001,Home Decor Designs,Abstract Panels,Panel01,,1. Home Decor Designs/Abstract Panels/SVG/Panel01.svg,1. Home Decor Designs/Abstract Panels/PNG/Panel01.png
00002,Home Decor Designs,Abstract Panels,Panel02,,1. Home Decor Designs/Abstract Panels/SVG/Panel02.svg,1. Home Decor Designs/Abstract Panels/PNG/Panel02.png
00003,Home Decor Designs,Abstract Panels,Panel03,,1. Home Decor Designs/Abstract Panels/SVG/Panel03.svg,1. Home Decor Designs/Abstract Panels/PNG/Panel03.png
00004,Home Decor Designs,Abstract Panels,Panel04,,1. Home Decor Designs/Abstract Panels/SVG/Panel04.svg,1. Home Decor Designs/Abstract Panels/PNG/Panel04.png
00005,Home Decor Designs,Abstract Panels,Panel05,,1. Home Decor Designs/Abstract Panels/SVG/Panel05.svg,1. Home Decor Designs/Abstract Panels/PNG/Panel05.png
00006,Home Decor Designs,Abstract Panels,Panel06,,1. Home Decor Designs/Abstract Panels/SVG/Panel06.svg,1. Home Decor Designs/Abstract Panels/PNG/Panel06.png
00007,Home Decor Designs,Abstract Panels,Panel09,,1. Home Decor Designs/Abstract Panels/SVG/Panel09.svg,1. Home Decor Designs/Abstract Panels/PNG/Panel09.png
00008,Home Decor Designs,Abstract Panels,Panel10,,1. Home Decor Designs/Abstract Panels/SVG/Panel10.svg,1. Home Decor Designs/Abstract Panels/PNG/Panel10.png
00009,Home Decor Designs,Abstract Panels,Panel11,,1. Home Decor Designs/Abstract Panels/SVG/Panel11.svg,1. Home Decor Designs/Abstract Panels/PNG/Panel11.png
00010,Home Decor Designs,Abstract Panels,Panel12,,1. Home Decor Designs/Abstract Panels/SVG/Panel12.svg,1. Home Decor Designs/Abstract Panels/PNG/Panel12.png
00011,Home Decor Designs,Abstract Panels,Panel13,,1. Home Decor Designs/Abstract Panels/SVG/Panel13.svg,1. Home Decor Designs/Abstract Panels/PNG/Panel13.png
00012,Home Decor Designs,Abstract Panels,Panel14,,1. Home Decor Designs/Abstract Panels/SVG/Panel14.svg,1. Home Decor Designs/Abstract Panels/PNG/Panel14.png
00013,Home Decor Designs,Abstract Panels,Panel15,,1. Home Decor Designs/Abstract Panels/SVG/Panel15.svg,1. Home Decor Designs/Abstract Panels/PNG/Panel15.png
00014,Home Decor Designs,Abstract Panels,Panel16,,1. Home Decor Designs/Abstract Panels/SVG/Panel16.svg,1. Home Decor Designs/Abstract Panels/PNG/Panel16.png
00015,Home Decor Designs,Abstract Panels,Panel17,,1. Home Decor Designs/Abstract Panels/SVG/Panel17.svg,1. Home Decor Designs/Abstract Panels/PNG/Panel17.png
00016,Home Decor Designs,Abstract Panels,Panel18,,1. Home Decor Designs/Abstract Panels/SVG/Panel18.svg,1. Home Decor Designs/Abstract Panels/PNG/Panel18.png
00017,Home Decor Designs,Abstract Panels,Panel19,,1. Home Decor Designs/Abstract Panels/SVG/Panel19.svg,1. Home Decor Designs/Abstract Panels/PNG/Panel19.png
00018,Home Decor Designs,Abstract Panels,Panel20,,1. Home Decor Designs/Abstract Panels/SVG/Panel20.svg,1. Home Decor Designs/Abstract Panels/PNG/Panel20.png
00019,Home Decor Designs,Abstract Panels,Panel21,,1. Home Decor Designs/Abstract Panels/SVG/Panel21.svg,1. Home Decor Designs/Abstract Panels/PNG/Panel21.png
00020,Home Decor Designs,Abstract Panels,Panel22,,1. Home Decor Designs/Abstract Panels/SVG/Panel22.svg,1. Home Decor Designs/Abstract Panels/PNG/Panel22.png
00021,Home Decor Designs,Abstract Panels,Panel23,,1. Home Decor Designs/Abstract Panels/SVG/Panel23.svg,1. Home Decor Designs/Abstract Panels/PNG/Panel23.png
00022,Home Decor Designs,Abstract Panels,Panel24,,1. Home Decor Designs/Abstract Panels/SVG/Panel24.svg,1. Home Decor Designs/Abstract Panels/PNG/Panel24.png
00023,Home Decor Designs,Abstract Panels,Panel25,,1. Home Decor Designs/Abstract Panels/SVG/Panel25.svg,1. Home Decor Designs/Abstract Panels/PNG/Panel25.png
00024,Home Decor Designs,Abstract Panels,Panel26,,1. Home Decor Designs/Abstract Panels/SVG/Panel26.svg,1. Home Decor Designs/Abstract Panels/PNG/Panel26.png
00025,Home Decor Designs,Abstract Panels,Panel27,,1. Home Decor Designs/Abstract Panels/SVG/Panel27.svg,1. Home Decor Designs/Abstract Panels/PNG/Panel27.png
00026,Home Decor Designs,Abstract Panels,Pannel07,,1. Home Decor Designs/Abstract Panels/SVG/Pannel07.svg,1. Home Decor Designs/Abstract Panels/PNG/Pannel07.png
00027,Home Decor Designs,Clock,Clock-01-SVG,,1. Home Decor Designs/Clock/SVG/Clock-01-SVG.svg,1. Home Decor Designs/Clock/PNG/Clock-01-SVG.png
00028,Home Decor Designs,Clock,Clock-02-SVG,,1. Home Decor Designs/Clock/SVG/Clock-02-SVG.svg,1. Home Decor Designs/Clock/PNG/Clock-02-SVG.png
00029,Home Decor Designs,Clock,Clock-03-SVG,,1. Home Decor Designs/Clock/SVG/Clock-03-SVG.svg,1. Home Decor Designs/Clock/PNG/Clock-03-SVG.png
00030,Home Decor Designs,Clock,Clock-04-SVG,,1. Home Decor Designs/Clock/SVG/Clock-04-SVG.svg,1. Home Decor Designs/Clock/PNG/Clock-04-SVG.png
00031,Home Decor Designs,Clock,Clock-05-SVG,,1. Home Decor Designs/Clock/SVG/Clock-05-SVG.svg,1. Home Decor Designs/Clock/PNG/Clock-05-SVG.png
00032,Home Decor Designs,Clock,Clock-06-SVG,,1. Home Decor Designs/Clock/SVG/Clock-06-SVG.svg,1. Home Decor Designs/Clock/PNG/Clock-06-SVG.png
00033,Home Decor Designs,Cutting Board,Cutting board-01,,1. Home Decor Designs/Cutting Board/SVG/Cutting board-01.svg,1. Home Decor Designs/Cutting Board/PNG/Cutting board-01.png
00034,Home Decor Designs,Cutting Board,Cutting board-02,,1. Home Decor Designs/Cutting Board/SVG/Cutting board-02.svg,1. Home Decor Designs/Cutting Board/PNG/Cutting board-02.png
00035,Home Decor Designs,Cutting Board,Cutting board-03,,1. Home Decor Designs/Cutting Board/SVG/Cutting board-03.svg,1. Home Decor Designs/Cutting Board/PNG/Cutting board-03.png
00036,Home Decor Designs,Cutting Board,Cutting board-04,,1. Home Decor Designs/Cutting Board/SVG/Cutting board-04.svg,1. Home Decor Designs/Cutting Board/PNG/Cutting board-04.png
00037,Home Decor Designs,Cutting Board,Cutting board-05,,1. Home Decor Designs/Cutting Board/SVG/Cutting board-05.svg,1. Home Decor Designs/Cutting Board/PNG/Cutting board-05.png
00038,Home Decor Designs,Cutting Board,Cutting board-06,,1. Home Decor Designs/Cutting Board/SVG/Cutting board-06.svg,1. Home Decor Designs/Cutting Board/PNG/Cutting board-06.png
00039,Home Decor Designs,Cutting Board,Cutting board-07,,1. Home Decor Designs/Cutting Board/SVG/Cutting board-07.svg,1. Home Decor Designs/Cutting Board/PNG/Cutting board-07.png
00040,Home Decor Designs,Cutting Board,Cutting board-08,,1. Home Decor Designs/Cutting Board/SVG/Cutting board-08.svg,1. Home Decor Designs/Cutting Board/PNG/Cutting board-08.png
00041,Home Decor Designs,Cutting Board,Cutting board-09,,1. Home Decor Designs/Cutting Board/SVG/Cutting board-09.svg,1. Home Decor Designs/Cutting Board/PNG/Cutting board-09.png
00042,Home Decor Designs,Cutting Board,Cutting board-10,,1. Home Decor Designs/Cutting Board/SVG/Cutting board-10.svg,1. Home Decor Designs/Cutting Board/PNG/Cutting board-10.png
00043,Home Decor Designs,Cutting Board,Cutting board-11,,1. Home Decor Designs/Cutting Board/SVG/Cutting board-11.svg,1. Home Decor Designs/Cutting Board/PNG/Cutting board-11.png
00044,Home Decor Designs,Cutting Board,Cutting board-12,,1. Home Decor Designs/Cutting Board/SVG/Cutting board-12.svg,1. Home Decor Designs/Cutting Board/PNG/Cutting board-12.png
00045,Home Decor Designs,Cutting Board,Cutting board-13,,1. Home Decor Designs/Cutting Board/SVG/Cutting board-13.svg,1. Home Decor Designs/Cutting Board/PNG/Cutting board-13.png
00046,Home Decor Designs,Cutting Board,Cutting board-14,,1. Home Decor Designs/Cutting Board/SVG/Cutting board-14.svg,1. Home Decor Designs/Cutting Board/PNG/Cutting board-14.png
00047,Home Decor Designs,Cutting Board,Cutting board-15,,1. Home Decor Designs/Cutting Board/SVG/Cutting board-15.svg,1. Home Decor Designs/Cutting Board/PNG/Cutting board-15.png
00048,Home Decor Designs,Cutting Board,Cutting board-16,,1. Home Decor Designs/Cutting Board/SVG/Cutting board-16.svg,1. Home Decor Designs/Cutting Board/PNG/Cutting board-16.png
00049,Home Decor Designs,Cutting Board,Cutting board-17,,1. Home Decor Designs/Cutting Board/SVG/Cutting board-17.svg,1. Home Decor Designs/Cutting Board/PNG/Cutting board-17.png
00050,Home Decor Designs,Cutting Board,Cutting board-18,,1. Home Decor Designs/Cutting Board/SVG/Cutting board-18.svg,1. Home Decor Designs/Cutting Board/PNG/Cutting board-18.png
00051,Home Decor Designs,Cutting Board,Cutting board-19,,1. Home Decor Designs/Cutting Board/SVG/Cutting board-19.svg,1. Home Decor Designs/Cutting Board/PNG/Cutting board-19.png
00052,Home Decor Designs,Cutting Board,Cutting board-20,,1. Home Decor Designs/Cutting Board/SVG/Cutting board-20.svg,1. Home Decor Designs/Cutting Board/PNG/Cutting board-20.png
00053,Home Decor Designs,Cutting Board,Cutting board-21,,1. Home Decor Designs/Cutting Board/SVG/Cutting board-21.svg,1. Home Decor Designs/Cutting Board/PNG/Cutting board-21.png
00054,Home Decor Designs,Cutting Board,Cutting board-22,,1. Home Decor Designs/Cutting Board/SVG/Cutting board-22.svg,1. Home Decor Designs/Cutting Board/PNG/Cutting board-22.png
00055,Home Decor Designs,Cutting Board,Cutting board-23,,1. Home Decor Designs/Cutting Board/SVG/Cutting board-23.svg,1. Home Decor Designs/Cutting Board/PNG/Cutting board-23.png
00056,Home Decor Designs,Cutting Board,Cutting board-24,,1. Home Decor Designs/Cutting Board/SVG/Cutting board-24.svg,1. Home Decor Designs/Cutting Board/PNG/Cutting board-24.png
00057,Home Decor Designs,Cutting Board,Cutting board-25,,1. Home Decor Designs/Cutting Board/SVG/Cutting board-25.svg,1. Home Decor Designs/Cutting Board/PNG/Cutting board-25.png
00058,Home Decor Designs,Cutting Board,Cutting board-26,,1. Home Decor Designs/Cutting Board/SVG/Cutting board-26.svg,1. Home Decor Designs/Cutting Board/PNG/Cutting board-26.png
00059,Home Decor Designs,Cutting Board,Cutting board-27,,1. Home Decor Designs/Cutting Board/SVG/Cutting board-27.svg,1. Home Decor Designs/Cutting Board/PNG/Cutting board-27.png
00060,Home Decor Designs,Cutting Board,Cutting board-28,,1. Home Decor Designs/Cutting Board/SVG/Cutting board-28.svg,1. Home Decor Designs/Cutting Board/PNG/Cutting board-28.png
00061,Home Decor Designs,Cutting Board,Cutting board-29,,1. Home Decor Designs/Cutting Board/SVG/Cutting board-29.svg,1. Home Decor Designs/Cutting Board/PNG/Cutting board-29.png
00062,Home Decor Designs,Cutting Board,Cutting board-30,,1. Home Decor Designs/Cutting Board/SVG/Cutting board-30.svg,1. Home Decor Designs/Cutting Board/PNG/Cutting board-30.png
00063,Home Decor Designs,Cutting Board,Cutting board-31,,1. Home Decor Designs/Cutting Board/SVG/Cutting board-31.svg,1. Home Decor Designs/Cutting Board/PNG/Cutting board-31.png
00064,Home Decor Designs,Cutting Board,Cutting board-32,,1. Home Decor Designs/Cutting Board/SVG/Cutting board-32.svg,1. Home Decor Designs/Cutting Board/PNG/Cutting board-32.png
00065,Home Decor Designs,Cutting Board,Cutting board-33,,1. Home Decor Designs/Cutting Board/SVG/Cutting board-33.svg,1. Home Decor Designs/Cutting Board/PNG/Cutting board-33.png
00066,Home Decor Designs,Cutting Board,Cutting board-34,,1. Home Decor Designs/Cutting Board/SVG/Cutting board-34.svg,1. Home Decor Designs/Cutting Board/PNG/Cutting board-34.png
00067,Home Decor Designs,Cutting Board,Cutting board-35,,1. Home Decor Designs/Cutting Board/SVG/Cutting board-35.svg,1. Home Decor Designs/Cutting Board/PNG/Cutting board-35.png
00068,Home Decor Designs,Cutting Board,Cutting board-36,,1. Home Decor Designs/Cutting Board/SVG/Cutting board-36.svg,1. Home Decor Designs/Cutting Board/PNG/Cutting board-36.png
00069,Home Decor Designs,Cutting Board,Cutting board-37,,1. Home Decor Designs/Cutting Board/SVG/Cutting board-37.svg,1. Home Decor Designs/Cutting Board/PNG/Cutting board-37.png
00070,Home Decor Designs,Cutting Board,Cutting board-38,,1. Home Decor Designs/Cutting Board/SVG/Cutting board-38.svg,1. Home Decor Designs/Cutting Board/PNG/Cutting board-38.png
00071,Home Decor Designs,Cutting Board,Cutting board-39,,1. Home Decor Designs/Cutting Board/SVG/Cutting board-39.svg,1. Home Decor Designs/Cutting Board/PNG/Cutting board-39.png
00072,Home Decor Designs,Cutting Board,Cutting board-40,,1. Home Decor Designs/Cutting Board/SVG/Cutting board-40.svg,1. Home Decor Designs/Cutting Board/PNG/Cutting board-40.png
00073,Home Decor Designs,Cutting Board,Cutting board-41,,1. Home Decor Designs/Cutting Board/SVG/Cutting board-41.svg,1. Home Decor Designs/Cutting Board/PNG/Cutting board-41.png
00074,Home Decor Designs,Cutting Board,Cutting board-42,,1. Home Decor Designs/Cutting Board/SVG/Cutting board-42.svg,1. Home Decor Designs/Cutting Board/PNG/Cutting board-42.png
00075,Home Decor Designs,Cutting Board,Cutting board-43,,1. Home Decor Designs/Cutting Board/SVG/Cutting board-43.svg,1. Home Decor Designs/Cutting Board/PNG/Cutting board-43.png
00076,Home Decor Designs,Cutting Board,Cutting board-44,,1. Home Decor Designs/Cutting Board/SVG/Cutting board-44.svg,1. Home Decor Designs/Cutting Board/PNG/Cutting board-44.png
00077,Home Decor Designs,Cutting Board,Cutting board-45,,1. Home Decor Designs/Cutting Board/SVG/Cutting board-45.svg,1. Home Decor Designs/Cutting Board/PNG/Cutting board-45.png
00078,Home Decor Designs,Cutting Board,Cutting board-46,,1. Home Decor Designs/Cutting Board/SVG/Cutting board-46.svg,1. Home Decor Designs/Cutting Board/PNG/Cutting board-46.png
00079,Home Decor Designs,Cutting Board,Cutting board-47,,1. Home Decor Designs/Cutting Board/SVG/Cutting board-47.svg,1. Home Decor Designs/Cutting Board/PNG/Cutting board-47.png
00080,Home Decor Designs,Cutting Board,Cutting board-48,,1. Home Decor Designs/Cutting Board/SVG/Cutting board-48.svg,1. Home Decor Designs/Cutting Board/PNG/Cutting board-48.png
00081,Home Decor Designs,Cutting Board,Cutting board-49,,1. Home Decor Designs/Cutting Board/SVG/Cutting board-49.svg,1. Home Decor Designs/Cutting Board/PNG/Cutting board-49.png
00082,Home Decor Designs,Cutting Board,Cutting board-50,,1. Home Decor Designs/Cutting Board/SVG/Cutting board-50.svg,1. Home Decor Designs/Cutting Board/PNG/Cutting board-50.png
00083,Home Decor Designs,Door Knob Hanger,Door-knob-hanger-01-SVG,,1. Home Decor Designs/Door Knob Hanger/SVG/Door-knob-hanger-01-SVG.svg,1. Home Decor Designs/Door Knob Hanger/PNG/Door-knob-hanger-01-SVG.png
00084,Home Decor Designs,Door Knob Hanger,Door-knob-hanger-02-SVG,,1. Home Decor Designs/Door Knob Hanger/SVG/Door-knob-hanger-02-SVG.svg,1. Home Decor Designs/Door Knob Hanger/PNG/Door-knob-hanger-02-SVG.png
00085,Home Decor Designs,Door Knob Hanger,Door-knob-hanger-03-SVG,,1. Home Decor Designs/Door Knob Hanger/SVG/Door-knob-hanger-03-SVG.svg,1. Home Decor Designs/Door Knob Hanger/PNG/Door-knob-hanger-03-SVG.png
00086,Home Decor Designs,Door Knob Hanger,Door-knob-hanger-04-SVG,,1. Home Decor Designs/Door Knob Hanger/SVG/Door-knob-hanger-04-SVG.svg,1. Home Decor Designs/Door Knob Hanger/PNG/Door-knob-hanger-04-SVG.png
00087,Home Decor Designs,Door Knob Hanger,Door-knob-hanger-05-SVG,,1. Home Decor Designs/Door Knob Hanger/SVG/Door-knob-hanger-05-SVG.svg,1. Home Decor Designs/Door Knob Hanger/PNG/Door-knob-hanger-05-SVG.png
00088,Home Decor Designs,Door Knob Hanger,Door-knob-hanger-06-SVG,,1. Home Decor Designs/Door Knob Hanger/SVG/Door-knob-hanger-06-SVG.svg,1. Home Decor Designs/Door Knob Hanger/PNG/Door-knob-hanger-06-SVG.png
00089,Home Decor Designs,Door Knob Hanger,Door-knob-hanger-07-SVG,,1. Home Decor Designs/Door Knob Hanger/SVG/Door-knob-hanger-07-SVG.svg,1. Home Decor Designs/Door Knob Hanger/PNG/Door-knob-hanger-07-SVG.png
00090,Home Decor Designs,Door Knob Hanger,Door-knob-hanger-08-SVG,,1. Home Decor Designs/Door Knob Hanger/SVG/Door-knob-hanger-08-SVG.svg,1. Home Decor Designs/Door Knob Hanger/PNG/Door-knob-hanger-08-SVG.png
00091,Home Decor Designs,Door Knob Hanger,Door-knob-hanger-09-SVG,,1. Home Decor Designs/Door Knob Hanger/SVG/Door-knob-hanger-09-SVG.svg,1. Home Decor Designs/Door Knob Hanger/PNG/Door-knob-hanger-09-SVG.png
00092,Home Decor Designs,Door Knob Hanger,Door-knob-hanger-10-SVG,,1. Home Decor Designs/Door Knob Hanger/SVG/Door-knob-hanger-10-SVG.svg,1. Home Decor Designs/Door Knob Hanger/PNG/Door-knob-hanger-10-SVG.png
00093,Home Decor Designs,Door Knob Hanger,Door-knob-hanger-11-SVG,,1. Home Decor Designs/Door Knob Hanger/SVG/Door-knob-hanger-11-SVG.svg,1. Home Decor Designs/Door Knob Hanger/PNG/Door-knob-hanger-11-SVG.png
00094,Home Decor Designs,Door Knob Hanger,Door-knob-hanger-12-SVG,,1. Home Decor Designs/Door Knob Hanger/SVG/Door-knob-hanger-12-SVG.svg,1. Home Decor Designs/Door Knob Hanger/PNG/Door-knob-hanger-12-SVG.png
00095,Home Decor Designs,Door Knob Hanger,Door-knob-hanger-13-SVG,,1. Home Decor Designs/Door Knob Hanger/SVG/Door-knob-hanger-13-SVG.svg,1. Home Decor Designs/Door Knob Hanger/PNG/Door-knob-hanger-13-SVG.png
00096,Home Decor Designs,Door Knob Hanger,Door-knob-hanger-14-SVG,,1. Home Decor Designs/Door Knob Hanger/SVG/Door-knob-hanger-14-SVG.svg,1. Home Decor Designs/Door Knob Hanger/PNG/Door-knob-hanger-14-SVG.png
00097,Home Decor Designs,Door Knob Hanger,Door-knob-hanger-15-SVG,,1. Home Decor Designs/Door Knob Hanger/SVG/Door-knob-hanger-15-SVG.svg,1. Home Decor Designs/Door Knob Hanger/PNG/Door-knob-hanger-15-SVG.png
00098,Home Decor Designs,Door Knob Hanger,Door-knob-hanger-16-SVG,,1. Home Decor Designs/Door Knob Hanger/SVG/Door-knob-hanger-16-SVG.svg,1. Home Decor Designs/Door Knob Hanger/PNG/Door-knob-hanger-16-SVG.png
00099,Home Decor Designs,Door Knob Hanger,Door-knob-hanger-17-SVG,,1. Home Decor Designs/Door Knob Hanger/SVG/Door-knob-hanger-17-SVG.svg,1. Home Decor Designs/Door Knob Hanger/PNG/Door-knob-hanger-17-SVG.png
00100,Home Decor Designs,Door Knob Hanger,Door-knob-hanger-18-SVG,,1. Home Decor Designs/Door Knob Hanger/SVG/Door-knob-hanger-18-SVG.svg,1. Home Decor Designs/Door Knob Hanger/PNG/Door-knob-hanger-18-SVG.png
00101,Home Decor Designs,Door Knob Hanger,Door-knob-hanger-19-SVG,,1. Home Decor Designs/Door Knob Hanger/SVG/Door-knob-hanger-19-SVG.svg,1. Home Decor Designs/Door Knob Hanger/PNG/Door-knob-hanger-19-SVG.png
00102,Home Decor Designs,Door Knob Hanger,Door-knob-hanger-20-SVG,,1. Home Decor Designs/Door Knob Hanger/SVG/Door-knob-hanger-20-SVG.svg,1. Home Decor Designs/Door Knob Hanger/PNG/Door-knob-hanger-20-SVG.png
00103,Home Decor Designs,Door Knob Hanger,Door-knob-hanger-21-SVG,,1. Home Decor Designs/Door Knob Hanger/SVG/Door-knob-hanger-21-SVG.svg,1. Home Decor Designs/Door Knob Hanger/PNG/Door-knob-hanger-21-SVG.png
00104,Home Decor Designs,Door Knob Hanger,Door-knob-hanger-22-SVG,,1. Home Decor Designs/Door Knob Hanger/SVG/Door-knob-hanger-22-SVG.svg,1. Home Decor Designs/Door Knob Hanger/PNG/Door-knob-hanger-22-SVG.png
00105,Home Decor Designs,Door Knob Hanger,Door-knob-hanger-23-SVG,,1. Home Decor Designs/Door Knob Hanger/SVG/Door-knob-hanger-23-SVG.svg,1. Home Decor Designs/Door Knob Hanger/PNG/Door-knob-hanger-23-SVG.png
00106,Home Decor Designs,Door Knob Hanger,Door-knob-hanger-24-SVG,,1. Home Decor Designs/Door Knob Hanger/SVG/Door-knob-hanger-24-SVG.svg,1. Home Decor Designs/Door Knob Hanger/PNG/Door-knob-hanger-24-SVG.png
00107,Home Decor Designs,Door Knob Hanger,Door-knob-hanger-25-SVG,,1. Home Decor Designs/Door Knob Hanger/SVG/Door-knob-hanger-25-SVG.svg,1. Home Decor Designs/Door Knob Hanger/PNG/Door-knob-hanger-25-SVG.png
00108,Home Decor Designs,Door Knob Hanger,Door-knob-hanger-26-SVG,,1. Home Decor Designs/Door Knob Hanger/SVG/Door-knob-hanger-26-SVG.svg,1. Home Decor Designs/Door Knob Hanger/PNG/Door-knob-hanger-26-SVG.png
00109,Home Decor Designs,Door Knob Hanger,Door-knob-hanger-27-SVG,,1. Home Decor Designs/Door Knob Hanger/SVG/Door-knob-hanger-27-SVG.svg,1. Home Decor Designs/Door Knob Hanger/PNG/Door-knob-hanger-27-SVG.png
00110,Home Decor Designs,Door Knob Hanger,Door-knob-hanger-28-SVG,,1. Home Decor Designs/Door Knob Hanger/SVG/Door-knob-hanger-28-SVG.svg,1. Home Decor Designs/Door Knob Hanger/PNG/Door-knob-hanger-28-SVG.png
00111,Home Decor Designs,Door Knob Hanger,Door-knob-hanger-29-SVG,,1. Home Decor Designs/Door Knob Hanger/SVG/Door-knob-hanger-29-SVG.svg,1. Home Decor Designs/Door Knob Hanger/PNG/Door-knob-hanger-29-SVG.png
00112,Home Decor Designs,Door Knob Hanger,Door-knob-hanger-30-SVG,,1. Home Decor Designs/Door Knob Hanger/SVG/Door-knob-hanger-30-SVG.svg,1. Home Decor Designs/Door Knob Hanger/PNG/Door-knob-hanger-30-SVG.png
00113,Home Decor Designs,Door Knob Hanger,Door-knob-hanger-31-SVG,,1. Home Decor Designs/Door Knob Hanger/SVG/Door-knob-hanger-31-SVG.svg,1. Home Decor Designs/Door Knob Hanger/PNG/Door-knob-hanger-31-SVG.png
00114,Home Decor Designs,Door Knob Hanger,Door-knob-hanger-32-SVG,,1. Home Decor Designs/Door Knob Hanger/SVG/Door-knob-hanger-32-SVG.svg,1. Home Decor Designs/Door Knob Hanger/PNG/Door-knob-hanger-32-SVG.png
00115,Home Decor Designs,Door Knob Hanger,Door-knob-hanger-33-SVG,,1. Home Decor Designs/Door Knob Hanger/SVG/Door-knob-hanger-33-SVG.svg,1. Home Decor Designs/Door Knob Hanger/PNG/Door-knob-hanger-33-SVG.png
00116,Home Decor Designs,Door Knob Hanger,Door-knob-hanger-34-SVG,,1. Home Decor Designs/Door Knob Hanger/SVG/Door-knob-hanger-34-SVG.svg,1. Home Decor Designs/Door Knob Hanger/PNG/Door-knob-hanger-34-SVG.png
00117,Home Decor Designs,Flower Box,Flower-Box-Laser-Cut-3.175mm-01-CDR,,1. Home Decor Designs/Flower Box/SVG/Flower-Box-Laser-Cut-3.175mm-01-CDR.svg,1. Home Decor Designs/Flower Box/PNG/Flower-Box-Laser-Cut-3.175mm-01-CDR.png
00118,Home Decor Designs,Flower Box,Flower-Box-Laser-Cut-3.175mm-02-CDR,,1. Home Decor Designs/Flower Box/SVG/Flower-Box-Laser-Cut-3.175mm-02-CDR.svg,1. Home Decor Designs/Flower Box/PNG/Flower-Box-Laser-Cut-3.175mm-02-CDR.png
00119,Home Decor Designs,Flower Box,Flower-Box-Laser-Cut-3.175mm-03-CDR,,1. Home Decor Designs/Flower Box/SVG/Flower-Box-Laser-Cut-3.175mm-03-CDR.svg,1. Home Decor Designs/Flower Box/PNG/Flower-Box-Laser-Cut-3.175mm-03-CDR.png
00120,Home Decor Designs,Flower Box,Flower-Box-Laser-Cut-3.175mm-04-CDR,,1. Home Decor Designs/Flower Box/SVG/Flower-Box-Laser-Cut-3.175mm-04-CDR.svg,1. Home Decor Designs/Flower Box/PNG/Flower-Box-Laser-Cut-3.175mm-04-CDR.png
00121,Home Decor Designs,Flower Box,Flower-Box-Laser-Cut-3.175mm-05-CDR,,1. Home Decor Designs/Flower Box/SVG/Flower-Box-Laser-Cut-3.175mm-05-CDR.svg,1. Home Decor Designs/Flower Box/PNG/Flower-Box-Laser-Cut-3.175mm-05-CDR.png
00122,Home Decor Designs,Flower Box,Flower-Box-Laser-Cut-3mm-01-CDR,,1. Home Decor Designs/Flower Box/SVG/Flower-Box-Laser-Cut-3mm-01-CDR.svg,1. Home Decor Designs/Flower Box/PNG/Flower-Box-Laser-Cut-3mm-01-CDR.png
00123,Home Decor Designs,Flower Box,Flower-Box-Laser-Cut-3mm-02-CDR,,1. Home Decor Designs/Flower Box/SVG/Flower-Box-Laser-Cut-3mm-02-CDR.svg,1. Home Decor Designs/Flower Box/PNG/Flower-Box-Laser-Cut-3mm-02-CDR.png
00124,Home Decor Designs,Flower Box,Flower-Box-Laser-Cut-3mm-03-CDR,,1. Home Decor Designs/Flower Box/SVG/Flower-Box-Laser-Cut-3mm-03-CDR.svg,1. Home Decor Designs/Flower Box/PNG/Flower-Box-Laser-Cut-3mm-03-CDR.png
00125,Home Decor Designs,Flower Box,Flower-Box-Laser-Cut-3mm-04-CDR,,1. Home Decor Designs/Flower Box/SVG/Flower-Box-Laser-Cut-3mm-04-CDR.svg,1. Home Decor Designs/Flower Box/PNG/Flower-Box-Laser-Cut-3mm-04-CDR.png
00126,Home Decor Designs,Flower Box,Flower-Box-Laser-Cut-3mm-05-CDR,,1. Home Decor Designs/Flower Box/SVG/Flower-Box-Laser-Cut-3mm-05-CDR.svg,1. Home Decor Designs/Flower Box/PNG/Flower-Box-Laser-Cut-3mm-05-CDR.png
00127,Home Decor Designs,Flower Word,Flower-word-01-SVG,,1. Home Decor Designs/Flower Word/SVG/Flower-word-01-SVG.svg,1. Home Decor Designs/Flower Word/PNG/Flower-word-01-SVG.png
00128,Home Decor Designs,Flower Word,Flower-word-02-SVG,,1. Home Decor Designs/Flower Word/SVG/Flower-word-02-SVG.svg,1. Home Decor Designs/Flower Word/PNG/Flower-word-02-SVG.png
00129,Home Decor Designs,Flower Word,Flower-word-03-SVG,,1. Home Decor Designs/Flower Word/SVG/Flower-word-03-SVG.svg,1. Home Decor Designs/Flower Word/PNG/Flower-word-03-SVG.png
00130,Home Decor Designs,Flower Word,Flower-word-04-SVG,,1. Home Decor Designs/Flower Word/SVG/Flower-word-04-SVG.svg,1. Home Decor Designs/Flower Word/PNG/Flower-word-04-SVG.png
00131,Home Decor Designs,Flower Word,Flower-word-05-SVG,,1. Home Decor Designs/Flower Word/SVG/Flower-word-05-SVG.svg,1. Home Decor Designs/Flower Word/PNG/Flower-word-05-SVG.png
00132,Home Decor Designs,Flower Word,Flower-word-06-SVG,,1. Home Decor Designs/Flower Word/SVG/Flower-word-06-SVG.svg,1. Home Decor Designs/Flower Word/PNG/Flower-word-06-SVG.png
00133,Home Decor Designs,Flower Word,Flower-word-07-SVG,,1. Home Decor Designs/Flower Word/SVG/Flower-word-07-SVG.svg,1. Home Decor Designs/Flower Word/PNG/Flower-word-07-SVG.png
00134,Home Decor Designs,Flower Word,Flower-word-08-SVG,,1. Home Decor Designs/Flower Word/SVG/Flower-word-08-SVG.svg,1. Home Decor Designs/Flower Word/PNG/Flower-word-08-SVG.png
00135,Home Decor Designs,Flower Word,Flower-word-09-SVG,,1. Home Decor Designs/Flower Word/SVG/Flower-word-09-SVG.svg,1. Home Decor Designs/Flower Word/PNG/Flower-word-09-SVG.png
00136,Home Decor Designs,Flower Word,Flower-word-10-SVG,,1. Home Decor Designs/Flower Word/SVG/Flower-word-10-SVG.svg,1. Home Decor Designs/Flower Word/PNG/Flower-word-10-SVG.png
00137,Home Decor Designs,Keys Holder,key-holder (1),,1. Home Decor Designs/Keys Holder/SVG/key-holder (1).svg,1. Home Decor Designs/Keys Holder/PNG/key-holder (1).png
00138,Home Decor Designs,Keys Holder,key-holder (2),,1. Home Decor Designs/Keys Holder/SVG/key-holder (2).svg,1. Home Decor Designs/Keys Holder/PNG/key-holder (2).png
00139,Home Decor Designs,Keys Holder,key-holder (3),,1. Home Decor Designs/Keys Holder/SVG/key-holder (3).svg,1. Home Decor Designs/Keys Holder/PNG/key-holder (3).png
00140,Home Decor Designs,Keys Holder,key-holder (4),,1. Home Decor Designs/Keys Holder/SVG/key-holder (4).svg,1. Home Decor Designs/Keys Holder/PNG/key-holder (4).png
00141,Home Decor Designs,Keys Holder,key-holder (5),,1. Home Decor Designs/Keys Holder/SVG/key-holder (5).svg,1. Home Decor Designs/Keys Holder/PNG/key-holder (5).png
00142,Home Decor Designs,Keys Holder,key-holder (6),,1. Home Decor Designs/Keys Holder/SVG/key-holder (6).svg,1. Home Decor Designs/Keys Holder/PNG/key-holder (6).png
00143,Home Decor Designs,Keys Holder,key-holder (7),,1. Home Decor Designs/Keys Holder/SVG/key-holder (7).svg,1. Home Decor Designs/Keys Holder/PNG/key-holder (7).png
00144,Home Decor Designs,Keys Holder,key-holder (8),,1. Home Decor Designs/Keys Holder/SVG/key-holder (8).svg,1. Home Decor Designs/Keys Holder/PNG/key-holder (8).png
00145,Home Decor Designs,Kitchen-Conversions,Kitchen-Conversions-01-SVG,,1. Home Decor Designs/Kitchen-Conversions/SVG/Kitchen-Conversions-01-SVG.svg,1. Home Decor Designs/Kitchen-Conversions/PNG/Kitchen-Conversions-01-SVG.png
00146,Home Decor Designs,Kitchen-Conversions,Kitchen-Conversions-02-SVG,,1. Home Decor Designs/Kitchen-Conversions/SVG/Kitchen-Conversions-02-SVG.svg,1. Home Decor Designs/Kitchen-Conversions/PNG/Kitchen-Conversions-02-SVG.png
00147,Home Decor Designs,Kitchen-Conversions,Kitchen-Conversions-03-SVG,,1. Home Decor Designs/Kitchen-Conversions/SVG/Kitchen-Conversions-03-SVG.svg,1. Home Decor Designs/Kitchen-Conversions/PNG/Kitchen-Conversions-03-SVG.png
00148,Home Decor Designs,Kitchen-Conversions,Kitchen-Conversions-04-SVG,,1. Home Decor Designs/Kitchen-Conversions/SVG/Kitchen-Conversions-04-SVG.svg,1. Home Decor Designs/Kitchen-Conversions/PNG/Kitchen-Conversions-04-SVG.png
00149,Home Decor Designs,Kitchen-Conversions,Kitchen-Conversions-05-SVG,,1. Home Decor Designs/Kitchen-Conversions/SVG/Kitchen-Conversions-05-SVG.svg,1. Home Decor Designs/Kitchen-Conversions/PNG/Kitchen-Conversions-05-SVG.png
00150,Home Decor Designs,Kitchen-Conversions,Kitchen-Conversions-06-SVG,,1. Home Decor Designs/Kitchen-Conversions/SVG/Kitchen-Conversions-06-SVG.svg,1. Home Decor Designs/Kitchen-Conversions/PNG/Kitchen-Conversions-06-SVG.png
00151,Home Decor Designs,Kitchen-Conversions,Kitchen-Conversions-07-SVG,,1. Home Decor Designs/Kitchen-Conversions/SVG/Kitchen-Conversions-07-SVG.svg,1. Home Decor Designs/Kitchen-Conversions/PNG/Kitchen-Conversions-07-SVG.png
00152,Home Decor Designs,Kitchen-Conversions,Kitchen-Conversions-08-SVG,,1. Home Decor Designs/Kitchen-Conversions/SVG/Kitchen-Conversions-08-SVG.svg,1. Home Decor Designs/Kitchen-Conversions/PNG/Kitchen-Conversions-08-SVG.png
00153,Home Decor Designs,Kitchen-Conversions,Kitchen-Conversions-09-SVG,,1. Home Decor Designs/Kitchen-Conversions/SVG/Kitchen-Conversions-09-SVG.svg,1. Home Decor Designs/Kitchen-Conversions/PNG/Kitchen-Conversions-09-SVG.png
00154,Home Decor Designs,Kitchen-Conversions,Kitchen-Conversions-10-SVG,,1. Home Decor Designs/Kitchen-Conversions/SVG/Kitchen-Conversions-10-SVG.svg,1. Home Decor Designs/Kitchen-Conversions/PNG/Kitchen-Conversions-10-SVG.png
00155,Home Decor Designs,Panels Decorative,Panel01,,1. Home Decor Designs/Panels Decorative/SVG/Panel01.svg,1. Home Decor Designs/Panels Decorative/PNG/Panel01.png
00156,Home Decor Designs,Panels Decorative,Panel02,,1. Home Decor Designs/Panels Decorative/SVG/Panel02.svg,1. Home Decor Designs/Panels Decorative/PNG/Panel02.png
00157,Home Decor Designs,Panels Decorative,Panel03,,1. Home Decor Designs/Panels Decorative/SVG/Panel03.svg,1. Home Decor Designs/Panels Decorative/PNG/Panel03.png
00158,Home Decor Designs,Panels Decorative,Panel04,,1. Home Decor Designs/Panels Decorative/SVG/Panel04.svg,1. Home Decor Designs/Panels Decorative/PNG/Panel04.png
00159,Home Decor Designs,Panels Decorative,Panel05,,1. Home Decor Designs/Panels Decorative/SVG/Panel05.svg,1. Home Decor Designs/Panels Decorative/PNG/Panel05.png
00160,Home Decor Designs,Panels Decorative,Panel06,,1. Home Decor Designs/Panels Decorative/SVG/Panel06.svg,1. Home Decor Designs/Panels Decorative/PNG/Panel06.png
00161,Home Decor Designs,Panels Decorative,Panel07,,1. Home Decor Designs/Panels Decorative/SVG/Panel07.svg,1. Home Decor Designs/Panels Decorative/PNG/Panel07.png
00162,Home Decor Designs,Panels Decorative,Panel08,,1. Home Decor Designs/Panels Decorative/SVG/Panel08.svg,1. Home Decor Designs/Panels Decorative/PNG/Panel08.png
00163,Home Decor Designs,Panels Decorative,Panel09,,1. Home Decor Designs/Panels Decorative/SVG/Panel09.svg,1. Home Decor Designs/Panels Decorative/PNG/Panel09.png
00164,Home Decor Designs,Panels Decorative,Panel10,,1. Home Decor Designs/Panels Decorative/SVG/Panel10.svg,1. Home Decor Designs/Panels Decorative/PNG/Panel10.png
00165,Home Decor Designs,Panels Decorative,Panel11,,1. Home Decor Designs/Panels Decorative/SVG/Panel11.svg,1. Home Decor Designs/Panels Decorative/PNG/Panel11.png
00166,Home Decor Designs,Panels Decorative,Panel12,,1. Home Decor Designs/Panels Decorative/SVG/Panel12.svg,1. Home Decor Designs/Panels Decorative/PNG/Panel12.png
00167,Home Decor Designs,Panels Decorative,Panel13,,1. Home Decor Designs/Panels Decorative/SVG/Panel13.svg,1. Home Decor Designs/Panels Decorative/PNG/Panel13.png
00168,Home Decor Designs,Panels Decorative,Panel14,,1. Home Decor Designs/Panels Decorative/SVG/Panel14.svg,1. Home Decor Designs/Panels Decorative/PNG/Panel14.png
00169,Home Decor Designs,Panels Decorative,Panel15,,1. Home Decor Designs/Panels Decorative/SVG/Panel15.svg,1. Home Decor Designs/Panels Decorative/PNG/Panel15.png
00170,Home Decor Designs,Panels Decorative,Panel16,,1. Home Decor Designs/Panels Decorative/SVG/Panel16.svg,1. Home Decor Designs/Panels Decorative/PNG/Panel16.png
00171,Home Decor Designs,Panels Decorative,Panel17,,1. Home Decor Designs/Panels Decorative/SVG/Panel17.svg,1. Home Decor Designs/Panels Decorative/PNG/Panel17.png
00172,Home Decor Designs,Panels Decorative,Panel18,,1. Home Decor Designs/Panels Decorative/SVG/Panel18.svg,1. Home Decor Designs/Panels Decorative/PNG/Panel18.png
00173,Home Decor Designs,Panels Decorative,Panel19,,1. Home Decor Designs/Panels Decorative/SVG/Panel19.svg,1. Home Decor Designs/Panels Decorative/PNG/Panel19.png
00174,Home Decor Designs,Panels Decorative,Panel20,,1. Home Decor Designs/Panels Decorative/SVG/Panel20.svg,1. Home Decor Designs/Panels Decorative/PNG/Panel20.png
00175,Home Decor Designs,Panels Partitions Screens,Panel01,,1. Home Decor Designs/Panels Partitions Screens/SVG/Panel01.svg,1. Home Decor Designs/Panels Partitions Screens/PNG/Panel01.png
00176,Home Decor Designs,Panels Partitions Screens,Panel02,,1. Home Decor Designs/Panels Partitions Screens/SVG/Panel02.svg,1. Home Decor Designs/Panels Partitions Screens/PNG/Panel02.png
00177,Home Decor Designs,Panels Partitions Screens,Panel03,,1. Home Decor Designs/Panels Partitions Screens/SVG/Panel03.svg,1. Home Decor Designs/Panels Partitions Screens/PNG/Panel03.png
00178,Home Decor Designs,Panels Partitions Screens,Panel04,,1. Home Decor Designs/Panels Partitions Screens/SVG/Panel04.svg,1. Home Decor Designs/Panels Partitions Screens/PNG/Panel04.png
00179,Home Decor Designs,Panels Partitions Screens,Panel05,,1. Home Decor Designs/Panels Partitions Screens/SVG/Panel05.svg,1. Home Decor Designs/Panels Partitions Screens/PNG/Panel05.png
00180,Home Decor Designs,Panels Partitions Screens,Panel06,,1. Home Decor Designs/Panels Partitions Screens/SVG/Panel06.svg,1. Home Decor Designs/Panels Partitions Screens/PNG/Panel06.png
00181,Home Decor Designs,Panels Partitions Screens,Panel07,,1. Home Decor Designs/Panels Partitions Screens/SVG/Panel07.svg,1. Home Decor Designs/Panels Partitions Screens/PNG/Panel07.png
00182,Home Decor Designs,Panels Partitions Screens,Panel08,,1. Home Decor Designs/Panels Partitions Screens/SVG/Panel08.svg,1. Home Decor Designs/Panels Partitions Screens/PNG/Panel08.png
00183,Home Decor Designs,Panels Partitions Screens,Panel09,,1. Home Decor Designs/Panels Partitions Screens/SVG/Panel09.svg,1. Home Decor Designs/Panels Partitions Screens/PNG/Panel09.png
00184,Home Decor Designs,Panels Partitions Screens,Panel10,,1. Home Decor Designs/Panels Partitions Screens/SVG/Panel10.svg,1. Home Decor Designs/Panels Partitions Screens/PNG/Panel10.png
00185,Home Decor Designs,Panels Partitions Screens,Panel11,,1. Home Decor Designs/Panels Partitions Screens/SVG/Panel11.svg,1. Home Decor Designs/Panels Partitions Screens/PNG/Panel11.png
00186,Home Decor Designs,Panels Partitions Screens,Panel12,,1. Home Decor Designs/Panels Partitions Screens/SVG/Panel12.svg,1. Home Decor Designs/Panels Partitions Screens/PNG/Panel12.png
00187,Home Decor Designs,Panels Partitions Screens,Panel13,,1. Home Decor Designs/Panels Partitions Screens/SVG/Panel13.svg,1. Home Decor Designs/Panels Partitions Screens/PNG/Panel13.png
00188,Home Decor Designs,Panels Partitions Screens,Panel14,,1. Home Decor Designs/Panels Partitions Screens/SVG/Panel14.svg,1. Home Decor Designs/Panels Partitions Screens/PNG/Panel14.png
00189,Home Decor Designs,Panels Partitions Screens,Panel15,,1. Home Decor Designs/Panels Partitions Screens/SVG/Panel15.svg,1. Home Decor Designs/Panels Partitions Screens/PNG/Panel15.png
00190,Home Decor Designs,Pizza Cutter,Pizza cutter-01 SVG,,1. Home Decor Designs/Pizza Cutter/SVG/Pizza cutter-01 SVG.svg,1. Home Decor Designs/Pizza Cutter/PNG/Pizza cutter-01 SVG.png
00191,Home Decor Designs,Pizza Cutter,Pizza cutter-02 SVG,,1. Home Decor Designs/Pizza Cutter/SVG/Pizza cutter-02 SVG.svg,1. Home Decor Designs/Pizza Cutter/PNG/Pizza cutter-02 SVG.png
00192,Home Decor Designs,Pizza Cutter,Pizza cutter-03 SVG,,1. Home Decor Designs/Pizza Cutter/SVG/Pizza cutter-03 SVG.svg,1. Home Decor Designs/Pizza Cutter/PNG/Pizza cutter-03 SVG.png
00193,Home Decor Designs,Pizza Cutter,Pizza cutter-04 SVG,,1. Home Decor Designs/Pizza Cutter/SVG/Pizza cutter-04 SVG.svg,1. Home Decor Designs/Pizza Cutter/PNG/Pizza cutter-04 SVG.png
00194,Home Decor Designs,Table Placemat,table-placemat-01-SVG,,1. Home Decor Designs/Table Placemat/SVG/table-placemat-01-SVG.svg,1. Home Decor Designs/Table Placemat/PNG/table-placemat-01-SVG.png
00195,Home Decor Designs,Table Placemat,table-placemat-02-SVG,,1. Home Decor Designs/Table Placemat/SVG/table-placemat-02-SVG.svg,1. Home Decor Designs/Table Placemat/PNG/table-placemat-02-SVG.png
00196,Home Decor Designs,Table Placemat,table-placemat-03-SVG,,1. Home Decor Designs/Table Placemat/SVG/table-placemat-03-SVG.svg,1. Home Decor Designs/Table Placemat/PNG/table-placemat-03-SVG.png
00197,Home Decor Designs,Table Placemat,table-placemat-04-SVG,,1. Home Decor Designs/Table Placemat/SVG/table-placemat-04-SVG.svg,1. Home Decor Designs/Table Placemat/PNG/table-placemat-04-SVG.png
00198,Home Decor Designs,Table Placemat,table-placemat-05-SVG,,1. Home Decor Designs/Table Placemat/SVG/table-placemat-05-SVG.svg,1. Home Decor Designs/Table Placemat/PNG/table-placemat-05-SVG.png
00199,Home Decor Designs,Table Placemat,table-placemat-06-SVG,,1. Home Decor Designs/Table Placemat/SVG/table-placemat-06-SVG.svg,1. Home Decor Designs/Table Placemat/PNG/table-placemat-06-SVG.png
00200,Home Decor Designs,Table Placemat,table-placemat-07-SVG,,1. Home Decor Designs/Table Placemat/SVG/table-placemat-07-SVG.svg,1. Home Decor Designs/Table Placemat/PNG/table-placemat-07-SVG.png
00201,Home Decor Designs,Table Placemat,table-placemat-08-SVG,,1. Home Decor Designs/Table Placemat/SVG/table-placemat-08-SVG.svg,1. Home Decor Designs/Table Placemat/PNG/table-placemat-08-SVG.png
00202,Home Decor Designs,Table Placemat,table-placemat-09-SVG,,1. Home Decor Designs/Table Placemat/SVG/table-placemat-09-SVG.svg,1. Home Decor Designs/Table Placemat/PNG/table-placemat-09-SVG.png
00203,Home Decor Designs,Table Placemat,table-placemat-10-SVG,,1. Home Decor Designs/Table Placemat/SVG/table-placemat-10-SVG.svg,1. Home Decor Designs/Table Placemat/PNG/table-placemat-10-SVG.png
00204,Home Decor Designs,Welcome Home,Asset 1,,1. Home Decor Designs/Welcome Home/SVG/Asset 1.svg,1. Home Decor Designs/Welcome Home/PNG/Asset 1.png
00205,Home Decor Designs,Welcome Home,Asset 10,,1. Home Decor Designs/Welcome Home/SVG/Asset 10.svg,1. Home Decor Designs/Welcome Home/PNG/Asset 10.png
00206,Home Decor Designs,Welcome Home,Asset 2,,1. Home Decor Designs/Welcome Home/SVG/Asset 2.svg,1. Home Decor Designs/Welcome Home/PNG/Asset 2.png
00207,Home Decor Designs,Welcome Home,Asset 3,,1. Home Decor Designs/Welcome Home/SVG/Asset 3.svg,1. Home Decor Designs/Welcome Home/PNG/Asset 3.png
00208,Home Decor Designs,Welcome Home,Asset 4,,1. Home Decor Designs/Welcome Home/SVG/Asset 4.svg,1. Home Decor Designs/Welcome Home/PNG/Asset 4.png
00209,Home Decor Designs,Welcome Home,Asset 5,,1. Home Decor Designs/Welcome Home/SVG/Asset 5.svg,1. Home Decor Designs/Welcome Home/PNG/Asset 5.png
00210,Home Decor Designs,Welcome Home,Asset 6,,1. Home Decor Designs/Welcome Home/SVG/Asset 6.svg,1. Home Decor Designs/Welcome Home/PNG/Asset 6.png
00211,Home Decor Designs,Welcome Home,Asset 7,,1. Home Decor Designs/Welcome Home/SVG/Asset 7.svg,1. Home Decor Designs/Welcome Home/PNG/Asset 7.png
00212,Home Decor Designs,Welcome Home,Asset 8,,1. Home Decor Designs/Welcome Home/SVG/Asset 8.svg,1. Home Decor Designs/Welcome Home/PNG/Asset 8.png
00213,Home Decor Designs,Welcome Home,Asset 9,,1. Home Decor Designs/Welcome Home/SVG/Asset 9.svg,1. Home Decor Designs/Welcome Home/PNG/Asset 9.png
00214,Home Decor Designs,Wood Lamp,Wood-Lamp-3mm--Bottom-1-SVG,,1. Home Decor Designs/Wood Lamp/Wood Lamp_1/SVG/Wood-Lamp-3mm--Bottom-1-SVG.svg,1. Home Decor Designs/Wood Lamp/Wood Lamp_1/PNG/Wood-Lamp-3mm--Bottom-1-SVG.png
00215,Home Decor Designs,Wood Lamp,Wood-Lamp-3mm-Lamp-high-1-SVG,,1. Home Decor Designs/Wood Lamp/Wood Lamp_1/SVG/Wood-Lamp-3mm-Lamp-high-1-SVG.svg,1. Home Decor Designs/Wood Lamp/Wood Lamp_1/PNG/Wood-Lamp-3mm-Lamp-high-1-SVG.png
00216,Home Decor Designs,Wood Lamp,Wood-Lamp-3mm-Lamp-middle-1-SVG,,1. Home Decor Designs/Wood Lamp/Wood Lamp_1/SVG/Wood-Lamp-3mm-Lamp-middle-1-SVG.svg,1. Home Decor Designs/Wood Lamp/Wood Lamp_1/PNG/Wood-Lamp-3mm-Lamp-middle-1-SVG.png
00217,Home Decor Designs,Wood Lamp,Wood-Lamp-3mm-Lamp-small-1-SVG,,1. Home Decor Designs/Wood Lamp/Wood Lamp_1/SVG/Wood-Lamp-3mm-Lamp-small-1-SVG.svg,1. Home Decor Designs/Wood Lamp/Wood Lamp_1/PNG/Wood-Lamp-3mm-Lamp-small-1-SVG.png
00218,Home Decor Designs,Wood Lamp,Wood-Lamp-3mm-Roof-1-SVG,,1. Home Decor Designs/Wood Lamp/Wood Lamp_1/SVG/Wood-Lamp-3mm-Roof-1-SVG.svg,1. Home Decor Designs/Wood Lamp/Wood Lamp_1/PNG/Wood-Lamp-3mm-Roof-1-SVG.png
00219,Home Decor Designs,Wood Lamp,Wood-Lamp-3mm-Bottom-2-SVG,,1. Home Decor Designs/Wood Lamp/Wood Lamp_2/SVG/Wood-Lamp-3mm-Bottom-2-SVG.svg,1. Home Decor Designs/Wood Lamp/Wood Lamp_2/PNG/Wood-Lamp-3mm-Bottom-2-SVG.png
00220,Home Decor Designs,Wood Lamp,Wood-Lamp-3mm-Lamp-high-2-SVG,,1. Home Decor Designs/Wood Lamp/Wood Lamp_2/SVG/Wood-Lamp-3mm-Lamp-high-2-SVG.svg,1. Home Decor Designs/Wood Lamp/Wood Lamp_2/PNG/Wood-Lamp-3mm-Lamp-high-2-SVG.png
00221,Home Decor Designs,Wood Lamp,Wood-Lamp-3mm-Lamp-middle-2-SVG,,1. Home Decor Designs/Wood Lamp/Wood Lamp_2/SVG/Wood-Lamp-3mm-Lamp-middle-2-SVG.svg,1. Home Decor Designs/Wood Lamp/Wood Lamp_2/PNG/Wood-Lamp-3mm-Lamp-middle-2-SVG.png
00222,Home Decor Designs,Wood Lamp,Wood-Lamp-3mm-Lamp-small-2-SVG,,1. Home Decor Designs/Wood Lamp/Wood Lamp_2/SVG/Wood-Lamp-3mm-Lamp-small-2-SVG.svg,1. Home Decor Designs/Wood Lamp/Wood Lamp_2/PNG/Wood-Lamp-3mm-Lamp-small-2-SVG.png
00223,Home Decor Designs,Wood Lamp,Wood-Lamp-3mm-Roof-2-SVG,,1. Home Decor Designs/Wood Lamp/Wood Lamp_2/SVG/Wood-Lamp-3mm-Roof-2-SVG.svg,1. Home Decor Designs/Wood Lamp/Wood Lamp_2/PNG/Wood-Lamp-3mm-Roof-2-SVG.png
00224,Home Decor Designs,Wood Lamp,Wood-Lamp-3mm-Bottom-3-CDR,,1. Home Decor Designs/Wood Lamp/Wood Lamp_3/SVG/Wood-Lamp-3mm-Bottom-3-CDR.svg,1. Home Decor Designs/Wood Lamp/Wood Lamp_3/PNG/Wood-Lamp-3mm-Bottom-3-CDR.png
00225,Home Decor Designs,Wood Lamp,Wood-Lamp-3mm-Bottom-4-SVG,,1. Home Decor Designs/Wood Lamp/Wood Lamp_4/SVG/Wood-Lamp-3mm-Bottom-4-SVG.svg,1. Home Decor Designs/Wood Lamp/Wood Lamp_4/PNG/Wood-Lamp-3mm-Bottom-4-SVG.png
00226,Home Decor Designs,Wood Lamp,Wood-Lamp-3mm-Lamp-high-4-SVG,,1. Home Decor Designs/Wood Lamp/Wood Lamp_4/SVG/Wood-Lamp-3mm-Lamp-high-4-SVG.svg,1. Home Decor Designs/Wood Lamp/Wood Lamp_4/PNG/Wood-Lamp-3mm-Lamp-high-4-SVG.png
00227,Home Decor Designs,Wood Lamp,Wood-Lamp-3mm-Lamp-middle-4-SVG,,1. Home Decor Designs/Wood Lamp/Wood Lamp_4/SVG/Wood-Lamp-3mm-Lamp-middle-4-SVG.svg,1. Home Decor Designs/Wood Lamp/Wood Lamp_4/PNG/Wood-Lamp-3mm-Lamp-middle-4-SVG.png
00228,Home Decor Designs,Wood Lamp,Wood-Lamp-3mm-Lamp-small-4-SVG,,1. Home Decor Designs/Wood Lamp/Wood Lamp_4/SVG/Wood-Lamp-3mm-Lamp-small-4-SVG.svg,1. Home Decor Designs/Wood Lamp/Wood Lamp_4/PNG/Wood-Lamp-3mm-Lamp-small-4-SVG.png
00229,Home Decor Designs,Wood Lamp,Wood-Lamp-3mm-Roof-4-SVG,,1. Home Decor Designs/Wood Lamp/Wood Lamp_4/SVG/Wood-Lamp-3mm-Roof-4-SVG.svg,1. Home Decor Designs/Wood Lamp/Wood Lamp_4/PNG/Wood-Lamp-3mm-Roof-4-SVG.png
00230,Outdoor Designs,Door Gates,001,,10. Outdoor Designs/Door Gates/1-20 door/door 001CPL/001.svg,10. Outdoor Designs/Door Gates/1-20 door/door 001CPL/001.png
00231,Outdoor Designs,Door Gates,019,,10. Outdoor Designs/Door Gates/1-20 door/door 019CPL/019.svg,10. Outdoor Designs/Door Gates/1-20 door/door 019CPL/019.png
00232,Outdoor Designs,Door Gates,104,,10. Outdoor Designs/Door Gates/101-120 door/door 104CPL/104.svg,10. Outdoor Designs/Door Gates/101-120 door/door 104CPL/104.png
00233,Outdoor Designs,Door Gates,106,,10. Outdoor Designs/Door Gates/101-120 door/door 106CPL/106.svg,10. Outdoor Designs/Door Gates/101-120 door/door 106CPL/106.png
00234,Outdoor Designs,Door Gates,112,,10. Outdoor Designs/Door Gates/101-120 door/door 112CPL/112.svg,10. Outdoor Designs/Door Gates/101-120 door/door 112CPL/112.png
00235,Outdoor Designs,Door Gates,113,,10. Outdoor Designs/Door Gates/101-120 door/door 113CPL/113.svg,10. Outdoor Designs/Door Gates/101-120 door/door 113CPL/113.png
00236,Outdoor Designs,Door Gates,114,,10. Outdoor Designs/Door Gates/101-120 door/door 114CPL/114.svg,10. Outdoor Designs/Door Gates/101-120 door/door 114CPL/114.png
00237,Outdoor Designs,Door Gates,116,,10. Outdoor Designs/Door Gates/101-120 door/door 116CPL/116.svg,10. Outdoor Designs/Door Gates/101-120 door/door 116CPL/116.png
00238,Outdoor Designs,Door Gates,117,,10. Outdoor Designs/Door Gates/101-120 door/door 117CPL/117.svg,10. Outdoor Designs/Door Gates/101-120 door/door 117CPL/117.png
00239,Outdoor Designs,Door Gates,118,,10. Outdoor Designs/Door Gates/101-120 door/door 118CPL/118.svg,10. Outdoor Designs/Door Gates/101-120 door/door 118CPL/118.png
00240,Outdoor Designs,Door Gates,119,,10. Outdoor Designs/Door Gates/101-120 door/door 119CPL/119.svg,10. Outdoor Designs/Door Gates/101-120 door/door 119CPL/119.png
00241,Outdoor Designs,Door Gates,120,,10. Outdoor Designs/Door Gates/101-120 door/door 120CPL/120.svg,10. Outdoor Designs/Door Gates/101-120 door/door 120CPL/120.png
00242,Outdoor Designs,Door Gates,121,,10. Outdoor Designs/Door Gates/121-150 door/door 121CPL/121.svg,10. Outdoor Designs/Door Gates/121-150 door/door 121CPL/121.png
00243,Outdoor Designs,Door Gates,123,,10. Outdoor Designs/Door Gates/121-150 door/door 123CPL/123.svg,10. Outdoor Designs/Door Gates/121-150 door/door 123CPL/123.png
00244,Outdoor Designs,Door Gates,124,,10. Outdoor Designs/Door Gates/121-150 door/door 124CPL/124.svg,10. Outdoor Designs/Door Gates/121-150 door/door 124CPL/124.png
00245,Outdoor Designs,Door Gates,126,,10. Outdoor Designs/Door Gates/121-150 door/door 126CPL/126.svg,10. Outdoor Designs/Door Gates/121-150 door/door 126CPL/126.png
00246,Outdoor Designs,Door Gates,127,,10. Outdoor Designs/Door Gates/121-150 door/door 127CPL/127.svg,10. Outdoor Designs/Door Gates/121-150 door/door 127CPL/127.png
00247,Outdoor Designs,Door Gates,128,,10. Outdoor Designs/Door Gates/121-150 door/door 128CPL/128.svg,10. Outdoor Designs/Door Gates/121-150 door/door 128CPL/128.png
00248,Outdoor Designs,Door Gates,131,,10. Outdoor Designs/Door Gates/121-150 door/door 131CPL/131.svg,10. Outdoor Designs/Door Gates/121-150 door/door 131CPL/131.png
00249,Outdoor Designs,Door Gates,132,,10. Outdoor Designs/Door Gates/121-150 door/door 132CPL/132.svg,10. Outdoor Designs/Door Gates/121-150 door/door 132CPL/132.png
00250,Outdoor Designs,Door Gates,133,,10. Outdoor Designs/Door Gates/121-150 door/door 133CPL/133.svg,10. Outdoor Designs/Door Gates/121-150 door/door 133CPL/133.png
00251,Outdoor Designs,Door Gates,137,,10. Outdoor Designs/Door Gates/121-150 door/door 137CPL/137.svg,10. Outdoor Designs/Door Gates/121-150 door/door 137CPL/137.png
00252,Outdoor Designs,Door Gates,140,,10. Outdoor Designs/Door Gates/121-150 door/door 140CPL/140.svg,10. Outdoor Designs/Door Gates/121-150 door/door 140CPL/140.png
00253,Outdoor Designs,Door Gates,143,,10. Outdoor Designs/Door Gates/121-150 door/door 143CPL/143.svg,10. Outdoor Designs/Door Gates/121-150 door/door 143CPL/143.png
00254,Outdoor Designs,Door Gates,145,,10. Outdoor Designs/Door Gates/121-150 door/door 145CPL/145.svg,10. Outdoor Designs/Door Gates/121-150 door/door 145CPL/145.png
00255,Outdoor Designs,Door Gates,147,,10. Outdoor Designs/Door Gates/121-150 door/door 147CPL/147.svg,10. Outdoor Designs/Door Gates/121-150 door/door 147CPL/147.png
00256,Outdoor Designs,Door Gates,149,,10. Outdoor Designs/Door Gates/121-150 door/door 149CPL/149.svg,10. Outdoor Designs/Door Gates/121-150 door/door 149CPL/149.png
00257,Outdoor Designs,Door Gates,021,,10. Outdoor Designs/Door Gates/21-40 door/door 021CPL/021.svg,10. Outdoor Designs/Door Gates/21-40 door/door 021CPL/021.png
00258,Outdoor Designs,Door Gates,022,,10. Outdoor Designs/Door Gates/21-40 door/door 022CPL/022.svg,10. Outdoor Designs/Door Gates/21-40 door/door 022CPL/022.png
00259,Outdoor Designs,Door Gates,023,,10. Outdoor Designs/Door Gates/21-40 door/door 023CPL/023.svg,10. Outdoor Designs/Door Gates/21-40 door/door 023CPL/023.png
00260,Outdoor Designs,Door Gates,024,,10. Outdoor Designs/Door Gates/21-40 door/door 024CPL/024.svg,10. Outdoor Designs/Door Gates/21-40 door/door 024CPL/024.png
00261,Outdoor Designs,Door Gates,025,,10. Outdoor Designs/Door Gates/21-40 door/door 025CPL/025.svg,10. Outdoor Designs/Door Gates/21-40 door/door 025CPL/025.png
00262,Outdoor Designs,Door Gates,026,,10. Outdoor Designs/Door Gates/21-40 door/door 026CPL/026.svg,10. Outdoor Designs/Door Gates/21-40 door/door 026CPL/026.png
00263,Outdoor Designs,Door Gates,030,,10. Outdoor Designs/Door Gates/21-40 door/door 030CPL/030.svg,10. Outdoor Designs/Door Gates/21-40 door/door 030CPL/030.png
00264,Outdoor Designs,Door Gates,035,,10. Outdoor Designs/Door Gates/21-40 door/door 035CPL/035.svg,10. Outdoor Designs/Door Gates/21-40 door/door 035CPL/035.png
00265,Outdoor Designs,Door Gates,041,,10. Outdoor Designs/Door Gates/41-60 door/door 041CPL/041.svg,10. Outdoor Designs/Door Gates/41-60 door/door 041CPL/041.png
00266,Outdoor Designs,Door Gates,042,,10. Outdoor Designs/Door Gates/41-60 door/door 042CPL/042.svg,10. Outdoor Designs/Door Gates/41-60 door/door 042CPL/042.png
00267,Outdoor Designs,Door Gates,044,,10. Outdoor Designs/Door Gates/41-60 door/door 044CPL/044.svg,10. Outdoor Designs/Door Gates/41-60 door/door 044CPL/044.png
00268,Outdoor Designs,Door Gates,045,,10. Outdoor Designs/Door Gates/41-60 door/door 045CPL/045.svg,10. Outdoor Designs/Door Gates/41-60 door/door 045CPL/045.png
00269,Outdoor Designs,Door Gates,047,,10. Outdoor Designs/Door Gates/41-60 door/door 047CPL/047.svg,10. Outdoor Designs/Door Gates/41-60 door/door 047CPL/047.png
00270,Outdoor Designs,Door Gates,048,,10. Outdoor Designs/Door Gates/41-60 door/door 048CPL/048.svg,10. Outdoor Designs/Door Gates/41-60 door/door 048CPL/048.png
00271,Outdoor Designs,Door Gates,049,,10. Outdoor Designs/Door Gates/41-60 door/door 049CPL/049.svg,10. Outdoor Designs/Door Gates/41-60 door/door 049CPL/049.png
00272,Outdoor Designs,Door Gates,054,,10. Outdoor Designs/Door Gates/41-60 door/door 054CPL/054.svg,10. Outdoor Designs/Door Gates/41-60 door/door 054CPL/054.png
00273,Outdoor Designs,Door Gates,055,,10. Outdoor Designs/Door Gates/41-60 door/door 055CPL/055.svg,10. Outdoor Designs/Door Gates/41-60 door/door 055CPL/055.png
00274,Outdoor Designs,Door Gates,056,,10. Outdoor Designs/Door Gates/41-60 door/door 056CPL/056.svg,10. Outdoor Designs/Door Gates/41-60 door/door 056CPL/056.png
00275,Outdoor Designs,Door Gates,057,,10. Outdoor Designs/Door Gates/41-60 door/door 057CPL/057.svg,10. Outdoor Designs/Door Gates/41-60 door/door 057CPL/057.png
00276,Outdoor Designs,Door Gates,060,,10. Outdoor Designs/Door Gates/41-60 door/door 060CPL/060.svg,10. Outdoor Designs/Door Gates/41-60 door/door 060CPL/060.png
00277,Outdoor Designs,Door Gates,061,,10. Outdoor Designs/Door Gates/61-80 door/door 061CPL/061.svg,10. Outdoor Designs/Door Gates/61-80 door/door 061CPL/061.png
00278,Outdoor Designs,Door Gates,064,,10. Outdoor Designs/Door Gates/61-80 door/door 064CPL/064.svg,10. Outdoor Designs/Door Gates/61-80 door/door 064CPL/064.png
00279,Outdoor Designs,Door Gates,066,,10. Outdoor Designs/Door Gates/61-80 door/door 066CPL/066.svg,10. Outdoor Designs/Door Gates/61-80 door/door 066CPL/066.png
00280,Outdoor Designs,Door Gates,070,,10. Outdoor Designs/Door Gates/61-80 door/door 070CPL/070.svg,10. Outdoor Designs/Door Gates/61-80 door/door 070CPL/070.png
00281,Outdoor Designs,Door Gates,072,,10. Outdoor Designs/Door Gates/61-80 door/door 072CPL/072.svg,10. Outdoor Designs/Door Gates/61-80 door/door 072CPL/072.png
00282,Outdoor Designs,Door Gates,073,,10. Outdoor Designs/Door Gates/61-80 door/door 073CPL/073.svg,10. Outdoor Designs/Door Gates/61-80 door/door 073CPL/073.png
00283,Outdoor Designs,Door Gates,078,,10. Outdoor Designs/Door Gates/61-80 door/door 078CPL/078.svg,10. Outdoor Designs/Door Gates/61-80 door/door 078CPL/078.png
00284,Outdoor Designs,Door Gates,080,,10. Outdoor Designs/Door Gates/61-80 door/door 080CPL/080.svg,10. Outdoor Designs/Door Gates/61-80 door/door 080CPL/080.png
00285,Outdoor Designs,Door Gates,082,,10. Outdoor Designs/Door Gates/81-100 door/door 082CPL/082.svg,10. Outdoor Designs/Door Gates/81-100 door/door 082CPL/082.png
00286,Outdoor Designs,Door Gates,085,,10. Outdoor Designs/Door Gates/81-100 door/door 085CPL/085.svg,10. Outdoor Designs/Door Gates/81-100 door/door 085CPL/085.png
00287,Outdoor Designs,Door Gates,087,,10. Outdoor Designs/Door Gates/81-100 door/door 087CPL/087.svg,10. Outdoor Designs/Door Gates/81-100 door/door 087CPL/087.png
00288,Outdoor Designs,Door Gates,088,,10. Outdoor Designs/Door Gates/81-100 door/door 088CPL/088.svg,10. Outdoor Designs/Door Gates/81-100 door/door 088CPL/088.png
00289,Outdoor Designs,Door Gates,090,,10. Outdoor Designs/Door Gates/81-100 door/door 090CPL/090.svg,10. Outdoor Designs/Door Gates/81-100 door/door 090CPL/090.png
00290,Outdoor Designs,Door Gates,091,,10. Outdoor Designs/Door Gates/81-100 door/door 091CPL/091.svg,10. Outdoor Designs/Door Gates/81-100 door/door 091CPL/091.png
00291,Outdoor Designs,Door Gates,092,,10. Outdoor Designs/Door Gates/81-100 door/door 092CPL/092.svg,10. Outdoor Designs/Door Gates/81-100 door/door 092CPL/092.png
00292,Outdoor Designs,Door Gates,093,,10. Outdoor Designs/Door Gates/81-100 door/door 093CPL/093.svg,10. Outdoor Designs/Door Gates/81-100 door/door 093CPL/093.png
00293,Outdoor Designs,Door Gates,094,,10. Outdoor Designs/Door Gates/81-100 door/door 094CPL/094.svg,10. Outdoor Designs/Door Gates/81-100 door/door 094CPL/094.png
00294,Outdoor Designs,Door Gates,096,,10. Outdoor Designs/Door Gates/81-100 door/door 096CPL/096.svg,10. Outdoor Designs/Door Gates/81-100 door/door 096CPL/096.png
00295,Outdoor Designs,Door Gates,097,,10. Outdoor Designs/Door Gates/81-100 door/door 097CPL/097.svg,10. Outdoor Designs/Door Gates/81-100 door/door 097CPL/097.png
00296,Outdoor Designs,Door Gates,098,,10. Outdoor Designs/Door Gates/81-100 door/door 098CPL/098.svg,10. Outdoor Designs/Door Gates/81-100 door/door 098CPL/098.png
00297,Outdoor Designs,Door Gates,099,,10. Outdoor Designs/Door Gates/81-100 door/door 099CPL/099.svg,10. Outdoor Designs/Door Gates/81-100 door/door 099CPL/099.png
00298,Outdoor Designs,Door Gates,100,,10. Outdoor Designs/Door Gates/81-100 door/door 100CPL/100.svg,10. Outdoor Designs/Door Gates/81-100 door/door 100CPL/100.png
00299,Outdoor Designs,Garden Gnome,Back cat,,10. Outdoor Designs/Garden Gnome/Catstake/Back cat/Back cat.svg,10. Outdoor Designs/Garden Gnome/Catstake/Back cat/Back cat.png
00300,Outdoor Designs,Garden Gnome,Cat and bird,,10. Outdoor Designs/Garden Gnome/Catstake/Cat and bird/Cat and bird.svg,10. Outdoor Designs/Garden Gnome/Catstake/Cat and bird/Cat and bird.png
00301,Outdoor Designs,Garden Gnome,Cat and butterfly,,10. Outdoor Designs/Garden Gnome/Catstake/Cat and butterfly/Cat and butterfly.svg,10. Outdoor Designs/Garden Gnome/Catstake/Cat and butterfly/Cat and butterfly.png
00302,Outdoor Designs,Garden Gnome,Cat with boots,,10. Outdoor Designs/Garden Gnome/Catstake/Cat with boots/Cat with boots.svg,10. Outdoor Designs/Garden Gnome/Catstake/Cat with boots/Cat with boots.png
00303,Outdoor Designs,Garden Gnome,Creepy artichoke,,10. Outdoor Designs/Garden Gnome/Creepy vegetable/CreepyvegetableStake01/Creepy artichoke Stake/Creepy artichoke.svg,10. Outdoor Designs/Garden Gnome/Creepy vegetable/CreepyvegetableStake01/Creepy artichoke Stake/Creepy artichoke.png
00304,Outdoor Designs,Garden Gnome,Creepy carrot,,10. Outdoor Designs/Garden Gnome/Creepy vegetable/CreepyvegetableStake01/Creepy carrot Stake/Creepy carrot.svg,10. Outdoor Designs/Garden Gnome/Creepy vegetable/CreepyvegetableStake01/Creepy carrot Stake/Creepy carrot.png
00305,Outdoor Designs,Garden Gnome,Creepy chili pepper,,10. Outdoor Designs/Garden Gnome/Creepy vegetable/CreepyvegetableStake01/Creepy chili pepper Stake/Creepy chili pepper.svg,10. Outdoor Designs/Garden Gnome/Creepy vegetable/CreepyvegetableStake01/Creepy chili pepper Stake/Creepy chili pepper.png
00306,Outdoor Designs,Garden Gnome,Creepy ear of corn,,10. Outdoor Designs/Garden Gnome/Creepy vegetable/CreepyvegetableStake01/Creepy ear of corn Stake/Creepy ear of corn.svg,10. Outdoor Designs/Garden Gnome/Creepy vegetable/CreepyvegetableStake01/Creepy ear of corn Stake/Creepy ear of corn.png
00307,Outdoor Designs,Garden Gnome,Creepy eggplant Stake,,10. Outdoor Designs/Garden Gnome/Creepy vegetable/CreepyvegetableStake01/Creepy eggplant Stake/Creepy eggplant Stake.svg,10. Outdoor Designs/Garden Gnome/Creepy vegetable/CreepyvegetableStake01/Creepy eggplant Stake/Creepy eggplant Stake.png
00308,Outdoor Designs,Garden Gnome,Creepy salad,,10. Outdoor Designs/Garden Gnome/Creepy vegetable/CreepyvegetableStake02/Creepy salad Stake/Creepy salad.svg,10. Outdoor Designs/Garden Gnome/Creepy vegetable/CreepyvegetableStake02/Creepy salad Stake/Creepy salad.png
00309,Outdoor Designs,Garden Gnome,Creepy zucchini,,10. Outdoor Designs/Garden Gnome/Creepy vegetable/CreepyvegetableStake03/Creepy zucchini Stake/Creepy zucchini.svg,10. Outdoor Designs/Garden Gnome/Creepy vegetable/CreepyvegetableStake03/Creepy zucchini Stake/Creepy zucchini.png
00310,Outdoor Designs,Garden Gnome,Big Chicken,,10. Outdoor Designs/Garden Gnome/Funny Chickens/Big Chicken/Big Chicken.svg,10. Outdoor Designs/Garden Gnome/Funny Chickens/Big Chicken/Big Chicken.png
00311,Outdoor Designs,Garden Gnome,Chickens sun glaces,,10. Outdoor Designs/Garden Gnome/Funny Chickens/Chickens sun glaces/Chickens sun glaces.svg,10. Outdoor Designs/Garden Gnome/Funny Chickens/Chickens sun glaces/Chickens sun glaces.png
00312,Outdoor Designs,Garden Gnome,Funny Chickens,,10. Outdoor Designs/Garden Gnome/Funny Chickens/Funny Chickens/Funny Chickens.svg,10. Outdoor Designs/Garden Gnome/Funny Chickens/Funny Chickens/Funny Chickens.png
00313,Outdoor Designs,Garden Gnome,Plucked chicken,,10. Outdoor Designs/Garden Gnome/Funny Chickens/Plucked chicken/Plucked chicken.svg,10. Outdoor Designs/Garden Gnome/Funny Chickens/Plucked chicken/Plucked chicken.png
00314,Outdoor Designs,Garden Gnome,Garden Gnome 03,,10. Outdoor Designs/Garden Gnome/Gnome PART1/Garden Gnome Spring/Garden Gnome 03.svg,10. Outdoor Designs/Garden Gnome/Gnome PART1/Garden Gnome Spring/Garden Gnome 03.png
00315,Outdoor Designs,Garden Gnome,Frankenstein Garden Gnome,,10. Outdoor Designs/Garden Gnome/Gnome PART1/Garden Gnome/Frankenstein Garden Gnome.svg,10. Outdoor Designs/Garden Gnome/Gnome PART1/Garden Gnome/Frankenstein Garden Gnome.png
00316,Outdoor Designs,Garden Gnome,Gnome and Flowers 04,,10. Outdoor Designs/Garden Gnome/Gnome PART2/Gnome and Flowers/Gnome and Flowers 04.svg,10. Outdoor Designs/Garden Gnome/Gnome PART2/Gnome and Flowers/Gnome and Flowers 04.png
00317,Outdoor Designs,Garden Gnome,Ice cream Gnome Stake,,10. Outdoor Designs/Garden Gnome/Gnome PART3/Summer Garden Gnome Stakes/Ice cream Gnome Stake/Ice cream Gnome Stake.svg,10. Outdoor Designs/Garden Gnome/Gnome PART3/Summer Garden Gnome Stakes/Ice cream Gnome Stake/Ice cream Gnome Stake.png
00318,Outdoor Designs,Garden Gnome,Mermaid Gnome Stake,,10. Outdoor Designs/Garden Gnome/Gnome PART3/Summer Garden Gnome Stakes/Mermaid Gnome Stake/Mermaid Gnome Stake.svg,10. Outdoor Designs/Garden Gnome/Gnome PART3/Summer Garden Gnome Stakes/Mermaid Gnome Stake/Mermaid Gnome Stake.png
00319,Outdoor Designs,Garden Gnome,Poseidon Gnome Stake,,10. Outdoor Designs/Garden Gnome/Gnome PART3/Summer Garden Gnome Stakes/Poseidon Gnome Stake/Poseidon Gnome Stake.svg,10. Outdoor Designs/Garden Gnome/Gnome PART3/Summer Garden Gnome Stakes/Poseidon Gnome Stake/Poseidon Gnome Stake.png
00320,Outdoor Designs,Garden Gnome,Surfer Gnome Stake,,10. Outdoor Designs/Garden Gnome/Gnome PART3/Summer Garden Gnome Stakes/Surfer Gnome Stake/Surfer Gnome Stake.svg,10. Outdoor Designs/Garden Gnome/Gnome PART3/Summer Garden Gnome Stakes/Surfer Gnome Stake/Surfer Gnome Stake.png
00321,Outdoor Designs,Garden Gnome,Plant Stake  (1),,10. Outdoor Designs/Garden Gnome/NEW - Plant Stakes/SVG/Plant Stake  (1).svg,10. Outdoor Designs/Garden Gnome/NEW - Plant Stakes/PNG/Plant Stake  (1).png
00322,Outdoor Designs,Garden Gnome,Plant Stake  (2),,10. Outdoor Designs/Garden Gnome/NEW - Plant Stakes/SVG/Plant Stake  (2).svg,10. Outdoor Designs/Garden Gnome/NEW - Plant Stakes/PNG/Plant Stake  (2).png
00323,Outdoor Designs,Garden Gnome,Plant Stake  (3),,10. Outdoor Designs/Garden Gnome/NEW - Plant Stakes/SVG/Plant Stake  (3).svg,10. Outdoor Designs/Garden Gnome/NEW - Plant Stakes/PNG/Plant Stake  (3).png
00324,Outdoor Designs,Garden Gnome,Plant Stake  (4),,10. Outdoor Designs/Garden Gnome/NEW - Plant Stakes/SVG/Plant Stake  (4).svg,10. Outdoor Designs/Garden Gnome/NEW - Plant Stakes/PNG/Plant Stake  (4).png
00325,Outdoor Designs,Garden Gnome,Plant Stake  (5),,10. Outdoor Designs/Garden Gnome/NEW - Plant Stakes/SVG/Plant Stake  (5).svg,10. Outdoor Designs/Garden Gnome/NEW - Plant Stakes/PNG/Plant Stake  (5).png
00326,Outdoor Designs,Hunting Grill Panel,hunting grill (1),,10. Outdoor Designs/Hunting Grill Panel/SVG/hunting grill (1).svg,10. Outdoor Designs/Hunting Grill Panel/PNG/hunting grill (1).png
00327,Outdoor Designs,Hunting Grill Panel,hunting grill (10),,10. Outdoor Designs/Hunting Grill Panel/SVG/hunting grill (10).svg,10. Outdoor Designs/Hunting Grill Panel/PNG/hunting grill (10).png
00328,Outdoor Designs,Hunting Grill Panel,hunting grill (11),,10. Outdoor Designs/Hunting Grill Panel/SVG/hunting grill (11).svg,10. Outdoor Designs/Hunting Grill Panel/PNG/hunting grill (11).png
00329,Outdoor Designs,Hunting Grill Panel,hunting grill (12),,10. Outdoor Designs/Hunting Grill Panel/SVG/hunting grill (12).svg,10. Outdoor Designs/Hunting Grill Panel/PNG/hunting grill (12).png
00330,Outdoor Designs,Hunting Grill Panel,hunting grill (13),,10. Outdoor Designs/Hunting Grill Panel/SVG/hunting grill (13).svg,10. Outdoor Designs/Hunting Grill Panel/PNG/hunting grill (13).png
00331,Outdoor Designs,Hunting Grill Panel,hunting grill (14),,10. Outdoor Designs/Hunting Grill Panel/SVG/hunting grill (14).svg,10. Outdoor Designs/Hunting Grill Panel/PNG/hunting grill (14).png
00332,Outdoor Designs,Hunting Grill Panel,hunting grill (15),,10. Outdoor Designs/Hunting Grill Panel/SVG/hunting grill (15).svg,10. Outdoor Designs/Hunting Grill Panel/PNG/hunting grill (15).png
00333,Outdoor Designs,Hunting Grill Panel,hunting grill (16),,10. Outdoor Designs/Hunting Grill Panel/SVG/hunting grill (16).svg,10. Outdoor Designs/Hunting Grill Panel/PNG/hunting grill (16).png
00334,Outdoor Designs,Hunting Grill Panel,hunting grill (17),,10. Outdoor Designs/Hunting Grill Panel/SVG/hunting grill (17).svg,10. Outdoor Designs/Hunting Grill Panel/PNG/hunting grill (17).png
00335,Outdoor Designs,Hunting Grill Panel,hunting grill (18),,10. Outdoor Designs/Hunting Grill Panel/SVG/hunting grill (18).svg,10. Outdoor Designs/Hunting Grill Panel/PNG/hunting grill (18).png
00336,Outdoor Designs,Hunting Grill Panel,hunting grill (19),,10. Outdoor Designs/Hunting Grill Panel/SVG/hunting grill (19).svg,10. Outdoor Designs/Hunting Grill Panel/PNG/hunting grill (19).png
00337,Outdoor Designs,Hunting Grill Panel,hunting grill (2),,10. Outdoor Designs/Hunting Grill Panel/SVG/hunting grill (2).svg,10. Outdoor Designs/Hunting Grill Panel/PNG/hunting grill (2).png
00338,Outdoor Designs,Hunting Grill Panel,hunting grill (20),,10. Outdoor Designs/Hunting Grill Panel/SVG/hunting grill (20).svg,10. Outdoor Designs/Hunting Grill Panel/PNG/hunting grill (20).png
00339,Outdoor Designs,Hunting Grill Panel,hunting grill (21),,10. Outdoor Designs/Hunting Grill Panel/SVG/hunting grill (21).svg,10. Outdoor Designs/Hunting Grill Panel/PNG/hunting grill (21).png
00340,Outdoor Designs,Hunting Grill Panel,hunting grill (22),,10. Outdoor Designs/Hunting Grill Panel/SVG/hunting grill (22).svg,10. Outdoor Designs/Hunting Grill Panel/PNG/hunting grill (22).png
00341,Outdoor Designs,Hunting Grill Panel,hunting grill (23),,10. Outdoor Designs/Hunting Grill Panel/SVG/hunting grill (23).svg,10. Outdoor Designs/Hunting Grill Panel/PNG/hunting grill (23).png
00342,Outdoor Designs,Hunting Grill Panel,hunting grill (24),,10. Outdoor Designs/Hunting Grill Panel/SVG/hunting grill (24).svg,10. Outdoor Designs/Hunting Grill Panel/PNG/hunting grill (24).png
00343,Outdoor Designs,Hunting Grill Panel,hunting grill (25),,10. Outdoor Designs/Hunting Grill Panel/SVG/hunting grill (25).svg,10. Outdoor Designs/Hunting Grill Panel/PNG/hunting grill (25).png
00344,Outdoor Designs,Hunting Grill Panel,hunting grill (26),,10. Outdoor Designs/Hunting Grill Panel/SVG/hunting grill (26).svg,10. Outdoor Designs/Hunting Grill Panel/PNG/hunting grill (26).png
00345,Outdoor Designs,Hunting Grill Panel,hunting grill (27),,10. Outdoor Designs/Hunting Grill Panel/SVG/hunting grill (27).svg,10. Outdoor Designs/Hunting Grill Panel/PNG/hunting grill (27).png
00346,Outdoor Designs,Hunting Grill Panel,hunting grill (28),,10. Outdoor Designs/Hunting Grill Panel/SVG/hunting grill (28).svg,10. Outdoor Designs/Hunting Grill Panel/PNG/hunting grill (28).png
00347,Outdoor Designs,Hunting Grill Panel,hunting grill (29),,10. Outdoor Designs/Hunting Grill Panel/SVG/hunting grill (29).svg,10. Outdoor Designs/Hunting Grill Panel/PNG/hunting grill (29).png
00348,Outdoor Designs,Hunting Grill Panel,hunting grill (3),,10. Outdoor Designs/Hunting Grill Panel/SVG/hunting grill (3).svg,10. Outdoor Designs/Hunting Grill Panel/PNG/hunting grill (3).png
00349,Outdoor Designs,Hunting Grill Panel,hunting grill (30),,10. Outdoor Designs/Hunting Grill Panel/SVG/hunting grill (30).svg,10. Outdoor Designs/Hunting Grill Panel/PNG/hunting grill (30).png
00350,Outdoor Designs,Hunting Grill Panel,hunting grill (31),,10. Outdoor Designs/Hunting Grill Panel/SVG/hunting grill (31).svg,10. Outdoor Designs/Hunting Grill Panel/PNG/hunting grill (31).png
00351,Outdoor Designs,Hunting Grill Panel,hunting grill (32),,10. Outdoor Designs/Hunting Grill Panel/SVG/hunting grill (32).svg,10. Outdoor Designs/Hunting Grill Panel/PNG/hunting grill (32).png
00352,Outdoor Designs,Hunting Grill Panel,hunting grill (33),,10. Outdoor Designs/Hunting Grill Panel/SVG/hunting grill (33).svg,10. Outdoor Designs/Hunting Grill Panel/PNG/hunting grill (33).png
00353,Outdoor Designs,Hunting Grill Panel,hunting grill (34),,10. Outdoor Designs/Hunting Grill Panel/SVG/hunting grill (34).svg,10. Outdoor Designs/Hunting Grill Panel/PNG/hunting grill (34).png
00354,Outdoor Designs,Hunting Grill Panel,hunting grill (35),,10. Outdoor Designs/Hunting Grill Panel/SVG/hunting grill (35).svg,10. Outdoor Designs/Hunting Grill Panel/PNG/hunting grill (35).png
00355,Outdoor Designs,Hunting Grill Panel,hunting grill (36),,10. Outdoor Designs/Hunting Grill Panel/SVG/hunting grill (36).svg,10. Outdoor Designs/Hunting Grill Panel/PNG/hunting grill (36).png
00356,Outdoor Designs,Hunting Grill Panel,hunting grill (37),,10. Outdoor Designs/Hunting Grill Panel/SVG/hunting grill (37).svg,10. Outdoor Designs/Hunting Grill Panel/PNG/hunting grill (37).png
00357,Outdoor Designs,Hunting Grill Panel,hunting grill (38),,10. Outdoor Designs/Hunting Grill Panel/SVG/hunting grill (38).svg,10. Outdoor Designs/Hunting Grill Panel/PNG/hunting grill (38).png
00358,Outdoor Designs,Hunting Grill Panel,hunting grill (39),,10. Outdoor Designs/Hunting Grill Panel/SVG/hunting grill (39).svg,10. Outdoor Designs/Hunting Grill Panel/PNG/hunting grill (39).png
00359,Outdoor Designs,Hunting Grill Panel,hunting grill (4),,10. Outdoor Designs/Hunting Grill Panel/SVG/hunting grill (4).svg,10. Outdoor Designs/Hunting Grill Panel/PNG/hunting grill (4).png
00360,Outdoor Designs,Hunting Grill Panel,hunting grill (40),,10. Outdoor Designs/Hunting Grill Panel/SVG/hunting grill (40).svg,10. Outdoor Designs/Hunting Grill Panel/PNG/hunting grill (40).png
00361,Outdoor Designs,Hunting Grill Panel,hunting grill (41),,10. Outdoor Designs/Hunting Grill Panel/SVG/hunting grill (41).svg,10. Outdoor Designs/Hunting Grill Panel/PNG/hunting grill (41).png
00362,Outdoor Designs,Hunting Grill Panel,hunting grill (5),,10. Outdoor Designs/Hunting Grill Panel/SVG/hunting grill (5).svg,10. Outdoor Designs/Hunting Grill Panel/PNG/hunting grill (5).png
00363,Outdoor Designs,Hunting Grill Panel,hunting grill (6),,10. Outdoor Designs/Hunting Grill Panel/SVG/hunting grill (6).svg,10. Outdoor Designs/Hunting Grill Panel/PNG/hunting grill (6).png
00364,Outdoor Designs,Hunting Grill Panel,hunting grill (7),,10. Outdoor Designs/Hunting Grill Panel/SVG/hunting grill (7).svg,10. Outdoor Designs/Hunting Grill Panel/PNG/hunting grill (7).png
00365,Outdoor Designs,Hunting Grill Panel,hunting grill (8),,10. Outdoor Designs/Hunting Grill Panel/SVG/hunting grill (8).svg,10. Outdoor Designs/Hunting Grill Panel/PNG/hunting grill (8).png
00366,Outdoor Designs,Hunting Grill Panel,hunting grill (9),,10. Outdoor Designs/Hunting Grill Panel/SVG/hunting grill (9).svg,10. Outdoor Designs/Hunting Grill Panel/PNG/hunting grill (9).png
00367,Outdoor Designs,Plant Stakes,Plant Stake SVG 1,,10. Outdoor Designs/Plant Stakes/SVG/Plant Stake SVG 1.svg,10. Outdoor Designs/Plant Stakes/PNG/Plant Stake SVG 1.png
00368,Outdoor Designs,Plant Stakes,Plant Stake SVG 10,,10. Outdoor Designs/Plant Stakes/SVG/Plant Stake SVG 10.svg,10. Outdoor Designs/Plant Stakes/PNG/Plant Stake SVG 10.png
00369,Outdoor Designs,Plant Stakes,Plant Stake SVG 2,,10. Outdoor Designs/Plant Stakes/SVG/Plant Stake SVG 2.svg,10. Outdoor Designs/Plant Stakes/PNG/Plant Stake SVG 2.png
00370,Outdoor Designs,Plant Stakes,Plant Stake SVG 3,,10. Outdoor Designs/Plant Stakes/SVG/Plant Stake SVG 3.svg,10. Outdoor Designs/Plant Stakes/PNG/Plant Stake SVG 3.png
00371,Outdoor Designs,Plant Stakes,Plant Stake SVG 4,,10. Outdoor Designs/Plant Stakes/SVG/Plant Stake SVG 4.svg,10. Outdoor Designs/Plant Stakes/PNG/Plant Stake SVG 4.png
00372,Outdoor Designs,Plant Stakes,Plant Stake SVG 5,,10. Outdoor Designs/Plant Stakes/SVG/Plant Stake SVG 5.svg,10. Outdoor Designs/Plant Stakes/PNG/Plant Stake SVG 5.png
00373,Outdoor Designs,Plant Stakes,Plant Stake SVG 6,,10. Outdoor Designs/Plant Stakes/SVG/Plant Stake SVG 6.svg,10. Outdoor Designs/Plant Stakes/PNG/Plant Stake SVG 6.png
00374,Outdoor Designs,Plant Stakes,Plant Stake SVG 7,,10. Outdoor Designs/Plant Stakes/SVG/Plant Stake SVG 7.svg,10. Outdoor Designs/Plant Stakes/PNG/Plant Stake SVG 7.png
00375,Outdoor Designs,Plant Stakes,Plant Stake SVG 8,,10. Outdoor Designs/Plant Stakes/SVG/Plant Stake SVG 8.svg,10. Outdoor Designs/Plant Stakes/PNG/Plant Stake SVG 8.png
00376,Outdoor Designs,Plant Stakes,Plant Stake SVG 9,,10. Outdoor Designs/Plant Stakes/SVG/Plant Stake SVG 9.svg,10. Outdoor Designs/Plant Stakes/PNG/Plant Stake SVG 9.png
00377,Outdoor Designs,Succulent,Succulent-Laser-01-SVG,,10. Outdoor Designs/Succulent/SVG/Succulent-Laser-01-SVG.svg,10. Outdoor Designs/Succulent/PNG/Succulent-Laser-01-SVG.png
00378,Outdoor Designs,Succulent,Succulent-Laser-02-SVG,,10. Outdoor Designs/Succulent/SVG/Succulent-Laser-02-SVG.svg,10. Outdoor Designs/Succulent/PNG/Succulent-Laser-02-SVG.png
00379,Outdoor Designs,Succulent,Succulent-Laser-03-SVG,,10. Outdoor Designs/Succulent/SVG/Succulent-Laser-03-SVG.svg,10. Outdoor Designs/Succulent/PNG/Succulent-Laser-03-SVG.png
00380,Outdoor Designs,Succulent,Succulent-Laser-04-SVG,,10. Outdoor Designs/Succulent/SVG/Succulent-Laser-04-SVG.svg,10. Outdoor Designs/Succulent/PNG/Succulent-Laser-04-SVG.png
00381,Outdoor Designs,Succulent,Succulent-Laser-05-SVG,,10. Outdoor Designs/Succulent/SVG/Succulent-Laser-05-SVG.svg,10. Outdoor Designs/Succulent/PNG/Succulent-Laser-05-SVG.png
00382,Outdoor Designs,Succulent,Succulent-Laser-06-SVG,,10. Outdoor Designs/Succulent/SVG/Succulent-Laser-06-SVG.svg,10. Outdoor Designs/Succulent/PNG/Succulent-Laser-06-SVG.png
00383,Outdoor Designs,Succulent,Succulent-Laser-07-SVG,,10. Outdoor Designs/Succulent/SVG/Succulent-Laser-07-SVG.svg,10. Outdoor Designs/Succulent/PNG/Succulent-Laser-07-SVG.png
00384,Outdoor Designs,Succulent,Succulent-Laser-08-SVG,,10. Outdoor Designs/Succulent/SVG/Succulent-Laser-08-SVG.svg,10. Outdoor Designs/Succulent/PNG/Succulent-Laser-08-SVG.png
00385,Outdoor Designs,Succulent,Succulent-Laser-09-SVG,,10. Outdoor Designs/Succulent/SVG/Succulent-Laser-09-SVG.svg,10. Outdoor Designs/Succulent/PNG/Succulent-Laser-09-SVG.png
00386,Outdoor Designs,Succulent,Succulent-Laser-10-SVG,,10. Outdoor Designs/Succulent/SVG/Succulent-Laser-10-SVG.svg,10. Outdoor Designs/Succulent/PNG/Succulent-Laser-10-SVG.png
00387,Outdoor Designs,WildLife - Nature and Animals,1,,10. Outdoor Designs/WildLife - Nature and Animals/PART1/SVG/1.svg,10. Outdoor Designs/WildLife - Nature and Animals/PART1/PNG/1.png
00388,Outdoor Designs,WildLife - Nature and Animals,10,,10. Outdoor Designs/WildLife - Nature and Animals/PART1/SVG/10.svg,10. Outdoor Designs/WildLife - Nature and Animals/PART1/PNG/10.png
00389,Outdoor Designs,WildLife - Nature and Animals,11,,10. Outdoor Designs/WildLife - Nature and Animals/PART1/SVG/11.svg,10. Outdoor Designs/WildLife - Nature and Animals/PART1/PNG/11.png
00390,Outdoor Designs,WildLife - Nature and Animals,12,,10. Outdoor Designs/WildLife - Nature and Animals/PART1/SVG/12.svg,10. Outdoor Designs/WildLife - Nature and Animals/PART1/PNG/12.png
00391,Outdoor Designs,WildLife - Nature and Animals,13,,10. Outdoor Designs/WildLife - Nature and Animals/PART1/SVG/13.svg,10. Outdoor Designs/WildLife - Nature and Animals/PART1/PNG/13.png
00392,Outdoor Designs,WildLife - Nature and Animals,14,,10. Outdoor Designs/WildLife - Nature and Animals/PART1/SVG/14.svg,10. Outdoor Designs/WildLife - Nature and Animals/PART1/PNG/14.png
00393,Outdoor Designs,WildLife - Nature and Animals,15,,10. Outdoor Designs/WildLife - Nature and Animals/PART1/SVG/15.svg,10. Outdoor Designs/WildLife - Nature and Animals/PART1/PNG/15.png
00394,Outdoor Designs,WildLife - Nature and Animals,16,,10. Outdoor Designs/WildLife - Nature and Animals/PART1/SVG/16.svg,10. Outdoor Designs/WildLife - Nature and Animals/PART1/PNG/16.png
00395,Outdoor Designs,WildLife - Nature and Animals,17,,10. Outdoor Designs/WildLife - Nature and Animals/PART1/SVG/17.svg,10. Outdoor Designs/WildLife - Nature and Animals/PART1/PNG/17.png
00396,Outdoor Designs,WildLife - Nature and Animals,18,,10. Outdoor Designs/WildLife - Nature and Animals/PART1/SVG/18.svg,10. Outdoor Designs/WildLife - Nature and Animals/PART1/PNG/18.png
00397,Outdoor Designs,WildLife - Nature and Animals,19,,10. Outdoor Designs/WildLife - Nature and Animals/PART1/SVG/19.svg,10. Outdoor Designs/WildLife - Nature and Animals/PART1/PNG/19.png
00398,Outdoor Designs,WildLife - Nature and Animals,2,,10. Outdoor Designs/WildLife - Nature and Animals/PART1/SVG/2.svg,10. Outdoor Designs/WildLife - Nature and Animals/PART1/PNG/2.png
00399,Outdoor Designs,WildLife - Nature and Animals,20,,10. Outdoor Designs/WildLife - Nature and Animals/PART1/SVG/20.svg,10. Outdoor Designs/WildLife - Nature and Animals/PART1/PNG/20.png
00400,Outdoor Designs,WildLife - Nature and Animals,21,,10. Outdoor Designs/WildLife - Nature and Animals/PART1/SVG/21.svg,10. Outdoor Designs/WildLife - Nature and Animals/PART1/PNG/21.png
00401,Outdoor Designs,WildLife - Nature and Animals,22,,10. Outdoor Designs/WildLife - Nature and Animals/PART1/SVG/22.svg,10. Outdoor Designs/WildLife - Nature and Animals/PART1/PNG/22.png
00402,Outdoor Designs,WildLife - Nature and Animals,23,,10. Outdoor Designs/WildLife - Nature and Animals/PART1/SVG/23.svg,10. Outdoor Designs/WildLife - Nature and Animals/PART1/PNG/23.png
00403,Outdoor Designs,WildLife - Nature and Animals,24,,10. Outdoor Designs/WildLife - Nature and Animals/PART1/SVG/24.svg,10. Outdoor Designs/WildLife - Nature and Animals/PART1/PNG/24.png
00404,Outdoor Designs,WildLife - Nature and Animals,25,,10. Outdoor Designs/WildLife - Nature and Animals/PART1/SVG/25.svg,10. Outdoor Designs/WildLife - Nature and Animals/PART1/PNG/25.png
00405,Outdoor Designs,WildLife - Nature and Animals,26,,10. Outdoor Designs/WildLife - Nature and Animals/PART1/SVG/26.svg,10. Outdoor Designs/WildLife - Nature and Animals/PART1/PNG/26.png
00406,Outdoor Designs,WildLife - Nature and Animals,27,,10. Outdoor Designs/WildLife - Nature and Animals/PART1/SVG/27.svg,10. Outdoor Designs/WildLife - Nature and Animals/PART1/PNG/27.png
00407,Outdoor Designs,WildLife - Nature and Animals,28,,10. Outdoor Designs/WildLife - Nature and Animals/PART1/SVG/28.svg,10. Outdoor Designs/WildLife - Nature and Animals/PART1/PNG/28.png
00408,Outdoor Designs,WildLife - Nature and Animals,29,,10. Outdoor Designs/WildLife - Nature and Animals/PART1/SVG/29.svg,10. Outdoor Designs/WildLife - Nature and Animals/PART1/PNG/29.png
00409,Outdoor Designs,WildLife - Nature and Animals,3,,10. Outdoor Designs/WildLife - Nature and Animals/PART1/SVG/3.svg,10. Outdoor Designs/WildLife - Nature and Animals/PART1/PNG/3.png
00410,Outdoor Designs,WildLife - Nature and Animals,30,,10. Outdoor Designs/WildLife - Nature and Animals/PART1/SVG/30.svg,10. Outdoor Designs/WildLife - Nature and Animals/PART1/PNG/30.png
00411,Outdoor Designs,WildLife - Nature and Animals,31,,10. Outdoor Designs/WildLife - Nature and Animals/PART1/SVG/31.svg,10. Outdoor Designs/WildLife - Nature and Animals/PART1/PNG/31.png
00412,Outdoor Designs,WildLife - Nature and Animals,32,,10. Outdoor Designs/WildLife - Nature and Animals/PART1/SVG/32.svg,10. Outdoor Designs/WildLife - Nature and Animals/PART1/PNG/32.png
00413,Outdoor Designs,WildLife - Nature and Animals,33,,10. Outdoor Designs/WildLife - Nature and Animals/PART1/SVG/33.svg,10. Outdoor Designs/WildLife - Nature and Animals/PART1/PNG/33.png
00414,Outdoor Designs,WildLife - Nature and Animals,34,,10. Outdoor Designs/WildLife - Nature and Animals/PART1/SVG/34.svg,10. Outdoor Designs/WildLife - Nature and Animals/PART1/PNG/34.png
00415,Outdoor Designs,WildLife - Nature and Animals,35,,10. Outdoor Designs/WildLife - Nature and Animals/PART1/SVG/35.svg,10. Outdoor Designs/WildLife - Nature and Animals/PART1/PNG/35.png
00416,Outdoor Designs,WildLife - Nature and Animals,36,,10. Outdoor Designs/WildLife - Nature and Animals/PART1/SVG/36.svg,10. Outdoor Designs/WildLife - Nature and Animals/PART1/PNG/36.png
00417,Outdoor Designs,WildLife - Nature and Animals,37,,10. Outdoor Designs/WildLife - Nature and Animals/PART1/SVG/37.svg,10. Outdoor Designs/WildLife - Nature and Animals/PART1/PNG/37.png
00418,Outdoor Designs,WildLife - Nature and Animals,38,,10. Outdoor Designs/WildLife - Nature and Animals/PART1/SVG/38.svg,10. Outdoor Designs/WildLife - Nature and Animals/PART1/PNG/38.png
00419,Outdoor Designs,WildLife - Nature and Animals,39,,10. Outdoor Designs/WildLife - Nature and Animals/PART1/SVG/39.svg,10. Outdoor Designs/WildLife - Nature and Animals/PART1/PNG/39.png
00420,Outdoor Designs,WildLife - Nature and Animals,4,,10. Outdoor Designs/WildLife - Nature and Animals/PART1/SVG/4.svg,10. Outdoor Designs/WildLife - Nature and Animals/PART1/PNG/4.png
00421,Outdoor Designs,WildLife - Nature and Animals,40,,10. Outdoor Designs/WildLife - Nature and Animals/PART1/SVG/40.svg,10. Outdoor Designs/WildLife - Nature and Animals/PART1/PNG/40.png
00422,Outdoor Designs,WildLife - Nature and Animals,5,,10. Outdoor Designs/WildLife - Nature and Animals/PART1/SVG/5.svg,10. Outdoor Designs/WildLife - Nature and Animals/PART1/PNG/5.png
00423,Outdoor Designs,WildLife - Nature and Animals,6,,10. Outdoor Designs/WildLife - Nature and Animals/PART1/SVG/6.svg,10. Outdoor Designs/WildLife - Nature and Animals/PART1/PNG/6.png
00424,Outdoor Designs,WildLife - Nature and Animals,7,,10. Outdoor Designs/WildLife - Nature and Animals/PART1/SVG/7.svg,10. Outdoor Designs/WildLife - Nature and Animals/PART1/PNG/7.png
00425,Outdoor Designs,WildLife - Nature and Animals,8,,10. Outdoor Designs/WildLife - Nature and Animals/PART1/SVG/8.svg,10. Outdoor Designs/WildLife - Nature and Animals/PART1/PNG/8.png
00426,Outdoor Designs,WildLife - Nature and Animals,9,,10. Outdoor Designs/WildLife - Nature and Animals/PART1/SVG/9.svg,10. Outdoor Designs/WildLife - Nature and Animals/PART1/PNG/9.png
00427,Outdoor Designs,WildLife - Nature and Animals,P (1),,10. Outdoor Designs/WildLife - Nature and Animals/PART2/SVG/P (1).svg,10. Outdoor Designs/WildLife - Nature and Animals/PART2/PNG/P (1).png
00428,Outdoor Designs,WildLife - Nature and Animals,P (10),,10. Outdoor Designs/WildLife - Nature and Animals/PART2/SVG/P (10).svg,10. Outdoor Designs/WildLife - Nature and Animals/PART2/PNG/P (10).png
00429,Outdoor Designs,WildLife - Nature and Animals,P (11),,10. Outdoor Designs/WildLife - Nature and Animals/PART2/SVG/P (11).svg,10. Outdoor Designs/WildLife - Nature and Animals/PART2/PNG/P (11).png
00430,Outdoor Designs,WildLife - Nature and Animals,P (12),,10. Outdoor Designs/WildLife - Nature and Animals/PART2/SVG/P (12).svg,10. Outdoor Designs/WildLife - Nature and Animals/PART2/PNG/P (12).png
00431,Outdoor Designs,WildLife - Nature and Animals,P (13),,10. Outdoor Designs/WildLife - Nature and Animals/PART2/SVG/P (13).svg,10. Outdoor Designs/WildLife - Nature and Animals/PART2/PNG/P (13).png
00432,Outdoor Designs,WildLife - Nature and Animals,P (14),,10. Outdoor Designs/WildLife - Nature and Animals/PART2/SVG/P (14).svg,10. Outdoor Designs/WildLife - Nature and Animals/PART2/PNG/P (14).png
00433,Outdoor Designs,WildLife - Nature and Animals,P (15),,10. Outdoor Designs/WildLife - Nature and Animals/PART2/SVG/P (15).svg,10. Outdoor Designs/WildLife - Nature and Animals/PART2/PNG/P (15).png
00434,Outdoor Designs,WildLife - Nature and Animals,P (16),,10. Outdoor Designs/WildLife - Nature and Animals/PART2/SVG/P (16).svg,10. Outdoor Designs/WildLife - Nature and Animals/PART2/PNG/P (16).png
00435,Outdoor Designs,WildLife - Nature and Animals,P (17),,10. Outdoor Designs/WildLife - Nature and Animals/PART2/SVG/P (17).svg,10. Outdoor Designs/WildLife - Nature and Animals/PART2/PNG/P (17).png
00436,Outdoor Designs,WildLife - Nature and Animals,P (18),,10. Outdoor Designs/WildLife - Nature and Animals/PART2/SVG/P (18).svg,10. Outdoor Designs/WildLife - Nature and Animals/PART2/PNG/P (18).png
00437,Outdoor Designs,WildLife - Nature and Animals,P (19),,10. Outdoor Designs/WildLife - Nature and Animals/PART2/SVG/P (19).svg,10. Outdoor Designs/WildLife - Nature and Animals/PART2/PNG/P (19).png
00438,Outdoor Designs,WildLife - Nature and Animals,P (2),,10. Outdoor Designs/WildLife - Nature and Animals/PART2/SVG/P (2).svg,10. Outdoor Designs/WildLife - Nature and Animals/PART2/PNG/P (2).png
00439,Outdoor Designs,WildLife - Nature and Animals,P (20),,10. Outdoor Designs/WildLife - Nature and Animals/PART2/SVG/P (20).svg,10. Outdoor Designs/WildLife - Nature and Animals/PART2/PNG/P (20).png
00440,Outdoor Designs,WildLife - Nature and Animals,P (21),,10. Outdoor Designs/WildLife - Nature and Animals/PART2/SVG/P (21).svg,10. Outdoor Designs/WildLife - Nature and Animals/PART2/PNG/P (21).png
00441,Outdoor Designs,WildLife - Nature and Animals,P (22),,10. Outdoor Designs/WildLife - Nature and Animals/PART2/SVG/P (22).svg,10. Outdoor Designs/WildLife - Nature and Animals/PART2/PNG/P (22).png
00442,Outdoor Designs,WildLife - Nature and Animals,P (23),,10. Outdoor Designs/WildLife - Nature and Animals/PART2/SVG/P (23).svg,10. Outdoor Designs/WildLife - Nature and Animals/PART2/PNG/P (23).png
00443,Outdoor Designs,WildLife - Nature and Animals,P (24),,10. Outdoor Designs/WildLife - Nature and Animals/PART2/SVG/P (24).svg,10. Outdoor Designs/WildLife - Nature and Animals/PART2/PNG/P (24).png
00444,Outdoor Designs,WildLife - Nature and Animals,P (25),,10. Outdoor Designs/WildLife - Nature and Animals/PART2/SVG/P (25).svg,10. Outdoor Designs/WildLife - Nature and Animals/PART2/PNG/P (25).png
00445,Outdoor Designs,WildLife - Nature and Animals,P (26),,10. Outdoor Designs/WildLife - Nature and Animals/PART2/SVG/P (26).svg,10. Outdoor Designs/WildLife - Nature and Animals/PART2/PNG/P (26).png
00446,Outdoor Designs,WildLife - Nature and Animals,P (27),,10. Outdoor Designs/WildLife - Nature and Animals/PART2/SVG/P (27).svg,10. Outdoor Designs/WildLife - Nature and Animals/PART2/PNG/P (27).png
00447,Outdoor Designs,WildLife - Nature and Animals,P (28),,10. Outdoor Designs/WildLife - Nature and Animals/PART2/SVG/P (28).svg,10. Outdoor Designs/WildLife - Nature and Animals/PART2/PNG/P (28).png
00448,Outdoor Designs,WildLife - Nature and Animals,P (29),,10. Outdoor Designs/WildLife - Nature and Animals/PART2/SVG/P (29).svg,10. Outdoor Designs/WildLife - Nature and Animals/PART2/PNG/P (29).png
00449,Outdoor Designs,WildLife - Nature and Animals,P (3),,10. Outdoor Designs/WildLife - Nature and Animals/PART2/SVG/P (3).svg,10. Outdoor Designs/WildLife - Nature and Animals/PART2/PNG/P (3).png
00450,Outdoor Designs,WildLife - Nature and Animals,P (30),,10. Outdoor Designs/WildLife - Nature and Animals/PART2/SVG/P (30).svg,10. Outdoor Designs/WildLife - Nature and Animals/PART2/PNG/P (30).png
00451,Outdoor Designs,WildLife - Nature and Animals,P (31),,10. Outdoor Designs/WildLife - Nature and Animals/PART2/SVG/P (31).svg,10. Outdoor Designs/WildLife - Nature and Animals/PART2/PNG/P (31).png
00452,Outdoor Designs,WildLife - Nature and Animals,P (32),,10. Outdoor Designs/WildLife - Nature and Animals/PART2/SVG/P (32).svg,10. Outdoor Designs/WildLife - Nature and Animals/PART2/PNG/P (32).png
00453,Outdoor Designs,WildLife - Nature and Animals,P (33),,10. Outdoor Designs/WildLife - Nature and Animals/PART2/SVG/P (33).svg,10. Outdoor Designs/WildLife - Nature and Animals/PART2/PNG/P (33).png
00454,Outdoor Designs,WildLife - Nature and Animals,P (4),,10. Outdoor Designs/WildLife - Nature and Animals/PART2/SVG/P (4).svg,10. Outdoor Designs/WildLife - Nature and Animals/PART2/PNG/P (4).png
00455,Outdoor Designs,WildLife - Nature and Animals,P (5),,10. Outdoor Designs/WildLife - Nature and Animals/PART2/SVG/P (5).svg,10. Outdoor Designs/WildLife - Nature and Animals/PART2/PNG/P (5).png
00456,Outdoor Designs,WildLife - Nature and Animals,P (6),,10. Outdoor Designs/WildLife - Nature and Animals/PART2/SVG/P (6).svg,10. Outdoor Designs/WildLife - Nature and Animals/PART2/PNG/P (6).png
00457,Outdoor Designs,WildLife - Nature and Animals,P (7),,10. Outdoor Designs/WildLife - Nature and Animals/PART2/SVG/P (7).svg,10. Outdoor Designs/WildLife - Nature and Animals/PART2/PNG/P (7).png
00458,Outdoor Designs,WildLife - Nature and Animals,P (8),,10. Outdoor Designs/WildLife - Nature and Animals/PART2/SVG/P (8).svg,10. Outdoor Designs/WildLife - Nature and Animals/PART2/PNG/P (8).png
00459,Outdoor Designs,WildLife - Nature and Animals,P (9),,10. Outdoor Designs/WildLife - Nature and Animals/PART2/SVG/P (9).svg,10. Outdoor Designs/WildLife - Nature and Animals/PART2/PNG/P (9).png
00460,Kids & Animals Designs,Animals Branches and Trees,TS-2021-010-01,,11. Kids & Animals Designs/Animals Branches and Trees/SVG/TS-2021-010-01.svg,11. Kids & Animals Designs/Animals Branches and Trees/PNG/TS-2021-010-01.png
00461,Kids & Animals Designs,Animals Branches and Trees,TS-2021-010-02,,11. Kids & Animals Designs/Animals Branches and Trees/SVG/TS-2021-010-02.svg,11. Kids & Animals Designs/Animals Branches and Trees/PNG/TS-2021-010-02.png
00462,Kids & Animals Designs,Animals Branches and Trees,TS-2021-010-03,,11. Kids & Animals Designs/Animals Branches and Trees/SVG/TS-2021-010-03.svg,11. Kids & Animals Designs/Animals Branches and Trees/PNG/TS-2021-010-03.png
00463,Kids & Animals Designs,Animals Branches and Trees,TS-2021-010-04,,11. Kids & Animals Designs/Animals Branches and Trees/SVG/TS-2021-010-04.svg,11. Kids & Animals Designs/Animals Branches and Trees/PNG/TS-2021-010-04.png
00464,Kids & Animals Designs,Animals Branches and Trees,TS-2021-010-05,,11. Kids & Animals Designs/Animals Branches and Trees/SVG/TS-2021-010-05.svg,11. Kids & Animals Designs/Animals Branches and Trees/PNG/TS-2021-010-05.png
00465,Kids & Animals Designs,Animals Branches and Trees,TS-2021-010-06,,11. Kids & Animals Designs/Animals Branches and Trees/SVG/TS-2021-010-06.svg,11. Kids & Animals Designs/Animals Branches and Trees/PNG/TS-2021-010-06.png
00466,Kids & Animals Designs,Animals Branches and Trees,TS-2021-010-07,,11. Kids & Animals Designs/Animals Branches and Trees/SVG/TS-2021-010-07.svg,11. Kids & Animals Designs/Animals Branches and Trees/PNG/TS-2021-010-07.png
00467,Kids & Animals Designs,Animals Branches and Trees,TS-2021-010-08,,11. Kids & Animals Designs/Animals Branches and Trees/SVG/TS-2021-010-08.svg,11. Kids & Animals Designs/Animals Branches and Trees/PNG/TS-2021-010-08.png
00468,Kids & Animals Designs,Animals Branches and Trees,TS-2021-010-09,,11. Kids & Animals Designs/Animals Branches and Trees/SVG/TS-2021-010-09.svg,11. Kids & Animals Designs/Animals Branches and Trees/PNG/TS-2021-010-09.png
00469,Kids & Animals Designs,Animals Branches and Trees,TS-2021-010-10,,11. Kids & Animals Designs/Animals Branches and Trees/SVG/TS-2021-010-10.svg,11. Kids & Animals Designs/Animals Branches and Trees/PNG/TS-2021-010-10.png
00470,Kids & Animals Designs,Animals Branches and Trees,TS-2021-010-11,,11. Kids & Animals Designs/Animals Branches and Trees/SVG/TS-2021-010-11.svg,11. Kids & Animals Designs/Animals Branches and Trees/PNG/TS-2021-010-11.png
00471,Kids & Animals Designs,Animals Branches and Trees,TS-2021-010-12,,11. Kids & Animals Designs/Animals Branches and Trees/SVG/TS-2021-010-12.svg,11. Kids & Animals Designs/Animals Branches and Trees/PNG/TS-2021-010-12.png
00472,Kids & Animals Designs,Animals Branches and Trees,TS-2021-010-13,,11. Kids & Animals Designs/Animals Branches and Trees/SVG/TS-2021-010-13.svg,11. Kids & Animals Designs/Animals Branches and Trees/PNG/TS-2021-010-13.png
00473,Kids & Animals Designs,Animals Branches and Trees,X4,,11. Kids & Animals Designs/Animals Branches and Trees/SVG/X4.svg,11. Kids & Animals Designs/Animals Branches and Trees/PNG/X4.png
00474,Kids & Animals Designs,Baby Mobile,Baby-mobile-01-SVG,,11. Kids & Animals Designs/Baby Mobile/SVG/Baby-mobile-01-SVG.svg,11. Kids & Animals Designs/Baby Mobile/PNG/Baby-mobile-01-SVG.png
00475,Kids & Animals Designs,Baby Mobile,Baby-mobile-02-SVG,,11. Kids & Animals Designs/Baby Mobile/SVG/Baby-mobile-02-SVG.svg,11. Kids & Animals Designs/Baby Mobile/PNG/Baby-mobile-02-SVG.png
00476,Kids & Animals Designs,Baby Mobile,Baby-mobile-03-SVG,,11. Kids & Animals Designs/Baby Mobile/SVG/Baby-mobile-03-SVG.svg,11. Kids & Animals Designs/Baby Mobile/PNG/Baby-mobile-03-SVG.png
00477,Kids & Animals Designs,Baby Mobile,Baby-mobile-04-SVG,,11. Kids & Animals Designs/Baby Mobile/SVG/Baby-mobile-04-SVG.svg,11. Kids & Animals Designs/Baby Mobile/PNG/Baby-mobile-04-SVG.png
00478,Kids & Animals Designs,Baby Mobile,Baby-mobile-05-SVG,,11. Kids & Animals Designs/Baby Mobile/SVG/Baby-mobile-05-SVG.svg,11. Kids & Animals Designs/Baby Mobile/PNG/Baby-mobile-05-SVG.png
00479,Kids & Animals Designs,Baby Mobile,Baby-mobile-06-SVG,,11. Kids & Animals Designs/Baby Mobile/SVG/Baby-mobile-06-SVG.svg,11. Kids & Animals Designs/Baby Mobile/PNG/Baby-mobile-06-SVG.png
00480,Kids & Animals Designs,Baby Mobile,Baby-mobile-07-SVG,,11. Kids & Animals Designs/Baby Mobile/SVG/Baby-mobile-07-SVG.svg,11. Kids & Animals Designs/Baby Mobile/PNG/Baby-mobile-07-SVG.png
00481,Kids & Animals Designs,Baby Mobile,Baby-mobile-08-SVG,,11. Kids & Animals Designs/Baby Mobile/SVG/Baby-mobile-08-SVG.svg,11. Kids & Animals Designs/Baby Mobile/PNG/Baby-mobile-08-SVG.png
00482,Kids & Animals Designs,Baby Mobile,Baby-mobile-09-SVG,,11. Kids & Animals Designs/Baby Mobile/SVG/Baby-mobile-09-SVG.svg,11. Kids & Animals Designs/Baby Mobile/PNG/Baby-mobile-09-SVG.png
00483,Kids & Animals Designs,Baby Mobile,Baby-mobile-10-SVG,,11. Kids & Animals Designs/Baby Mobile/SVG/Baby-mobile-10-SVG.svg,11. Kids & Animals Designs/Baby Mobile/PNG/Baby-mobile-10-SVG.png
00484,Kids & Animals Designs,Family Stand,Family-Stand-Laser-Cut-3.175mm-01-SVG,,11. Kids & Animals Designs/Family Stand/SVG/Family-Stand-Laser-Cut-3.175mm-01-SVG.svg,11. Kids & Animals Designs/Family Stand/PNG/Family-Stand-Laser-Cut-3.175mm-01-SVG.png
00485,Kids & Animals Designs,Family Stand,Family-Stand-Laser-Cut-3.175mm-02-SVG,,11. Kids & Animals Designs/Family Stand/SVG/Family-Stand-Laser-Cut-3.175mm-02-SVG.svg,11. Kids & Animals Designs/Family Stand/PNG/Family-Stand-Laser-Cut-3.175mm-02-SVG.png
00486,Kids & Animals Designs,Family Stand,Family-Stand-Laser-Cut-3.175mm-03-SVG,,11. Kids & Animals Designs/Family Stand/SVG/Family-Stand-Laser-Cut-3.175mm-03-SVG.svg,11. Kids & Animals Designs/Family Stand/PNG/Family-Stand-Laser-Cut-3.175mm-03-SVG.png
00487,Kids & Animals Designs,Family Stand,Family-Stand-Laser-Cut-3.175mm-04-SVG,,11. Kids & Animals Designs/Family Stand/SVG/Family-Stand-Laser-Cut-3.175mm-04-SVG.svg,11. Kids & Animals Designs/Family Stand/PNG/Family-Stand-Laser-Cut-3.175mm-04-SVG.png
00488,Kids & Animals Designs,Family Stand,Family-Stand-Laser-Cut-3.175mm-05-SVG,,11. Kids & Animals Designs/Family Stand/SVG/Family-Stand-Laser-Cut-3.175mm-05-SVG.svg,11. Kids & Animals Designs/Family Stand/PNG/Family-Stand-Laser-Cut-3.175mm-05-SVG.png
00489,Kids & Animals Designs,Family Stand,Family-Stand-Laser-Cut-3mm-01-SVG,,11. Kids & Animals Designs/Family Stand/SVG/Family-Stand-Laser-Cut-3mm-01-SVG.svg,11. Kids & Animals Designs/Family Stand/PNG/Family-Stand-Laser-Cut-3mm-01-SVG.png
00490,Kids & Animals Designs,Family Stand,Family-Stand-Laser-Cut-3mm-02-SVG,,11. Kids & Animals Designs/Family Stand/SVG/Family-Stand-Laser-Cut-3mm-02-SVG.svg,11. Kids & Animals Designs/Family Stand/PNG/Family-Stand-Laser-Cut-3mm-02-SVG.png
00491,Kids & Animals Designs,Family Stand,Family-Stand-Laser-Cut-3mm-03-SVG,,11. Kids & Animals Designs/Family Stand/SVG/Family-Stand-Laser-Cut-3mm-03-SVG.svg,11. Kids & Animals Designs/Family Stand/PNG/Family-Stand-Laser-Cut-3mm-03-SVG.png
00492,Kids & Animals Designs,Family Stand,Family-Stand-Laser-Cut-3mm-04-SVG,,11. Kids & Animals Designs/Family Stand/SVG/Family-Stand-Laser-Cut-3mm-04-SVG.svg,11. Kids & Animals Designs/Family Stand/PNG/Family-Stand-Laser-Cut-3mm-04-SVG.png
00493,Kids & Animals Designs,Family Stand,Family-Stand-Laser-Cut-3mm-05-SVG,,11. Kids & Animals Designs/Family Stand/SVG/Family-Stand-Laser-Cut-3mm-05-SVG.svg,11. Kids & Animals Designs/Family Stand/PNG/Family-Stand-Laser-Cut-3mm-05-SVG.png
00494,Kids & Animals Designs,Fish Decor,Fishing1,,11. Kids & Animals Designs/Fish Decor/Fishing Part1/SVG/Fishing1.svg,11. Kids & Animals Designs/Fish Decor/Fishing Part1/PNG/Fishing1.png
00495,Kids & Animals Designs,Fish Decor,Fishing10,,11. Kids & Animals Designs/Fish Decor/Fishing Part1/SVG/Fishing10.svg,11. Kids & Animals Designs/Fish Decor/Fishing Part1/PNG/Fishing10.png
00496,Kids & Animals Designs,Fish Decor,Fishing100,,11. Kids & Animals Designs/Fish Decor/Fishing Part1/SVG/Fishing100.svg,11. Kids & Animals Designs/Fish Decor/Fishing Part1/PNG/Fishing100.png
00497,Kids & Animals Designs,Fish Decor,Fishing11,,11. Kids & Animals Designs/Fish Decor/Fishing Part1/SVG/Fishing11.svg,11. Kids & Animals Designs/Fish Decor/Fishing Part1/PNG/Fishing11.png
00498,Kids & Animals Designs,Fish Decor,Fishing12,,11. Kids & Animals Designs/Fish Decor/Fishing Part1/SVG/Fishing12.svg,11. Kids & Animals Designs/Fish Decor/Fishing Part1/PNG/Fishing12.png
00499,Kids & Animals Designs,Fish Decor,Fishing13,,11. Kids & Animals Designs/Fish Decor/Fishing Part1/SVG/Fishing13.svg,11. Kids & Animals Designs/Fish Decor/Fishing Part1/PNG/Fishing13.png
00500,Kids & Animals Designs,Fish Decor,Fishing14,,11. Kids & Animals Designs/Fish Decor/Fishing Part1/SVG/Fishing14.svg,11. Kids & Animals Designs/Fish Decor/Fishing Part1/PNG/Fishing14.png
00501,Kids & Animals Designs,Fish Decor,Fishing15,,11. Kids & Animals Designs/Fish Decor/Fishing Part1/SVG/Fishing15.svg,11. Kids & Animals Designs/Fish Decor/Fishing Part1/PNG/Fishing15.png
00502,Kids & Animals Designs,Fish Decor,Fishing16,,11. Kids & Animals Designs/Fish Decor/Fishing Part1/SVG/Fishing16.svg,11. Kids & Animals Designs/Fish Decor/Fishing Part1/PNG/Fishing16.png
00503,Kids & Animals Designs,Fish Decor,Fishing17,,11. Kids & Animals Designs/Fish Decor/Fishing Part1/SVG/Fishing17.svg,11. Kids & Animals Designs/Fish Decor/Fishing Part1/PNG/Fishing17.png
00504,Kids & Animals Designs,Fish Decor,Fishing18,,11. Kids & Animals Designs/Fish Decor/Fishing Part1/SVG/Fishing18.svg,11. Kids & Animals Designs/Fish Decor/Fishing Part1/PNG/Fishing18.png
00505,Kids & Animals Designs,Fish Decor,Fishing19,,11. Kids & Animals Designs/Fish Decor/Fishing Part1/SVG/Fishing19.svg,11. Kids & Animals Designs/Fish Decor/Fishing Part1/PNG/Fishing19.png
00506,Kids & Animals Designs,Fish Decor,Fishing2,,11. Kids & Animals Designs/Fish Decor/Fishing Part1/SVG/Fishing2.svg,11. Kids & Animals Designs/Fish Decor/Fishing Part1/PNG/Fishing2.png
00507,Kids & Animals Designs,Fish Decor,Fishing20,,11. Kids & Animals Designs/Fish Decor/Fishing Part1/SVG/Fishing20.svg,11. Kids & Animals Designs/Fish Decor/Fishing Part1/PNG/Fishing20.png
00508,Kids & Animals Designs,Fish Decor,Fishing21,,11. Kids & Animals Designs/Fish Decor/Fishing Part1/SVG/Fishing21.svg,11. Kids & Animals Designs/Fish Decor/Fishing Part1/PNG/Fishing21.png
00509,Kids & Animals Designs,Fish Decor,Fishing22,,11. Kids & Animals Designs/Fish Decor/Fishing Part1/SVG/Fishing22.svg,11. Kids & Animals Designs/Fish Decor/Fishing Part1/PNG/Fishing22.png
00510,Kids & Animals Designs,Fish Decor,Fishing23,,11. Kids & Animals Designs/Fish Decor/Fishing Part1/SVG/Fishing23.svg,11. Kids & Animals Designs/Fish Decor/Fishing Part1/PNG/Fishing23.png
00511,Kids & Animals Designs,Fish Decor,Fishing24,,11. Kids & Animals Designs/Fish Decor/Fishing Part1/SVG/Fishing24.svg,11. Kids & Animals Designs/Fish Decor/Fishing Part1/PNG/Fishing24.png
00512,Kids & Animals Designs,Fish Decor,Fishing25,,11. Kids & Animals Designs/Fish Decor/Fishing Part1/SVG/Fishing25.svg,11. Kids & Animals Designs/Fish Decor/Fishing Part1/PNG/Fishing25.png
00513,Kids & Animals Designs,Fish Decor,Fishing26,,11. Kids & Animals Designs/Fish Decor/Fishing Part1/SVG/Fishing26.svg,11. Kids & Animals Designs/Fish Decor/Fishing Part1/PNG/Fishing26.png
00514,Kids & Animals Designs,Fish Decor,Fishing27,,11. Kids & Animals Designs/Fish Decor/Fishing Part1/SVG/Fishing27.svg,11. Kids & Animals Designs/Fish Decor/Fishing Part1/PNG/Fishing27.png
00515,Kids & Animals Designs,Fish Decor,Fishing28,,11. Kids & Animals Designs/Fish Decor/Fishing Part1/SVG/Fishing28.svg,11. Kids & Animals Designs/Fish Decor/Fishing Part1/PNG/Fishing28.png
00516,Kids & Animals Designs,Fish Decor,Fishing29,,11. Kids & Animals Designs/Fish Decor/Fishing Part1/SVG/Fishing29.svg,11. Kids & Animals Designs/Fish Decor/Fishing Part1/PNG/Fishing29.png
00517,Kids & Animals Designs,Fish Decor,Fishing3,,11. Kids & Animals Designs/Fish Decor/Fishing Part1/SVG/Fishing3.svg,11. Kids & Animals Designs/Fish Decor/Fishing Part1/PNG/Fishing3.png
00518,Kids & Animals Designs,Fish Decor,Fishing30,,11. Kids & Animals Designs/Fish Decor/Fishing Part1/SVG/Fishing30.svg,11. Kids & Animals Designs/Fish Decor/Fishing Part1/PNG/Fishing30.png
00519,Kids & Animals Designs,Fish Decor,Fishing31,,11. Kids & Animals Designs/Fish Decor/Fishing Part1/SVG/Fishing31.svg,11. Kids & Animals Designs/Fish Decor/Fishing Part1/PNG/Fishing31.png
00520,Kids & Animals Designs,Fish Decor,Fishing32,,11. Kids & Animals Designs/Fish Decor/Fishing Part1/SVG/Fishing32.svg,11. Kids & Animals Designs/Fish Decor/Fishing Part1/PNG/Fishing32.png
00521,Kids & Animals Designs,Fish Decor,Fishing33,,11. Kids & Animals Designs/Fish Decor/Fishing Part1/SVG/Fishing33.svg,11. Kids & Animals Designs/Fish Decor/Fishing Part1/PNG/Fishing33.png
00522,Kids & Animals Designs,Fish Decor,Fishing34,,11. Kids & Animals Designs/Fish Decor/Fishing Part1/SVG/Fishing34.svg,11. Kids & Animals Designs/Fish Decor/Fishing Part1/PNG/Fishing34.png
00523,Kids & Animals Designs,Fish Decor,Fishing35,,11. Kids & Animals Designs/Fish Decor/Fishing Part1/SVG/Fishing35.svg,11. Kids & Animals Designs/Fish Decor/Fishing Part1/PNG/Fishing35.png
00524,Kids & Animals Designs,Fish Decor,Fishing36,,11. Kids & Animals Designs/Fish Decor/Fishing Part1/SVG/Fishing36.svg,11. Kids & Animals Designs/Fish Decor/Fishing Part1/PNG/Fishing36.png
00525,Kids & Animals Designs,Fish Decor,Fishing37,,11. Kids & Animals Designs/Fish Decor/Fishing Part1/SVG/Fishing37.svg,11. Kids & Animals Designs/Fish Decor/Fishing Part1/PNG/Fishing37.png
00526,Kids & Animals Designs,Fish Decor,Fishing38,,11. Kids & Animals Designs/Fish Decor/Fishing Part1/SVG/Fishing38.svg,11. Kids & Animals Designs/Fish Decor/Fishing Part1/PNG/Fishing38.png
00527,Kids & Animals Designs,Fish Decor,Fishing39,,11. Kids & Animals Designs/Fish Decor/Fishing Part1/SVG/Fishing39.svg,11. Kids & Animals Designs/Fish Decor/Fishing Part1/PNG/Fishing39.png
00528,Kids & Animals Designs,Fish Decor,Fishing4,,11. Kids & Animals Designs/Fish Decor/Fishing Part1/SVG/Fishing4.svg,11. Kids & Animals Designs/Fish Decor/Fishing Part1/PNG/Fishing4.png
00529,Kids & Animals Designs,Fish Decor,Fishing40,,11. Kids & Animals Designs/Fish Decor/Fishing Part1/SVG/Fishing40.svg,11. Kids & Animals Designs/Fish Decor/Fishing Part1/PNG/Fishing40.png
00530,Kids & Animals Designs,Fish Decor,Fishing41,,11. Kids & Animals Designs/Fish Decor/Fishing Part1/SVG/Fishing41.svg,11. Kids & Animals Designs/Fish Decor/Fishing Part1/PNG/Fishing41.png
00531,Kids & Animals Designs,Fish Decor,Fishing42,,11. Kids & Animals Designs/Fish Decor/Fishing Part1/SVG/Fishing42.svg,11. Kids & Animals Designs/Fish Decor/Fishing Part1/PNG/Fishing42.png
00532,Kids & Animals Designs,Fish Decor,Fishing43,,11. Kids & Animals Designs/Fish Decor/Fishing Part1/SVG/Fishing43.svg,11. Kids & Animals Designs/Fish Decor/Fishing Part1/PNG/Fishing43.png
00533,Kids & Animals Designs,Fish Decor,Fishing44,,11. Kids & Animals Designs/Fish Decor/Fishing Part1/SVG/Fishing44.svg,11. Kids & Animals Designs/Fish Decor/Fishing Part1/PNG/Fishing44.png
00534,Kids & Animals Designs,Fish Decor,Fishing45 ,,11. Kids & Animals Designs/Fish Decor/Fishing Part1/SVG/Fishing45 .svg,11. Kids & Animals Designs/Fish Decor/Fishing Part1/PNG/Fishing45 .png
00535,Kids & Animals Designs,Fish Decor,Fishing46,,11. Kids & Animals Designs/Fish Decor/Fishing Part1/SVG/Fishing46.svg,11. Kids & Animals Designs/Fish Decor/Fishing Part1/PNG/Fishing46.png
00536,Kids & Animals Designs,Fish Decor,Fishing47,,11. Kids & Animals Designs/Fish Decor/Fishing Part1/SVG/Fishing47.svg,11. Kids & Animals Designs/Fish Decor/Fishing Part1/PNG/Fishing47.png
00537,Kids & Animals Designs,Fish Decor,Fishing48,,11. Kids & Animals Designs/Fish Decor/Fishing Part1/SVG/Fishing48.svg,11. Kids & Animals Designs/Fish Decor/Fishing Part1/PNG/Fishing48.png
00538,Kids & Animals Designs,Fish Decor,Fishing49,,11. Kids & Animals Designs/Fish Decor/Fishing Part1/SVG/Fishing49.svg,11. Kids & Animals Designs/Fish Decor/Fishing Part1/PNG/Fishing49.png
00539,Kids & Animals Designs,Fish Decor,Fishing5,,11. Kids & Animals Designs/Fish Decor/Fishing Part1/SVG/Fishing5.svg,11. Kids & Animals Designs/Fish Decor/Fishing Part1/PNG/Fishing5.png
00540,Kids & Animals Designs,Fish Decor,Fishing50,,11. Kids & Animals Designs/Fish Decor/Fishing Part1/SVG/Fishing50.svg,11. Kids & Animals Designs/Fish Decor/Fishing Part1/PNG/Fishing50.png
00541,Kids & Animals Designs,Fish Decor,Fishing51,,11. Kids & Animals Designs/Fish Decor/Fishing Part1/SVG/Fishing51.svg,11. Kids & Animals Designs/Fish Decor/Fishing Part1/PNG/Fishing51.png
00542,Kids & Animals Designs,Fish Decor,Fishing52,,11. Kids & Animals Designs/Fish Decor/Fishing Part1/SVG/Fishing52.svg,11. Kids & Animals Designs/Fish Decor/Fishing Part1/PNG/Fishing52.png
00543,Kids & Animals Designs,Fish Decor,Fishing53,,11. Kids & Animals Designs/Fish Decor/Fishing Part1/SVG/Fishing53.svg,11. Kids & Animals Designs/Fish Decor/Fishing Part1/PNG/Fishing53.png
00544,Kids & Animals Designs,Fish Decor,Fishing54,,11. Kids & Animals Designs/Fish Decor/Fishing Part1/SVG/Fishing54.svg,11. Kids & Animals Designs/Fish Decor/Fishing Part1/PNG/Fishing54.png
00545,Kids & Animals Designs,Fish Decor,Fishing55,,11. Kids & Animals Designs/Fish Decor/Fishing Part1/SVG/Fishing55.svg,11. Kids & Animals Designs/Fish Decor/Fishing Part1/PNG/Fishing55.png
00546,Kids & Animals Designs,Fish Decor,Fishing56,,11. Kids & Animals Designs/Fish Decor/Fishing Part1/SVG/Fishing56.svg,11. Kids & Animals Designs/Fish Decor/Fishing Part1/PNG/Fishing56.png
00547,Kids & Animals Designs,Fish Decor,Fishing57,,11. Kids & Animals Designs/Fish Decor/Fishing Part1/SVG/Fishing57.svg,11. Kids & Animals Designs/Fish Decor/Fishing Part1/PNG/Fishing57.png
00548,Kids & Animals Designs,Fish Decor,Fishing58,,11. Kids & Animals Designs/Fish Decor/Fishing Part1/SVG/Fishing58.svg,11. Kids & Animals Designs/Fish Decor/Fishing Part1/PNG/Fishing58.png
00549,Kids & Animals Designs,Fish Decor,Fishing59,,11. Kids & Animals Designs/Fish Decor/Fishing Part1/SVG/Fishing59.svg,11. Kids & Animals Designs/Fish Decor/Fishing Part1/PNG/Fishing59.png
00550,Kids & Animals Designs,Fish Decor,Fishing6,,11. Kids & Animals Designs/Fish Decor/Fishing Part1/SVG/Fishing6.svg,11. Kids & Animals Designs/Fish Decor/Fishing Part1/PNG/Fishing6.png
00551,Kids & Animals Designs,Fish Decor,Fishing60,,11. Kids & Animals Designs/Fish Decor/Fishing Part1/SVG/Fishing60.svg,11. Kids & Animals Designs/Fish Decor/Fishing Part1/PNG/Fishing60.png
00552,Kids & Animals Designs,Fish Decor,Fishing61,,11. Kids & Animals Designs/Fish Decor/Fishing Part1/SVG/Fishing61.svg,11. Kids & Animals Designs/Fish Decor/Fishing Part1/PNG/Fishing61.png
00553,Kids & Animals Designs,Fish Decor,Fishing62,,11. Kids & Animals Designs/Fish Decor/Fishing Part1/SVG/Fishing62.svg,11. Kids & Animals Designs/Fish Decor/Fishing Part1/PNG/Fishing62.png
00554,Kids & Animals Designs,Fish Decor,Fishing63,,11. Kids & Animals Designs/Fish Decor/Fishing Part1/SVG/Fishing63.svg,11. Kids & Animals Designs/Fish Decor/Fishing Part1/PNG/Fishing63.png
00555,Kids & Animals Designs,Fish Decor,Fishing64,,11. Kids & Animals Designs/Fish Decor/Fishing Part1/SVG/Fishing64.svg,11. Kids & Animals Designs/Fish Decor/Fishing Part1/PNG/Fishing64.png
00556,Kids & Animals Designs,Fish Decor,Fishing65,,11. Kids & Animals Designs/Fish Decor/Fishing Part1/SVG/Fishing65.svg,11. Kids & Animals Designs/Fish Decor/Fishing Part1/PNG/Fishing65.png
00557,Kids & Animals Designs,Fish Decor,Fishing66,,11. Kids & Animals Designs/Fish Decor/Fishing Part1/SVG/Fishing66.svg,11. Kids & Animals Designs/Fish Decor/Fishing Part1/PNG/Fishing66.png
00558,Kids & Animals Designs,Fish Decor,Fishing67,,11. Kids & Animals Designs/Fish Decor/Fishing Part1/SVG/Fishing67.svg,11. Kids & Animals Designs/Fish Decor/Fishing Part1/PNG/Fishing67.png
00559,Kids & Animals Designs,Fish Decor,Fishing68,,11. Kids & Animals Designs/Fish Decor/Fishing Part1/SVG/Fishing68.svg,11. Kids & Animals Designs/Fish Decor/Fishing Part1/PNG/Fishing68.png
00560,Kids & Animals Designs,Fish Decor,Fishing69,,11. Kids & Animals Designs/Fish Decor/Fishing Part1/SVG/Fishing69.svg,11. Kids & Animals Designs/Fish Decor/Fishing Part1/PNG/Fishing69.png
00561,Kids & Animals Designs,Fish Decor,Fishing7,,11. Kids & Animals Designs/Fish Decor/Fishing Part1/SVG/Fishing7.svg,11. Kids & Animals Designs/Fish Decor/Fishing Part1/PNG/Fishing7.png
00562,Kids & Animals Designs,Fish Decor,Fishing70,,11. Kids & Animals Designs/Fish Decor/Fishing Part1/SVG/Fishing70.svg,11. Kids & Animals Designs/Fish Decor/Fishing Part1/PNG/Fishing70.png
00563,Kids & Animals Designs,Fish Decor,Fishing71,,11. Kids & Animals Designs/Fish Decor/Fishing Part1/SVG/Fishing71.svg,11. Kids & Animals Designs/Fish Decor/Fishing Part1/PNG/Fishing71.png
00564,Kids & Animals Designs,Fish Decor,Fishing72,,11. Kids & Animals Designs/Fish Decor/Fishing Part1/SVG/Fishing72.svg,11. Kids & Animals Designs/Fish Decor/Fishing Part1/PNG/Fishing72.png
00565,Kids & Animals Designs,Fish Decor,Fishing73,,11. Kids & Animals Designs/Fish Decor/Fishing Part1/SVG/Fishing73.svg,11. Kids & Animals Designs/Fish Decor/Fishing Part1/PNG/Fishing73.png
00566,Kids & Animals Designs,Fish Decor,Fishing74,,11. Kids & Animals Designs/Fish Decor/Fishing Part1/SVG/Fishing74.svg,11. Kids & Animals Designs/Fish Decor/Fishing Part1/PNG/Fishing74.png
00567,Kids & Animals Designs,Fish Decor,Fishing75,,11. Kids & Animals Designs/Fish Decor/Fishing Part1/SVG/Fishing75.svg,11. Kids & Animals Designs/Fish Decor/Fishing Part1/PNG/Fishing75.png
00568,Kids & Animals Designs,Fish Decor,Fishing76,,11. Kids & Animals Designs/Fish Decor/Fishing Part1/SVG/Fishing76.svg,11. Kids & Animals Designs/Fish Decor/Fishing Part1/PNG/Fishing76.png
00569,Kids & Animals Designs,Fish Decor,Fishing77,,11. Kids & Animals Designs/Fish Decor/Fishing Part1/SVG/Fishing77.svg,11. Kids & Animals Designs/Fish Decor/Fishing Part1/PNG/Fishing77.png
00570,Kids & Animals Designs,Fish Decor,Fishing78,,11. Kids & Animals Designs/Fish Decor/Fishing Part1/SVG/Fishing78.svg,11. Kids & Animals Designs/Fish Decor/Fishing Part1/PNG/Fishing78.png
00571,Kids & Animals Designs,Fish Decor,Fishing79,,11. Kids & Animals Designs/Fish Decor/Fishing Part1/SVG/Fishing79.svg,11. Kids & Animals Designs/Fish Decor/Fishing Part1/PNG/Fishing79.png
00572,Kids & Animals Designs,Fish Decor,Fishing8,,11. Kids & Animals Designs/Fish Decor/Fishing Part1/SVG/Fishing8.svg,11. Kids & Animals Designs/Fish Decor/Fishing Part1/PNG/Fishing8.png
00573,Kids & Animals Designs,Fish Decor,Fishing80,,11. Kids & Animals Designs/Fish Decor/Fishing Part1/SVG/Fishing80.svg,11. Kids & Animals Designs/Fish Decor/Fishing Part1/PNG/Fishing80.png
00574,Kids & Animals Designs,Fish Decor,Fishing81,,11. Kids & Animals Designs/Fish Decor/Fishing Part1/SVG/Fishing81.svg,11. Kids & Animals Designs/Fish Decor/Fishing Part1/PNG/Fishing81.png
00575,Kids & Animals Designs,Fish Decor,Fishing82,,11. Kids & Animals Designs/Fish Decor/Fishing Part1/SVG/Fishing82.svg,11. Kids & Animals Designs/Fish Decor/Fishing Part1/PNG/Fishing82.png
00576,Kids & Animals Designs,Fish Decor,Fishing83,,11. Kids & Animals Designs/Fish Decor/Fishing Part1/SVG/Fishing83.svg,11. Kids & Animals Designs/Fish Decor/Fishing Part1/PNG/Fishing83.png
00577,Kids & Animals Designs,Fish Decor,Fishing84,,11. Kids & Animals Designs/Fish Decor/Fishing Part1/SVG/Fishing84.svg,11. Kids & Animals Designs/Fish Decor/Fishing Part1/PNG/Fishing84.png
00578,Kids & Animals Designs,Fish Decor,Fishing85,,11. Kids & Animals Designs/Fish Decor/Fishing Part1/SVG/Fishing85.svg,11. Kids & Animals Designs/Fish Decor/Fishing Part1/PNG/Fishing85.png
00579,Kids & Animals Designs,Fish Decor,Fishing86,,11. Kids & Animals Designs/Fish Decor/Fishing Part1/SVG/Fishing86.svg,11. Kids & Animals Designs/Fish Decor/Fishing Part1/PNG/Fishing86.png
00580,Kids & Animals Designs,Fish Decor,Fishing87,,11. Kids & Animals Designs/Fish Decor/Fishing Part1/SVG/Fishing87.svg,11. Kids & Animals Designs/Fish Decor/Fishing Part1/PNG/Fishing87.png
00581,Kids & Animals Designs,Fish Decor,Fishing88,,11. Kids & Animals Designs/Fish Decor/Fishing Part1/SVG/Fishing88.svg,11. Kids & Animals Designs/Fish Decor/Fishing Part1/PNG/Fishing88.png
00582,Kids & Animals Designs,Fish Decor,Fishing89,,11. Kids & Animals Designs/Fish Decor/Fishing Part1/SVG/Fishing89.svg,11. Kids & Animals Designs/Fish Decor/Fishing Part1/PNG/Fishing89.png
00583,Kids & Animals Designs,Fish Decor,Fishing9,,11. Kids & Animals Designs/Fish Decor/Fishing Part1/SVG/Fishing9.svg,11. Kids & Animals Designs/Fish Decor/Fishing Part1/PNG/Fishing9.png
00584,Kids & Animals Designs,Fish Decor,Fishing90,,11. Kids & Animals Designs/Fish Decor/Fishing Part1/SVG/Fishing90.svg,11. Kids & Animals Designs/Fish Decor/Fishing Part1/PNG/Fishing90.png
00585,Kids & Animals Designs,Fish Decor,Fishing91,,11. Kids & Animals Designs/Fish Decor/Fishing Part1/SVG/Fishing91.svg,11. Kids & Animals Designs/Fish Decor/Fishing Part1/PNG/Fishing91.png
00586,Kids & Animals Designs,Fish Decor,Fishing92,,11. Kids & Animals Designs/Fish Decor/Fishing Part1/SVG/Fishing92.svg,11. Kids & Animals Designs/Fish Decor/Fishing Part1/PNG/Fishing92.png
00587,Kids & Animals Designs,Fish Decor,Fishing93,,11. Kids & Animals Designs/Fish Decor/Fishing Part1/SVG/Fishing93.svg,11. Kids & Animals Designs/Fish Decor/Fishing Part1/PNG/Fishing93.png
00588,Kids & Animals Designs,Fish Decor,Fishing94,,11. Kids & Animals Designs/Fish Decor/Fishing Part1/SVG/Fishing94.svg,11. Kids & Animals Designs/Fish Decor/Fishing Part1/PNG/Fishing94.png
00589,Kids & Animals Designs,Fish Decor,Fishing95,,11. Kids & Animals Designs/Fish Decor/Fishing Part1/SVG/Fishing95.svg,11. Kids & Animals Designs/Fish Decor/Fishing Part1/PNG/Fishing95.png
00590,Kids & Animals Designs,Fish Decor,Fishing96,,11. Kids & Animals Designs/Fish Decor/Fishing Part1/SVG/Fishing96.svg,11. Kids & Animals Designs/Fish Decor/Fishing Part1/PNG/Fishing96.png
00591,Kids & Animals Designs,Fish Decor,Fishing97,,11. Kids & Animals Designs/Fish Decor/Fishing Part1/SVG/Fishing97.svg,11. Kids & Animals Designs/Fish Decor/Fishing Part1/PNG/Fishing97.png
00592,Kids & Animals Designs,Fish Decor,Fishing98,,11. Kids & Animals Designs/Fish Decor/Fishing Part1/SVG/Fishing98.svg,11. Kids & Animals Designs/Fish Decor/Fishing Part1/PNG/Fishing98.png
00593,Kids & Animals Designs,Fish Decor,Fishing99,,11. Kids & Animals Designs/Fish Decor/Fishing Part1/SVG/Fishing99.svg,11. Kids & Animals Designs/Fish Decor/Fishing Part1/PNG/Fishing99.png
00594,Kids & Animals Designs,Fish Decor,Fishing1,,11. Kids & Animals Designs/Fish Decor/Fishing Part2/SVG/Fishing1.svg,11. Kids & Animals Designs/Fish Decor/Fishing Part2/PNG/Fishing1.png
00595,Kids & Animals Designs,Fish Decor,Fishing10,,11. Kids & Animals Designs/Fish Decor/Fishing Part2/SVG/Fishing10.svg,11. Kids & Animals Designs/Fish Decor/Fishing Part2/PNG/Fishing10.png
00596,Kids & Animals Designs,Fish Decor,Fishing100,,11. Kids & Animals Designs/Fish Decor/Fishing Part2/SVG/Fishing100.svg,11. Kids & Animals Designs/Fish Decor/Fishing Part2/PNG/Fishing100.png
00597,Kids & Animals Designs,Fish Decor,Fishing11,,11. Kids & Animals Designs/Fish Decor/Fishing Part2/SVG/Fishing11.svg,11. Kids & Animals Designs/Fish Decor/Fishing Part2/PNG/Fishing11.png
00598,Kids & Animals Designs,Fish Decor,Fishing12,,11. Kids & Animals Designs/Fish Decor/Fishing Part2/SVG/Fishing12.svg,11. Kids & Animals Designs/Fish Decor/Fishing Part2/PNG/Fishing12.png
00599,Kids & Animals Designs,Fish Decor,Fishing13,,11. Kids & Animals Designs/Fish Decor/Fishing Part2/SVG/Fishing13.svg,11. Kids & Animals Designs/Fish Decor/Fishing Part2/PNG/Fishing13.png
00600,Kids & Animals Designs,Fish Decor,Fishing14,,11. Kids & Animals Designs/Fish Decor/Fishing Part2/SVG/Fishing14.svg,11. Kids & Animals Designs/Fish Decor/Fishing Part2/PNG/Fishing14.png
00601,Kids & Animals Designs,Fish Decor,Fishing15,,11. Kids & Animals Designs/Fish Decor/Fishing Part2/SVG/Fishing15.svg,11. Kids & Animals Designs/Fish Decor/Fishing Part2/PNG/Fishing15.png
00602,Kids & Animals Designs,Fish Decor,Fishing16,,11. Kids & Animals Designs/Fish Decor/Fishing Part2/SVG/Fishing16.svg,11. Kids & Animals Designs/Fish Decor/Fishing Part2/PNG/Fishing16.png
00603,Kids & Animals Designs,Fish Decor,Fishing17,,11. Kids & Animals Designs/Fish Decor/Fishing Part2/SVG/Fishing17.svg,11. Kids & Animals Designs/Fish Decor/Fishing Part2/PNG/Fishing17.png
00604,Kids & Animals Designs,Fish Decor,Fishing18,,11. Kids & Animals Designs/Fish Decor/Fishing Part2/SVG/Fishing18.svg,11. Kids & Animals Designs/Fish Decor/Fishing Part2/PNG/Fishing18.png
00605,Kids & Animals Designs,Fish Decor,Fishing19,,11. Kids & Animals Designs/Fish Decor/Fishing Part2/SVG/Fishing19.svg,11. Kids & Animals Designs/Fish Decor/Fishing Part2/PNG/Fishing19.png
00606,Kids & Animals Designs,Fish Decor,Fishing2,,11. Kids & Animals Designs/Fish Decor/Fishing Part2/SVG/Fishing2.svg,11. Kids & Animals Designs/Fish Decor/Fishing Part2/PNG/Fishing2.png
00607,Kids & Animals Designs,Fish Decor,Fishing20,,11. Kids & Animals Designs/Fish Decor/Fishing Part2/SVG/Fishing20.svg,11. Kids & Animals Designs/Fish Decor/Fishing Part2/PNG/Fishing20.png
00608,Kids & Animals Designs,Fish Decor,Fishing21,,11. Kids & Animals Designs/Fish Decor/Fishing Part2/SVG/Fishing21.svg,11. Kids & Animals Designs/Fish Decor/Fishing Part2/PNG/Fishing21.png
00609,Kids & Animals Designs,Fish Decor,Fishing22,,11. Kids & Animals Designs/Fish Decor/Fishing Part2/SVG/Fishing22.svg,11. Kids & Animals Designs/Fish Decor/Fishing Part2/PNG/Fishing22.png
00610,Kids & Animals Designs,Fish Decor,Fishing23,,11. Kids & Animals Designs/Fish Decor/Fishing Part2/SVG/Fishing23.svg,11. Kids & Animals Designs/Fish Decor/Fishing Part2/PNG/Fishing23.png
00611,Kids & Animals Designs,Fish Decor,Fishing24,,11. Kids & Animals Designs/Fish Decor/Fishing Part2/SVG/Fishing24.svg,11. Kids & Animals Designs/Fish Decor/Fishing Part2/PNG/Fishing24.png
00612,Kids & Animals Designs,Fish Decor,Fishing25,,11. Kids & Animals Designs/Fish Decor/Fishing Part2/SVG/Fishing25.svg,11. Kids & Animals Designs/Fish Decor/Fishing Part2/PNG/Fishing25.png
00613,Kids & Animals Designs,Fish Decor,Fishing26,,11. Kids & Animals Designs/Fish Decor/Fishing Part2/SVG/Fishing26.svg,11. Kids & Animals Designs/Fish Decor/Fishing Part2/PNG/Fishing26.png
00614,Kids & Animals Designs,Fish Decor,Fishing27,,11. Kids & Animals Designs/Fish Decor/Fishing Part2/SVG/Fishing27.svg,11. Kids & Animals Designs/Fish Decor/Fishing Part2/PNG/Fishing27.png
00615,Kids & Animals Designs,Fish Decor,Fishing28,,11. Kids & Animals Designs/Fish Decor/Fishing Part2/SVG/Fishing28.svg,11. Kids & Animals Designs/Fish Decor/Fishing Part2/PNG/Fishing28.png
00616,Kids & Animals Designs,Fish Decor,Fishing29,,11. Kids & Animals Designs/Fish Decor/Fishing Part2/SVG/Fishing29.svg,11. Kids & Animals Designs/Fish Decor/Fishing Part2/PNG/Fishing29.png
00617,Kids & Animals Designs,Fish Decor,Fishing3,,11. Kids & Animals Designs/Fish Decor/Fishing Part2/SVG/Fishing3.svg,11. Kids & Animals Designs/Fish Decor/Fishing Part2/PNG/Fishing3.png
00618,Kids & Animals Designs,Fish Decor,Fishing30,,11. Kids & Animals Designs/Fish Decor/Fishing Part2/SVG/Fishing30.svg,11. Kids & Animals Designs/Fish Decor/Fishing Part2/PNG/Fishing30.png
00619,Kids & Animals Designs,Fish Decor,Fishing31,,11. Kids & Animals Designs/Fish Decor/Fishing Part2/SVG/Fishing31.svg,11. Kids & Animals Designs/Fish Decor/Fishing Part2/PNG/Fishing31.png
00620,Kids & Animals Designs,Fish Decor,Fishing32,,11. Kids & Animals Designs/Fish Decor/Fishing Part2/SVG/Fishing32.svg,11. Kids & Animals Designs/Fish Decor/Fishing Part2/PNG/Fishing32.png
00621,Kids & Animals Designs,Fish Decor,Fishing33,,11. Kids & Animals Designs/Fish Decor/Fishing Part2/SVG/Fishing33.svg,11. Kids & Animals Designs/Fish Decor/Fishing Part2/PNG/Fishing33.png
00622,Kids & Animals Designs,Fish Decor,Fishing34,,11. Kids & Animals Designs/Fish Decor/Fishing Part2/SVG/Fishing34.svg,11. Kids & Animals Designs/Fish Decor/Fishing Part2/PNG/Fishing34.png
00623,Kids & Animals Designs,Fish Decor,Fishing35,,11. Kids & Animals Designs/Fish Decor/Fishing Part2/SVG/Fishing35.svg,11. Kids & Animals Designs/Fish Decor/Fishing Part2/PNG/Fishing35.png
00624,Kids & Animals Designs,Fish Decor,Fishing36,,11. Kids & Animals Designs/Fish Decor/Fishing Part2/SVG/Fishing36.svg,11. Kids & Animals Designs/Fish Decor/Fishing Part2/PNG/Fishing36.png
00625,Kids & Animals Designs,Fish Decor,Fishing37,,11. Kids & Animals Designs/Fish Decor/Fishing Part2/SVG/Fishing37.svg,11. Kids & Animals Designs/Fish Decor/Fishing Part2/PNG/Fishing37.png
00626,Kids & Animals Designs,Fish Decor,Fishing38,,11. Kids & Animals Designs/Fish Decor/Fishing Part2/SVG/Fishing38.svg,11. Kids & Animals Designs/Fish Decor/Fishing Part2/PNG/Fishing38.png
00627,Kids & Animals Designs,Fish Decor,Fishing39,,11. Kids & Animals Designs/Fish Decor/Fishing Part2/SVG/Fishing39.svg,11. Kids & Animals Designs/Fish Decor/Fishing Part2/PNG/Fishing39.png
00628,Kids & Animals Designs,Fish Decor,Fishing4,,11. Kids & Animals Designs/Fish Decor/Fishing Part2/SVG/Fishing4.svg,11. Kids & Animals Designs/Fish Decor/Fishing Part2/PNG/Fishing4.png
00629,Kids & Animals Designs,Fish Decor,Fishing40,,11. Kids & Animals Designs/Fish Decor/Fishing Part2/SVG/Fishing40.svg,11. Kids & Animals Designs/Fish Decor/Fishing Part2/PNG/Fishing40.png
00630,Kids & Animals Designs,Fish Decor,Fishing41,,11. Kids & Animals Designs/Fish Decor/Fishing Part2/SVG/Fishing41.svg,11. Kids & Animals Designs/Fish Decor/Fishing Part2/PNG/Fishing41.png
00631,Kids & Animals Designs,Fish Decor,Fishing42,,11. Kids & Animals Designs/Fish Decor/Fishing Part2/SVG/Fishing42.svg,11. Kids & Animals Designs/Fish Decor/Fishing Part2/PNG/Fishing42.png
00632,Kids & Animals Designs,Fish Decor,Fishing43,,11. Kids & Animals Designs/Fish Decor/Fishing Part2/SVG/Fishing43.svg,11. Kids & Animals Designs/Fish Decor/Fishing Part2/PNG/Fishing43.png
00633,Kids & Animals Designs,Fish Decor,Fishing44,,11. Kids & Animals Designs/Fish Decor/Fishing Part2/SVG/Fishing44.svg,11. Kids & Animals Designs/Fish Decor/Fishing Part2/PNG/Fishing44.png
00634,Kids & Animals Designs,Fish Decor,Fishing45,,11. Kids & Animals Designs/Fish Decor/Fishing Part2/SVG/Fishing45.svg,11. Kids & Animals Designs/Fish Decor/Fishing Part2/PNG/Fishing45.png
00635,Kids & Animals Designs,Fish Decor,Fishing46,,11. Kids & Animals Designs/Fish Decor/Fishing Part2/SVG/Fishing46.svg,11. Kids & Animals Designs/Fish Decor/Fishing Part2/PNG/Fishing46.png
00636,Kids & Animals Designs,Fish Decor,Fishing47,,11. Kids & Animals Designs/Fish Decor/Fishing Part2/SVG/Fishing47.svg,11. Kids & Animals Designs/Fish Decor/Fishing Part2/PNG/Fishing47.png
00637,Kids & Animals Designs,Fish Decor,Fishing48,,11. Kids & Animals Designs/Fish Decor/Fishing Part2/SVG/Fishing48.svg,11. Kids & Animals Designs/Fish Decor/Fishing Part2/PNG/Fishing48.png
00638,Kids & Animals Designs,Fish Decor,Fishing49,,11. Kids & Animals Designs/Fish Decor/Fishing Part2/SVG/Fishing49.svg,11. Kids & Animals Designs/Fish Decor/Fishing Part2/PNG/Fishing49.png
00639,Kids & Animals Designs,Fish Decor,Fishing5,,11. Kids & Animals Designs/Fish Decor/Fishing Part2/SVG/Fishing5.svg,11. Kids & Animals Designs/Fish Decor/Fishing Part2/PNG/Fishing5.png
00640,Kids & Animals Designs,Fish Decor,Fishing50,,11. Kids & Animals Designs/Fish Decor/Fishing Part2/SVG/Fishing50.svg,11. Kids & Animals Designs/Fish Decor/Fishing Part2/PNG/Fishing50.png
00641,Kids & Animals Designs,Fish Decor,Fishing51,,11. Kids & Animals Designs/Fish Decor/Fishing Part2/SVG/Fishing51.svg,11. Kids & Animals Designs/Fish Decor/Fishing Part2/PNG/Fishing51.png
00642,Kids & Animals Designs,Fish Decor,Fishing52,,11. Kids & Animals Designs/Fish Decor/Fishing Part2/SVG/Fishing52.svg,11. Kids & Animals Designs/Fish Decor/Fishing Part2/PNG/Fishing52.png
00643,Kids & Animals Designs,Fish Decor,Fishing53,,11. Kids & Animals Designs/Fish Decor/Fishing Part2/SVG/Fishing53.svg,11. Kids & Animals Designs/Fish Decor/Fishing Part2/PNG/Fishing53.png
00644,Kids & Animals Designs,Fish Decor,Fishing54,,11. Kids & Animals Designs/Fish Decor/Fishing Part2/SVG/Fishing54.svg,11. Kids & Animals Designs/Fish Decor/Fishing Part2/PNG/Fishing54.png
00645,Kids & Animals Designs,Fish Decor,Fishing55,,11. Kids & Animals Designs/Fish Decor/Fishing Part2/SVG/Fishing55.svg,11. Kids & Animals Designs/Fish Decor/Fishing Part2/PNG/Fishing55.png
00646,Kids & Animals Designs,Fish Decor,Fishing56,,11. Kids & Animals Designs/Fish Decor/Fishing Part2/SVG/Fishing56.svg,11. Kids & Animals Designs/Fish Decor/Fishing Part2/PNG/Fishing56.png
00647,Kids & Animals Designs,Fish Decor,Fishing57,,11. Kids & Animals Designs/Fish Decor/Fishing Part2/SVG/Fishing57.svg,11. Kids & Animals Designs/Fish Decor/Fishing Part2/PNG/Fishing57.png
00648,Kids & Animals Designs,Fish Decor,Fishing58,,11. Kids & Animals Designs/Fish Decor/Fishing Part2/SVG/Fishing58.svg,11. Kids & Animals Designs/Fish Decor/Fishing Part2/PNG/Fishing58.png
00649,Kids & Animals Designs,Fish Decor,Fishing59,,11. Kids & Animals Designs/Fish Decor/Fishing Part2/SVG/Fishing59.svg,11. Kids & Animals Designs/Fish Decor/Fishing Part2/PNG/Fishing59.png
00650,Kids & Animals Designs,Fish Decor,Fishing6,,11. Kids & Animals Designs/Fish Decor/Fishing Part2/SVG/Fishing6.svg,11. Kids & Animals Designs/Fish Decor/Fishing Part2/PNG/Fishing6.png
00651,Kids & Animals Designs,Fish Decor,Fishing60,,11. Kids & Animals Designs/Fish Decor/Fishing Part2/SVG/Fishing60.svg,11. Kids & Animals Designs/Fish Decor/Fishing Part2/PNG/Fishing60.png
00652,Kids & Animals Designs,Fish Decor,Fishing61,,11. Kids & Animals Designs/Fish Decor/Fishing Part2/SVG/Fishing61.svg,11. Kids & Animals Designs/Fish Decor/Fishing Part2/PNG/Fishing61.png
00653,Kids & Animals Designs,Fish Decor,Fishing62,,11. Kids & Animals Designs/Fish Decor/Fishing Part2/SVG/Fishing62.svg,11. Kids & Animals Designs/Fish Decor/Fishing Part2/PNG/Fishing62.png
00654,Kids & Animals Designs,Fish Decor,Fishing63,,11. Kids & Animals Designs/Fish Decor/Fishing Part2/SVG/Fishing63.svg,11. Kids & Animals Designs/Fish Decor/Fishing Part2/PNG/Fishing63.png
00655,Kids & Animals Designs,Fish Decor,Fishing64,,11. Kids & Animals Designs/Fish Decor/Fishing Part2/SVG/Fishing64.svg,11. Kids & Animals Designs/Fish Decor/Fishing Part2/PNG/Fishing64.png
00656,Kids & Animals Designs,Fish Decor,Fishing65,,11. Kids & Animals Designs/Fish Decor/Fishing Part2/SVG/Fishing65.svg,11. Kids & Animals Designs/Fish Decor/Fishing Part2/PNG/Fishing65.png
00657,Kids & Animals Designs,Fish Decor,Fishing66,,11. Kids & Animals Designs/Fish Decor/Fishing Part2/SVG/Fishing66.svg,11. Kids & Animals Designs/Fish Decor/Fishing Part2/PNG/Fishing66.png
00658,Kids & Animals Designs,Fish Decor,Fishing67,,11. Kids & Animals Designs/Fish Decor/Fishing Part2/SVG/Fishing67.svg,11. Kids & Animals Designs/Fish Decor/Fishing Part2/PNG/Fishing67.png
00659,Kids & Animals Designs,Fish Decor,Fishing68,,11. Kids & Animals Designs/Fish Decor/Fishing Part2/SVG/Fishing68.svg,11. Kids & Animals Designs/Fish Decor/Fishing Part2/PNG/Fishing68.png
00660,Kids & Animals Designs,Fish Decor,Fishing69,,11. Kids & Animals Designs/Fish Decor/Fishing Part2/SVG/Fishing69.svg,11. Kids & Animals Designs/Fish Decor/Fishing Part2/PNG/Fishing69.png
00661,Kids & Animals Designs,Fish Decor,Fishing7,,11. Kids & Animals Designs/Fish Decor/Fishing Part2/SVG/Fishing7.svg,11. Kids & Animals Designs/Fish Decor/Fishing Part2/PNG/Fishing7.png
00662,Kids & Animals Designs,Fish Decor,Fishing70,,11. Kids & Animals Designs/Fish Decor/Fishing Part2/SVG/Fishing70.svg,11. Kids & Animals Designs/Fish Decor/Fishing Part2/PNG/Fishing70.png
00663,Kids & Animals Designs,Fish Decor,Fishing71,,11. Kids & Animals Designs/Fish Decor/Fishing Part2/SVG/Fishing71.svg,11. Kids & Animals Designs/Fish Decor/Fishing Part2/PNG/Fishing71.png
00664,Kids & Animals Designs,Fish Decor,Fishing72,,11. Kids & Animals Designs/Fish Decor/Fishing Part2/SVG/Fishing72.svg,11. Kids & Animals Designs/Fish Decor/Fishing Part2/PNG/Fishing72.png
00665,Kids & Animals Designs,Fish Decor,Fishing73,,11. Kids & Animals Designs/Fish Decor/Fishing Part2/SVG/Fishing73.svg,11. Kids & Animals Designs/Fish Decor/Fishing Part2/PNG/Fishing73.png
00666,Kids & Animals Designs,Fish Decor,Fishing74,,11. Kids & Animals Designs/Fish Decor/Fishing Part2/SVG/Fishing74.svg,11. Kids & Animals Designs/Fish Decor/Fishing Part2/PNG/Fishing74.png
00667,Kids & Animals Designs,Fish Decor,Fishing75,,11. Kids & Animals Designs/Fish Decor/Fishing Part2/SVG/Fishing75.svg,11. Kids & Animals Designs/Fish Decor/Fishing Part2/PNG/Fishing75.png
00668,Kids & Animals Designs,Fish Decor,Fishing76,,11. Kids & Animals Designs/Fish Decor/Fishing Part2/SVG/Fishing76.svg,11. Kids & Animals Designs/Fish Decor/Fishing Part2/PNG/Fishing76.png
00669,Kids & Animals Designs,Fish Decor,Fishing77,,11. Kids & Animals Designs/Fish Decor/Fishing Part2/SVG/Fishing77.svg,11. Kids & Animals Designs/Fish Decor/Fishing Part2/PNG/Fishing77.png
00670,Kids & Animals Designs,Fish Decor,Fishing78,,11. Kids & Animals Designs/Fish Decor/Fishing Part2/SVG/Fishing78.svg,11. Kids & Animals Designs/Fish Decor/Fishing Part2/PNG/Fishing78.png
00671,Kids & Animals Designs,Fish Decor,Fishing79,,11. Kids & Animals Designs/Fish Decor/Fishing Part2/SVG/Fishing79.svg,11. Kids & Animals Designs/Fish Decor/Fishing Part2/PNG/Fishing79.png
00672,Kids & Animals Designs,Fish Decor,Fishing8,,11. Kids & Animals Designs/Fish Decor/Fishing Part2/SVG/Fishing8.svg,11. Kids & Animals Designs/Fish Decor/Fishing Part2/PNG/Fishing8.png
00673,Kids & Animals Designs,Fish Decor,Fishing80,,11. Kids & Animals Designs/Fish Decor/Fishing Part2/SVG/Fishing80.svg,11. Kids & Animals Designs/Fish Decor/Fishing Part2/PNG/Fishing80.png
00674,Kids & Animals Designs,Fish Decor,Fishing81,,11. Kids & Animals Designs/Fish Decor/Fishing Part2/SVG/Fishing81.svg,11. Kids & Animals Designs/Fish Decor/Fishing Part2/PNG/Fishing81.png
00675,Kids & Animals Designs,Fish Decor,Fishing82,,11. Kids & Animals Designs/Fish Decor/Fishing Part2/SVG/Fishing82.svg,11. Kids & Animals Designs/Fish Decor/Fishing Part2/PNG/Fishing82.png
00676,Kids & Animals Designs,Fish Decor,Fishing83,,11. Kids & Animals Designs/Fish Decor/Fishing Part2/SVG/Fishing83.svg,11. Kids & Animals Designs/Fish Decor/Fishing Part2/PNG/Fishing83.png
00677,Kids & Animals Designs,Fish Decor,Fishing84,,11. Kids & Animals Designs/Fish Decor/Fishing Part2/SVG/Fishing84.svg,11. Kids & Animals Designs/Fish Decor/Fishing Part2/PNG/Fishing84.png
00678,Kids & Animals Designs,Fish Decor,Fishing85,,11. Kids & Animals Designs/Fish Decor/Fishing Part2/SVG/Fishing85.svg,11. Kids & Animals Designs/Fish Decor/Fishing Part2/PNG/Fishing85.png
00679,Kids & Animals Designs,Fish Decor,Fishing86,,11. Kids & Animals Designs/Fish Decor/Fishing Part2/SVG/Fishing86.svg,11. Kids & Animals Designs/Fish Decor/Fishing Part2/PNG/Fishing86.png
00680,Kids & Animals Designs,Fish Decor,Fishing87,,11. Kids & Animals Designs/Fish Decor/Fishing Part2/SVG/Fishing87.svg,11. Kids & Animals Designs/Fish Decor/Fishing Part2/PNG/Fishing87.png
00681,Kids & Animals Designs,Fish Decor,Fishing88,,11. Kids & Animals Designs/Fish Decor/Fishing Part2/SVG/Fishing88.svg,11. Kids & Animals Designs/Fish Decor/Fishing Part2/PNG/Fishing88.png
00682,Kids & Animals Designs,Fish Decor,Fishing89,,11. Kids & Animals Designs/Fish Decor/Fishing Part2/SVG/Fishing89.svg,11. Kids & Animals Designs/Fish Decor/Fishing Part2/PNG/Fishing89.png
00683,Kids & Animals Designs,Fish Decor,Fishing9,,11. Kids & Animals Designs/Fish Decor/Fishing Part2/SVG/Fishing9.svg,11. Kids & Animals Designs/Fish Decor/Fishing Part2/PNG/Fishing9.png
00684,Kids & Animals Designs,Fish Decor,Fishing90,,11. Kids & Animals Designs/Fish Decor/Fishing Part2/SVG/Fishing90.svg,11. Kids & Animals Designs/Fish Decor/Fishing Part2/PNG/Fishing90.png
00685,Kids & Animals Designs,Fish Decor,Fishing91,,11. Kids & Animals Designs/Fish Decor/Fishing Part2/SVG/Fishing91.svg,11. Kids & Animals Designs/Fish Decor/Fishing Part2/PNG/Fishing91.png
00686,Kids & Animals Designs,Fish Decor,Fishing92,,11. Kids & Animals Designs/Fish Decor/Fishing Part2/SVG/Fishing92.svg,11. Kids & Animals Designs/Fish Decor/Fishing Part2/PNG/Fishing92.png
00687,Kids & Animals Designs,Fish Decor,Fishing93,,11. Kids & Animals Designs/Fish Decor/Fishing Part2/SVG/Fishing93.svg,11. Kids & Animals Designs/Fish Decor/Fishing Part2/PNG/Fishing93.png
00688,Kids & Animals Designs,Fish Decor,Fishing94,,11. Kids & Animals Designs/Fish Decor/Fishing Part2/SVG/Fishing94.svg,11. Kids & Animals Designs/Fish Decor/Fishing Part2/PNG/Fishing94.png
00689,Kids & Animals Designs,Fish Decor,Fishing95,,11. Kids & Animals Designs/Fish Decor/Fishing Part2/SVG/Fishing95.svg,11. Kids & Animals Designs/Fish Decor/Fishing Part2/PNG/Fishing95.png
00690,Kids & Animals Designs,Fish Decor,Fishing96,,11. Kids & Animals Designs/Fish Decor/Fishing Part2/SVG/Fishing96.svg,11. Kids & Animals Designs/Fish Decor/Fishing Part2/PNG/Fishing96.png
00691,Kids & Animals Designs,Fish Decor,Fishing97,,11. Kids & Animals Designs/Fish Decor/Fishing Part2/SVG/Fishing97.svg,11. Kids & Animals Designs/Fish Decor/Fishing Part2/PNG/Fishing97.png
00692,Kids & Animals Designs,Fish Decor,Fishing98,,11. Kids & Animals Designs/Fish Decor/Fishing Part2/SVG/Fishing98.svg,11. Kids & Animals Designs/Fish Decor/Fishing Part2/PNG/Fishing98.png
00693,Kids & Animals Designs,Fish Decor,Fishing99,,11. Kids & Animals Designs/Fish Decor/Fishing Part2/SVG/Fishing99.svg,11. Kids & Animals Designs/Fish Decor/Fishing Part2/PNG/Fishing99.png
00694,Kids & Animals Designs,Fish Decor,Fishing1,,11. Kids & Animals Designs/Fish Decor/Fishing Part3/SVG/Fishing1.svg,11. Kids & Animals Designs/Fish Decor/Fishing Part3/PNG/Fishing1.png
00695,Kids & Animals Designs,Fish Decor,Fishing10,,11. Kids & Animals Designs/Fish Decor/Fishing Part3/SVG/Fishing10.svg,11. Kids & Animals Designs/Fish Decor/Fishing Part3/PNG/Fishing10.png
00696,Kids & Animals Designs,Fish Decor,Fishing11,,11. Kids & Animals Designs/Fish Decor/Fishing Part3/SVG/Fishing11.svg,11. Kids & Animals Designs/Fish Decor/Fishing Part3/PNG/Fishing11.png
00697,Kids & Animals Designs,Fish Decor,Fishing12,,11. Kids & Animals Designs/Fish Decor/Fishing Part3/SVG/Fishing12.svg,11. Kids & Animals Designs/Fish Decor/Fishing Part3/PNG/Fishing12.png
00698,Kids & Animals Designs,Fish Decor,Fishing13,,11. Kids & Animals Designs/Fish Decor/Fishing Part3/SVG/Fishing13.svg,11. Kids & Animals Designs/Fish Decor/Fishing Part3/PNG/Fishing13.png
00699,Kids & Animals Designs,Fish Decor,Fishing2,,11. Kids & Animals Designs/Fish Decor/Fishing Part3/SVG/Fishing2.svg,11. Kids & Animals Designs/Fish Decor/Fishing Part3/PNG/Fishing2.png
00700,Kids & Animals Designs,Fish Decor,Fishing3,,11. Kids & Animals Designs/Fish Decor/Fishing Part3/SVG/Fishing3.svg,11. Kids & Animals Designs/Fish Decor/Fishing Part3/PNG/Fishing3.png
00701,Kids & Animals Designs,Fish Decor,Fishing4,,11. Kids & Animals Designs/Fish Decor/Fishing Part3/SVG/Fishing4.svg,11. Kids & Animals Designs/Fish Decor/Fishing Part3/PNG/Fishing4.png
00702,Kids & Animals Designs,Fish Decor,Fishing5,,11. Kids & Animals Designs/Fish Decor/Fishing Part3/SVG/Fishing5.svg,11. Kids & Animals Designs/Fish Decor/Fishing Part3/PNG/Fishing5.png
00703,Kids & Animals Designs,Fish Decor,Fishing6,,11. Kids & Animals Designs/Fish Decor/Fishing Part3/SVG/Fishing6.svg,11. Kids & Animals Designs/Fish Decor/Fishing Part3/PNG/Fishing6.png
00704,Kids & Animals Designs,Fish Decor,Fishing7,,11. Kids & Animals Designs/Fish Decor/Fishing Part3/SVG/Fishing7.svg,11. Kids & Animals Designs/Fish Decor/Fishing Part3/PNG/Fishing7.png
00705,Kids & Animals Designs,Fish Decor,Fishing8,,11. Kids & Animals Designs/Fish Decor/Fishing Part3/SVG/Fishing8.svg,11. Kids & Animals Designs/Fish Decor/Fishing Part3/PNG/Fishing8.png
00706,Kids & Animals Designs,Fish Decor,Fishing9,,11. Kids & Animals Designs/Fish Decor/Fishing Part3/SVG/Fishing9.svg,11. Kids & Animals Designs/Fish Decor/Fishing Part3/PNG/Fishing9.png
00707,Kids & Animals Designs,Fish Decor,All fishing,,11. Kids & Animals Designs/Fish Decor/Fishing Part4/All fishing.svg,11. Kids & Animals Designs/Fish Decor/Fishing Part4/All fishing.png
00708,Kids & Animals Designs,Kids and animals,1,,11. Kids & Animals Designs/Kids and animals/Dog Breeds/Outline/Afghan Hounds/New/1.svg,11. Kids & Animals Designs/Kids and animals/Dog Breeds/Outline/Afghan Hounds/New/1.png
00709,Kids & Animals Designs,Kids and animals,1,,11. Kids & Animals Designs/Kids and animals/Dog Breeds/Outline/Alaskan Malamutes/New/1.svg,11. Kids & Animals Designs/Kids and animals/Dog Breeds/Outline/Alaskan Malamutes/New/1.png
00710,Kids & Animals Designs,Kids and animals,1,,11. Kids & Animals Designs/Kids and animals/Dog Breeds/Outline/American Hairless Terriers/New/1.svg,11. Kids & Animals Designs/Kids and animals/Dog Breeds/Outline/American Hairless Terriers/New/1.png
00711,Kids & Animals Designs,Kids and animals,1,,11. Kids & Animals Designs/Kids and animals/Dog Breeds/Outline/Anatolian Shepherd Dogs/New/1.svg,11. Kids & Animals Designs/Kids and animals/Dog Breeds/Outline/Anatolian Shepherd Dogs/New/1.png
00712,Kids & Animals Designs,Kids and animals,1,,11. Kids & Animals Designs/Kids and animals/Dog Breeds/Outline/Australian Shepherd/New/1.svg,11. Kids & Animals Designs/Kids and animals/Dog Breeds/Outline/Australian Shepherd/New/1.png
00713,Kids & Animals Designs,Kids and animals,1,,11. Kids & Animals Designs/Kids and animals/Dog Breeds/Outline/Australian Terriers/New/1.svg,11. Kids & Animals Designs/Kids and animals/Dog Breeds/Outline/Australian Terriers/New/1.png
00714,Kids & Animals Designs,Kids and animals,1,,11. Kids & Animals Designs/Kids and animals/Dog Breeds/Outline/Basset Hounds/New/1.svg,11. Kids & Animals Designs/Kids and animals/Dog Breeds/Outline/Basset Hounds/New/1.png
00715,Kids & Animals Designs,Kids and animals,1,,11. Kids & Animals Designs/Kids and animals/Dog Breeds/Outline/Beagle/New/1.svg,11. Kids & Animals Designs/Kids and animals/Dog Breeds/Outline/Beagle/New/1.png
00716,Kids & Animals Designs,Kids and animals,1,,11. Kids & Animals Designs/Kids and animals/Dog Breeds/Outline/Beaucerons/New/1.svg,11. Kids & Animals Designs/Kids and animals/Dog Breeds/Outline/Beaucerons/New/1.png
00717,Kids & Animals Designs,Kids and animals,1,,11. Kids & Animals Designs/Kids and animals/Dog Breeds/Outline/Bedlington Terriers/New/1.svg,11. Kids & Animals Designs/Kids and animals/Dog Breeds/Outline/Bedlington Terriers/New/1.png
00718,Kids & Animals Designs,Kids and animals,1,,11. Kids & Animals Designs/Kids and animals/Dog Breeds/Outline/Belgian Malinois/New/1.svg,11. Kids & Animals Designs/Kids and animals/Dog Breeds/Outline/Belgian Malinois/New/1.png
00719,Kids & Animals Designs,Kids and animals,1,,11. Kids & Animals Designs/Kids and animals/Dog Breeds/Outline/Belgian Sheepdogs/New/1.svg,11. Kids & Animals Designs/Kids and animals/Dog Breeds/Outline/Belgian Sheepdogs/New/1.png
00720,Kids & Animals Designs,Kids and animals,1,,11. Kids & Animals Designs/Kids and animals/Dog Breeds/Outline/Belgian Tervuren/New/1.svg,11. Kids & Animals Designs/Kids and animals/Dog Breeds/Outline/Belgian Tervuren/New/1.png
00721,Kids & Animals Designs,Kids and animals,1,,11. Kids & Animals Designs/Kids and animals/Dog Breeds/Outline/Bloodhounds/New/1.svg,11. Kids & Animals Designs/Kids and animals/Dog Breeds/Outline/Bloodhounds/New/1.png
00722,Kids & Animals Designs,Kids and animals,1,,11. Kids & Animals Designs/Kids and animals/Dog Breeds/Outline/Blue Lacy/NEw/1.svg,11. Kids & Animals Designs/Kids and animals/Dog Breeds/Outline/Blue Lacy/NEw/1.png
00723,Kids & Animals Designs,Kids and animals,1,,11. Kids & Animals Designs/Kids and animals/Dog Breeds/Outline/Borador/NEw/1.svg,11. Kids & Animals Designs/Kids and animals/Dog Breeds/Outline/Borador/NEw/1.png
00724,Kids & Animals Designs,Kids and animals,1,,11. Kids & Animals Designs/Kids and animals/Dog Breeds/Outline/Borzois/New/1.svg,11. Kids & Animals Designs/Kids and animals/Dog Breeds/Outline/Borzois/New/1.png
00725,Kids & Animals Designs,Kids and animals,1,,11. Kids & Animals Designs/Kids and animals/Dog Breeds/Outline/Bouviers des Flandres/New/1.svg,11. Kids & Animals Designs/Kids and animals/Dog Breeds/Outline/Bouviers des Flandres/New/1.png
00726,Kids & Animals Designs,Kids and animals,1,,11. Kids & Animals Designs/Kids and animals/Dog Breeds/Outline/Boxer/New/1.svg,11. Kids & Animals Designs/Kids and animals/Dog Breeds/Outline/Boxer/New/1.png
00727,Kids & Animals Designs,Kids and animals,1,,11. Kids & Animals Designs/Kids and animals/Dog Breeds/Outline/Brittany/New/1.svg,11. Kids & Animals Designs/Kids and animals/Dog Breeds/Outline/Brittany/New/1.png
00728,Kids & Animals Designs,Kids and animals,1,,11. Kids & Animals Designs/Kids and animals/Dog Breeds/Outline/Broholmer/New/1.svg,11. Kids & Animals Designs/Kids and animals/Dog Breeds/Outline/Broholmer/New/1.png
00729,Kids & Animals Designs,Kids and animals,1,,11. Kids & Animals Designs/Kids and animals/Dog Breeds/Outline/Brussels Griffons/New/1.svg,11. Kids & Animals Designs/Kids and animals/Dog Breeds/Outline/Brussels Griffons/New/1.png
00730,Kids & Animals Designs,Kids and animals,1,,11. Kids & Animals Designs/Kids and animals/Dog Breeds/Outline/Buldog/New/1.svg,11. Kids & Animals Designs/Kids and animals/Dog Breeds/Outline/Buldog/New/1.png
00731,Kids & Animals Designs,Kids and animals,1,,11. Kids & Animals Designs/Kids and animals/Dog Breeds/Outline/Bullmastiffs/New/1.svg,11. Kids & Animals Designs/Kids and animals/Dog Breeds/Outline/Bullmastiffs/New/1.png
00732,Kids & Animals Designs,Kids and animals,1,,11. Kids & Animals Designs/Kids and animals/Dog Breeds/Outline/Cairn Terriers/New/1.svg,11. Kids & Animals Designs/Kids and animals/Dog Breeds/Outline/Cairn Terriers/New/1.png
00733,Kids & Animals Designs,Kids and animals,1,,11. Kids & Animals Designs/Kids and animals/Dog Breeds/Outline/Cardigan Welsh Corgis/New/1.svg,11. Kids & Animals Designs/Kids and animals/Dog Breeds/Outline/Cardigan Welsh Corgis/New/1.png
00734,Kids & Animals Designs,Kids and animals,1,,11. Kids & Animals Designs/Kids and animals/Dog Breeds/Outline/Catahoula/New/1.svg,11. Kids & Animals Designs/Kids and animals/Dog Breeds/Outline/Catahoula/New/1.png
00735,Kids & Animals Designs,Kids and animals,1,,11. Kids & Animals Designs/Kids and animals/Dog Breeds/Outline/Cav-A-Jack/New/1.svg,11. Kids & Animals Designs/Kids and animals/Dog Breeds/Outline/Cav-A-Jack/New/1.png
00736,Kids & Animals Designs,Kids and animals,1,,11. Kids & Animals Designs/Kids and animals/Dog Breeds/Outline/Cavalier King Charles Spaniel/New/1.svg,11. Kids & Animals Designs/Kids and animals/Dog Breeds/Outline/Cavalier King Charles Spaniel/New/1.png
00737,Kids & Animals Designs,Kids and animals,1,,11. Kids & Animals Designs/Kids and animals/Dog Breeds/Outline/Chinese Crested/New/1.svg,11. Kids & Animals Designs/Kids and animals/Dog Breeds/Outline/Chinese Crested/New/1.png
00738,Kids & Animals Designs,Kids and animals,1,,11. Kids & Animals Designs/Kids and animals/Dog Breeds/Outline/Chinese Shar-Pei/New/1.svg,11. Kids & Animals Designs/Kids and animals/Dog Breeds/Outline/Chinese Shar-Pei/New/1.png
00739,Kids & Animals Designs,Kids and animals,1,,11. Kids & Animals Designs/Kids and animals/Dog Breeds/Outline/Chinooks Dog/New/1.svg,11. Kids & Animals Designs/Kids and animals/Dog Breeds/Outline/Chinooks Dog/New/1.png
00740,Kids & Animals Designs,Kids and animals,1,,11. Kids & Animals Designs/Kids and animals/Dog Breeds/Outline/Cirnechi dell Etna/New/1.svg,11. Kids & Animals Designs/Kids and animals/Dog Breeds/Outline/Cirnechi dell Etna/New/1.png
00741,Kids & Animals Designs,Kids and animals,1,,11. Kids & Animals Designs/Kids and animals/Dog Breeds/Outline/Cocker Spaniel/New/1.svg,11. Kids & Animals Designs/Kids and animals/Dog Breeds/Outline/Cocker Spaniel/New/1.png
00742,Kids & Animals Designs,Kids and animals,1,,11. Kids & Animals Designs/Kids and animals/Dog Breeds/Outline/Collies/New/1.svg,11. Kids & Animals Designs/Kids and animals/Dog Breeds/Outline/Collies/New/1.png
00743,Kids & Animals Designs,Kids and animals,1,,11. Kids & Animals Designs/Kids and animals/Dog Breeds/Outline/Coton de Tulear/New/1.svg,MISSING
00744,Kids & Animals Designs,Kids and animals,1,,11. Kids & Animals Designs/Kids and animals/Dog Breeds/Outline/Dandie Dinmont Terriers/New/1.svg,11. Kids & Animals Designs/Kids and animals/Dog Breeds/Outline/Dandie Dinmont Terriers/New/1.png
00745,Kids & Animals Designs,Kids and animals,1,,11. Kids & Animals Designs/Kids and animals/Dog Breeds/Outline/Doberman/New/1.svg,11. Kids & Animals Designs/Kids and animals/Dog Breeds/Outline/Doberman/New/1.png
00746,Kids & Animals Designs,Kids and animals,1,,11. Kids & Animals Designs/Kids and animals/Dog Breeds/Outline/Entlebucher Mountain Dogs/New/1.svg,11. Kids & Animals Designs/Kids and animals/Dog Breeds/Outline/Entlebucher Mountain Dogs/New/1.png
00747,Kids & Animals Designs,Kids and animals,1,,11. Kids & Animals Designs/Kids and animals/Dog Breeds/Outline/Finnish Lapphund/New/1.svg,11. Kids & Animals Designs/Kids and animals/Dog Breeds/Outline/Finnish Lapphund/New/1.png
00748,Kids & Animals Designs,Kids and animals,1,,11. Kids & Animals Designs/Kids and animals/Dog Breeds/Outline/Finnish Spitz/New/1.svg,11. Kids & Animals Designs/Kids and animals/Dog Breeds/Outline/Finnish Spitz/New/1.png
00749,Kids & Animals Designs,Kids and animals,1,,11. Kids & Animals Designs/Kids and animals/Dog Breeds/Outline/German Pinschers/New/1.svg,11. Kids & Animals Designs/Kids and animals/Dog Breeds/Outline/German Pinschers/New/1.png
00750,Kids & Animals Designs,Kids and animals,1,,11. Kids & Animals Designs/Kids and animals/Dog Breeds/Outline/Giant Schnauzers/New/1.svg,11. Kids & Animals Designs/Kids and animals/Dog Breeds/Outline/Giant Schnauzers/New/1.png
00751,Kids & Animals Designs,Kids and animals,1,,11. Kids & Animals Designs/Kids and animals/Dog Breeds/Outline/Grand Basset Griffon Vendeen/New/1.svg,11. Kids & Animals Designs/Kids and animals/Dog Breeds/Outline/Grand Basset Griffon Vendeen/New/1.png
00752,Kids & Animals Designs,Kids and animals,1,,11. Kids & Animals Designs/Kids and animals/Dog Breeds/Outline/Great Dane Cropped Ears/New/1.svg,11. Kids & Animals Designs/Kids and animals/Dog Breeds/Outline/Great Dane Cropped Ears/New/1.png
00753,Kids & Animals Designs,Kids and animals,1,,11. Kids & Animals Designs/Kids and animals/Dog Breeds/Outline/Great Danes/New/1.svg,11. Kids & Animals Designs/Kids and animals/Dog Breeds/Outline/Great Danes/New/1.png
00754,Kids & Animals Designs,Kids and animals,1,,11. Kids & Animals Designs/Kids and animals/Dog Breeds/Outline/Great Pyrenees/New/1.svg,11. Kids & Animals Designs/Kids and animals/Dog Breeds/Outline/Great Pyrenees/New/1.png
00755,Kids & Animals Designs,Kids and animals,1,,11. Kids & Animals Designs/Kids and animals/Dog Breeds/Outline/Greater Swiss Mountain Dogs/New/1.svg,11. Kids & Animals Designs/Kids and animals/Dog Breeds/Outline/Greater Swiss Mountain Dogs/New/1.png
00756,Kids & Animals Designs,Kids and animals,1,,11. Kids & Animals Designs/Kids and animals/Dog Breeds/Outline/Greyhounds/New/1.svg,11. Kids & Animals Designs/Kids and animals/Dog Breeds/Outline/Greyhounds/New/1.png
00757,Kids & Animals Designs,Kids and animals,1,,11. Kids & Animals Designs/Kids and animals/Dog Breeds/Outline/Harriers Dog/New/1.svg,11. Kids & Animals Designs/Kids and animals/Dog Breeds/Outline/Harriers Dog/New/1.png
00758,Kids & Animals Designs,Kids and animals,1,,11. Kids & Animals Designs/Kids and animals/Dog Breeds/Outline/Havanese/New/1.svg,11. Kids & Animals Designs/Kids and animals/Dog Breeds/Outline/Havanese/New/1.png
00759,Kids & Animals Designs,Kids and animals,1,,11. Kids & Animals Designs/Kids and animals/Dog Breeds/Outline/Icelandic Sheepdogs/New/1.svg,11. Kids & Animals Designs/Kids and animals/Dog Breeds/Outline/Icelandic Sheepdogs/New/1.png
00760,Kids & Animals Designs,Kids and animals,1,,11. Kids & Animals Designs/Kids and animals/Dog Breeds/Outline/Irish Wolfhounds/New/1.svg,11. Kids & Animals Designs/Kids and animals/Dog Breeds/Outline/Irish Wolfhounds/New/1.png
00761,Kids & Animals Designs,Kids and animals,1,,11. Kids & Animals Designs/Kids and animals/Dog Breeds/Outline/Italian Greyhounds/New/1.svg,11. Kids & Animals Designs/Kids and animals/Dog Breeds/Outline/Italian Greyhounds/New/1.png
00762,Kids & Animals Designs,Kids and animals,1,,11. Kids & Animals Designs/Kids and animals/Dog Breeds/Outline/Japanese Chin/New/1.svg,11. Kids & Animals Designs/Kids and animals/Dog Breeds/Outline/Japanese Chin/New/1.png
00763,Kids & Animals Designs,Kids and animals,1,,11. Kids & Animals Designs/Kids and animals/Dog Breeds/Outline/Kerry Blue Terriers/New/1.svg,11. Kids & Animals Designs/Kids and animals/Dog Breeds/Outline/Kerry Blue Terriers/New/1.png
00764,Kids & Animals Designs,Kids and animals,1,,11. Kids & Animals Designs/Kids and animals/Dog Breeds/Outline/Korean Jindo Dog/New/1.svg,11. Kids & Animals Designs/Kids and animals/Dog Breeds/Outline/Korean Jindo Dog/New/1.png
00765,Kids & Animals Designs,Kids and animals,1,,11. Kids & Animals Designs/Kids and animals/Dog Breeds/Outline/Lagotti Romagnoli/New/1.svg,11. Kids & Animals Designs/Kids and animals/Dog Breeds/Outline/Lagotti Romagnoli/New/1.png
00766,Kids & Animals Designs,Kids and animals,1,,11. Kids & Animals Designs/Kids and animals/Dog Breeds/Outline/Lakeland Terriers/New/1.svg,11. Kids & Animals Designs/Kids and animals/Dog Breeds/Outline/Lakeland Terriers/New/1.png
00767,Kids & Animals Designs,Kids and animals,1,,11. Kids & Animals Designs/Kids and animals/Dog Breeds/Outline/Lhasa Apsos/New/1.svg,11. Kids & Animals Designs/Kids and animals/Dog Breeds/Outline/Lhasa Apsos/New/1.png
00768,Kids & Animals Designs,Kids and animals,1,,11. Kids & Animals Designs/Kids and animals/Dog Breeds/Outline/Lowchen/New/1.svg,11. Kids & Animals Designs/Kids and animals/Dog Breeds/Outline/Lowchen/New/1.png
00769,Kids & Animals Designs,Kids and animals,1,,11. Kids & Animals Designs/Kids and animals/Dog Breeds/Outline/Maltipoo/New/1.svg,11. Kids & Animals Designs/Kids and animals/Dog Breeds/Outline/Maltipoo/New/1.png
00770,Kids & Animals Designs,Kids and animals,1,,11. Kids & Animals Designs/Kids and animals/Dog Breeds/Outline/Manchester Terriers/New/1.svg,11. Kids & Animals Designs/Kids and animals/Dog Breeds/Outline/Manchester Terriers/New/1.png
00771,Kids & Animals Designs,Kids and animals,1,,11. Kids & Animals Designs/Kids and animals/Dog Breeds/Outline/Miniature American Shepherds/New/1.svg,11. Kids & Animals Designs/Kids and animals/Dog Breeds/Outline/Miniature American Shepherds/New/1.png
00772,Kids & Animals Designs,Kids and animals,1,,11. Kids & Animals Designs/Kids and animals/Dog Breeds/Outline/Neapolitan Mastiffs/New/1.svg,11. Kids & Animals Designs/Kids and animals/Dog Breeds/Outline/Neapolitan Mastiffs/New/1.png
00773,Kids & Animals Designs,Kids and animals,1,,11. Kids & Animals Designs/Kids and animals/Dog Breeds/Outline/Nederlandse Kooikerhondjes/New/1.svg,11. Kids & Animals Designs/Kids and animals/Dog Breeds/Outline/Nederlandse Kooikerhondjes/New/1.png
00774,Kids & Animals Designs,Kids and animals,1,,11. Kids & Animals Designs/Kids and animals/Dog Breeds/Outline/Newfoundland/New/1.svg,11. Kids & Animals Designs/Kids and animals/Dog Breeds/Outline/Newfoundland/New/1.png
00775,Kids & Animals Designs,Kids and animals,1,,11. Kids & Animals Designs/Kids and animals/Dog Breeds/Outline/Norwegian Buhunds/New/1.svg,11. Kids & Animals Designs/Kids and animals/Dog Breeds/Outline/Norwegian Buhunds/New/1.png
00776,Kids & Animals Designs,Kids and animals,1,,11. Kids & Animals Designs/Kids and animals/Dog Breeds/Outline/Norwegian Elkhounds/New/1.svg,11. Kids & Animals Designs/Kids and animals/Dog Breeds/Outline/Norwegian Elkhounds/New/1.png
00777,Kids & Animals Designs,Kids and animals,1,,11. Kids & Animals Designs/Kids and animals/Dog Breeds/Outline/Old English Sheepdogs/New/1.svg,11. Kids & Animals Designs/Kids and animals/Dog Breeds/Outline/Old English Sheepdogs/New/1.png
00778,Kids & Animals Designs,Kids and animals,1,,11. Kids & Animals Designs/Kids and animals/Dog Breeds/Outline/Otterhounds/New/1.svg,11. Kids & Animals Designs/Kids and animals/Dog Breeds/Outline/Otterhounds/New/1.png
00779,Kids & Animals Designs,Kids and animals,1,,11. Kids & Animals Designs/Kids and animals/Dog Breeds/Outline/Pembroke Welsh Corgis/New/1.svg,11. Kids & Animals Designs/Kids and animals/Dog Breeds/Outline/Pembroke Welsh Corgis/New/1.png
00780,Kids & Animals Designs,Kids and animals,1,,11. Kids & Animals Designs/Kids and animals/Dog Breeds/Outline/Pharaoh Hounds/New/1.svg,11. Kids & Animals Designs/Kids and animals/Dog Breeds/Outline/Pharaoh Hounds/New/1.png
00781,Kids & Animals Designs,Kids and animals,1,,11. Kids & Animals Designs/Kids and animals/Dog Breeds/Outline/Pitbull/New/1.svg,11. Kids & Animals Designs/Kids and animals/Dog Breeds/Outline/Pitbull/New/1.png
00782,Kids & Animals Designs,Kids and animals,1,,11. Kids & Animals Designs/Kids and animals/Dog Breeds/Outline/Plott Hounds/New/1.svg,11. Kids & Animals Designs/Kids and animals/Dog Breeds/Outline/Plott Hounds/New/1.png
00783,Kids & Animals Designs,Kids and animals,1,,11. Kids & Animals Designs/Kids and animals/Dog Breeds/Outline/Pointers (German Shorthaired)/New/1.svg,11. Kids & Animals Designs/Kids and animals/Dog Breeds/Outline/Pointers (German Shorthaired)/New/1.png
00784,Kids & Animals Designs,Kids and animals,1,,11. Kids & Animals Designs/Kids and animals/Dog Breeds/Outline/Polish Lowland Sheepdogs/New/1.svg,11. Kids & Animals Designs/Kids and animals/Dog Breeds/Outline/Polish Lowland Sheepdogs/New/1.png
00785,Kids & Animals Designs,Kids and animals,1,,11. Kids & Animals Designs/Kids and animals/Dog Breeds/Outline/Pomeranians/New/1.svg,11. Kids & Animals Designs/Kids and animals/Dog Breeds/Outline/Pomeranians/New/1.png
00786,Kids & Animals Designs,Kids and animals,1,,11. Kids & Animals Designs/Kids and animals/Dog Breeds/Outline/Pomsky/New/1.svg,11. Kids & Animals Designs/Kids and animals/Dog Breeds/Outline/Pomsky/New/1.png
00787,Kids & Animals Designs,Kids and animals,1,,11. Kids & Animals Designs/Kids and animals/Dog Breeds/Outline/Poodle/NEw/1.svg,11. Kids & Animals Designs/Kids and animals/Dog Breeds/Outline/Poodle/NEw/1.png
00788,Kids & Animals Designs,Kids and animals,1,,11. Kids & Animals Designs/Kids and animals/Dog Breeds/Outline/Portuguese Podengo Pequenos/New/1.svg,11. Kids & Animals Designs/Kids and animals/Dog Breeds/Outline/Portuguese Podengo Pequenos/New/1.png
00789,Kids & Animals Designs,Kids and animals,1,,11. Kids & Animals Designs/Kids and animals/Dog Breeds/Outline/Portuguese Water Dogs/New/1.svg,11. Kids & Animals Designs/Kids and animals/Dog Breeds/Outline/Portuguese Water Dogs/New/1.png
00790,Kids & Animals Designs,Kids and animals,1,,11. Kids & Animals Designs/Kids and animals/Dog Breeds/Outline/Pumik/New/1.svg,11. Kids & Animals Designs/Kids and animals/Dog Breeds/Outline/Pumik/New/1.png
00791,Kids & Animals Designs,Kids and animals,1,,11. Kids & Animals Designs/Kids and animals/Dog Breeds/Outline/Rat Terriers/New/1.svg,11. Kids & Animals Designs/Kids and animals/Dog Breeds/Outline/Rat Terriers/New/1.png
00792,Kids & Animals Designs,Kids and animals,1,,11. Kids & Animals Designs/Kids and animals/Dog Breeds/Outline/Retriever (Curly-Coated)/New/1.svg,11. Kids & Animals Designs/Kids and animals/Dog Breeds/Outline/Retriever (Curly-Coated)/New/1.png
00793,Kids & Animals Designs,Kids and animals,1,,11. Kids & Animals Designs/Kids and animals/Dog Breeds/Outline/Retrievers (Chesapeake Bay)/New/1.svg,11. Kids & Animals Designs/Kids and animals/Dog Breeds/Outline/Retrievers (Chesapeake Bay)/New/1.png
00794,Kids & Animals Designs,Kids and animals,1,,11. Kids & Animals Designs/Kids and animals/Dog Breeds/Outline/Retrievers (Flat-Coated)/New/1.svg,11. Kids & Animals Designs/Kids and animals/Dog Breeds/Outline/Retrievers (Flat-Coated)/New/1.png
00795,Kids & Animals Designs,Kids and animals,1,,11. Kids & Animals Designs/Kids and animals/Dog Breeds/Outline/Retrievers (Golden)/New/1.svg,11. Kids & Animals Designs/Kids and animals/Dog Breeds/Outline/Retrievers (Golden)/New/1.png
00796,Kids & Animals Designs,Kids and animals,1,,11. Kids & Animals Designs/Kids and animals/Dog Breeds/Outline/Retrievers (Labrador)/New/1.svg,11. Kids & Animals Designs/Kids and animals/Dog Breeds/Outline/Retrievers (Labrador)/New/1.png
00797,Kids & Animals Designs,Kids and animals,1,,11. Kids & Animals Designs/Kids and animals/Dog Breeds/Outline/Rhodesian Ridgebacks/New/1.svg,11. Kids & Animals Designs/Kids and animals/Dog Breeds/Outline/Rhodesian Ridgebacks/New/1.png
00798,Kids & Animals Designs,Kids and animals,1,,11. Kids & Animals Designs/Kids and animals/Dog Breeds/Outline/Rotwellers/New/1.svg,11. Kids & Animals Designs/Kids and animals/Dog Breeds/Outline/Rotwellers/New/1.png
00799,Kids & Animals Designs,Kids and animals,1,,11. Kids & Animals Designs/Kids and animals/Dog Breeds/Outline/Salukis/New/1.svg,11. Kids & Animals Designs/Kids and animals/Dog Breeds/Outline/Salukis/New/1.png
00800,Kids & Animals Designs,Kids and animals,1,,11. Kids & Animals Designs/Kids and animals/Dog Breeds/Outline/Samoyeds/New/1.svg,11. Kids & Animals Designs/Kids and animals/Dog Breeds/Outline/Samoyeds/New/1.png
00801,Kids & Animals Designs,Kids and animals,1,,11. Kids & Animals Designs/Kids and animals/Dog Breeds/Outline/Schipperkes/New/1.svg,11. Kids & Animals Designs/Kids and animals/Dog Breeds/Outline/Schipperkes/New/1.png
00802,Kids & Animals Designs,Kids and animals,1,,11. Kids & Animals Designs/Kids and animals/Dog Breeds/Outline/Sealyham Terriers/New/1.svg,11. Kids & Animals Designs/Kids and animals/Dog Breeds/Outline/Sealyham Terriers/New/1.png
00803,Kids & Animals Designs,Kids and animals,1,,11. Kids & Animals Designs/Kids and animals/Dog Breeds/Outline/Setters (Irish)/New/1.svg,11. Kids & Animals Designs/Kids and animals/Dog Breeds/Outline/Setters (Irish)/New/1.png
00804,Kids & Animals Designs,Kids and animals,1,,11. Kids & Animals Designs/Kids and animals/Dog Breeds/Outline/Siberian Husky/New/1.svg,11. Kids & Animals Designs/Kids and animals/Dog Breeds/Outline/Siberian Husky/New/1.png
00805,Kids & Animals Designs,Kids and animals,1,,11. Kids & Animals Designs/Kids and animals/Dog Breeds/Outline/Spaniels (American Water)/New/1.svg,11. Kids & Animals Designs/Kids and animals/Dog Breeds/Outline/Spaniels (American Water)/New/1.png
00806,Kids & Animals Designs,Kids and animals,1,,11. Kids & Animals Designs/Kids and animals/Dog Breeds/Outline/Spaniels (Boykin)/New/1.svg,11. Kids & Animals Designs/Kids and animals/Dog Breeds/Outline/Spaniels (Boykin)/New/1.png
00807,Kids & Animals Designs,Kids and animals,1,,11. Kids & Animals Designs/Kids and animals/Dog Breeds/Outline/Spaniels (Sussex)/NEw/1.svg,11. Kids & Animals Designs/Kids and animals/Dog Breeds/Outline/Spaniels (Sussex)/NEw/1.png
00808,Kids & Animals Designs,Kids and animals,1,,11. Kids & Animals Designs/Kids and animals/Dog Breeds/Outline/Spinoni Italiani/New/1.svg,11. Kids & Animals Designs/Kids and animals/Dog Breeds/Outline/Spinoni Italiani/New/1.png
00809,Kids & Animals Designs,Kids and animals,1,,11. Kids & Animals Designs/Kids and animals/Dog Breeds/Outline/St. Bernards/New/1.svg,11. Kids & Animals Designs/Kids and animals/Dog Breeds/Outline/St. Bernards/New/1.png
00810,Kids & Animals Designs,Kids and animals,1,,11. Kids & Animals Designs/Kids and animals/Dog Breeds/Outline/Swedish Vallhunds/New/1.svg,11. Kids & Animals Designs/Kids and animals/Dog Breeds/Outline/Swedish Vallhunds/New/1.png
00811,Kids & Animals Designs,Kids and animals,SVG,,11. Kids & Animals Designs/Kids and animals/Dog Breeds/Outline/Tibetan Mastiffs/New/SVG.svg,11. Kids & Animals Designs/Kids and animals/Dog Breeds/Outline/Tibetan Mastiffs/New/SVG.png
00812,Kids & Animals Designs,Kids and animals,1,,11. Kids & Animals Designs/Kids and animals/Dog Breeds/Outline/Tibetan Spaniels/New/1.svg,11. Kids & Animals Designs/Kids and animals/Dog Breeds/Outline/Tibetan Spaniels/New/1.png
00813,Kids & Animals Designs,Kids and animals,1,,11. Kids & Animals Designs/Kids and animals/Dog Breeds/Outline/Vizslas/New/1.svg,11. Kids & Animals Designs/Kids and animals/Dog Breeds/Outline/Vizslas/New/1.png
00814,Kids & Animals Designs,Kids and animals,1,,11. Kids & Animals Designs/Kids and animals/Dog Breeds/Outline/Welsh Terriers/New/1.svg,11. Kids & Animals Designs/Kids and animals/Dog Breeds/Outline/Welsh Terriers/New/1.png
00815,Kids & Animals Designs,Kids and animals,1,,11. Kids & Animals Designs/Kids and animals/Dog Breeds/Outline/Whippets/New/1.svg,11. Kids & Animals Designs/Kids and animals/Dog Breeds/Outline/Whippets/New/1.png
00816,Kids & Animals Designs,Kids and animals,1,,11. Kids & Animals Designs/Kids and animals/Dog Breeds/Solid/Affenpinschers/Edited/1.svg,11. Kids & Animals Designs/Kids and animals/Dog Breeds/Solid/Affenpinschers/Edited/1.png
00817,Kids & Animals Designs,Kids and animals,1,,11. Kids & Animals Designs/Kids and animals/Dog Breeds/Solid/Afghan Hounds/Edited/1.svg,11. Kids & Animals Designs/Kids and animals/Dog Breeds/Solid/Afghan Hounds/Edited/1.png
00818,Kids & Animals Designs,Kids and animals,1,,11. Kids & Animals Designs/Kids and animals/Dog Breeds/Solid/Akita Inu/Edited/1.svg,11. Kids & Animals Designs/Kids and animals/Dog Breeds/Solid/Akita Inu/Edited/1.png
00819,Kids & Animals Designs,Kids and animals,1,,11. Kids & Animals Designs/Kids and animals/Dog Breeds/Solid/American English Coonhounds/Edited/1.svg,11. Kids & Animals Designs/Kids and animals/Dog Breeds/Solid/American English Coonhounds/Edited/1.png
00820,Kids & Animals Designs,Kids and animals,1,,11. Kids & Animals Designs/Kids and animals/Dog Breeds/Solid/American Eskimo Dogs/Edited/1.svg,11. Kids & Animals Designs/Kids and animals/Dog Breeds/Solid/American Eskimo Dogs/Edited/1.png
00821,Kids & Animals Designs,Kids and animals,1,,11. Kids & Animals Designs/Kids and animals/Dog Breeds/Solid/American Foxhounds/Edited/1.svg,11. Kids & Animals Designs/Kids and animals/Dog Breeds/Solid/American Foxhounds/Edited/1.png
00822,Kids & Animals Designs,Kids and animals,1,,11. Kids & Animals Designs/Kids and animals/Dog Breeds/Solid/Australian Terriers/Edited/1.svg,11. Kids & Animals Designs/Kids and animals/Dog Breeds/Solid/Australian Terriers/Edited/1.png
00823,Kids & Animals Designs,Kids and animals,1,,11. Kids & Animals Designs/Kids and animals/Dog Breeds/Solid/Azawakhs/Edited/1.svg,11. Kids & Animals Designs/Kids and animals/Dog Breeds/Solid/Azawakhs/Edited/1.png
00824,Kids & Animals Designs,Kids and animals,1,,11. Kids & Animals Designs/Kids and animals/Dog Breeds/Solid/Basenjis/1/1.svg,11. Kids & Animals Designs/Kids and animals/Dog Breeds/Solid/Basenjis/1/1.png
00825,Kids & Animals Designs,Kids and animals,1,,11. Kids & Animals Designs/Kids and animals/Dog Breeds/Solid/Basset Hounds/Edited/1.svg,11. Kids & Animals Designs/Kids and animals/Dog Breeds/Solid/Basset Hounds/Edited/1.png
00826,Kids & Animals Designs,Kids and animals,1,,11. Kids & Animals Designs/Kids and animals/Dog Breeds/Solid/Beagle/Edited/1.svg,11. Kids & Animals Designs/Kids and animals/Dog Breeds/Solid/Beagle/Edited/1.png
00827,Kids & Animals Designs,Kids and animals,1,,11. Kids & Animals Designs/Kids and animals/Dog Breeds/Solid/Bedlington Terriers/Edited/1.svg,11. Kids & Animals Designs/Kids and animals/Dog Breeds/Solid/Bedlington Terriers/Edited/1.png
00828,Kids & Animals Designs,Kids and animals,1,,11. Kids & Animals Designs/Kids and animals/Dog Breeds/Solid/Belgian Malinois/Edited/1.svg,11. Kids & Animals Designs/Kids and animals/Dog Breeds/Solid/Belgian Malinois/Edited/1.png
00829,Kids & Animals Designs,Kids and animals,1,,11. Kids & Animals Designs/Kids and animals/Dog Breeds/Solid/Belgian Sheepdogs/Edited/1.svg,11. Kids & Animals Designs/Kids and animals/Dog Breeds/Solid/Belgian Sheepdogs/Edited/1.png
00830,Kids & Animals Designs,Kids and animals,1,,11. Kids & Animals Designs/Kids and animals/Dog Breeds/Solid/Belgian Tervuren/Edited/1.svg,11. Kids & Animals Designs/Kids and animals/Dog Breeds/Solid/Belgian Tervuren/Edited/1.png
00831,Kids & Animals Designs,Kids and animals,1,,11. Kids & Animals Designs/Kids and animals/Dog Breeds/Solid/Berger Picards/Edited/1.svg,11. Kids & Animals Designs/Kids and animals/Dog Breeds/Solid/Berger Picards/Edited/1.png
00832,Kids & Animals Designs,Kids and animals,1,,11. Kids & Animals Designs/Kids and animals/Dog Breeds/Solid/Bichon Frise/Edited/1.svg,11. Kids & Animals Designs/Kids and animals/Dog Breeds/Solid/Bichon Frise/Edited/1.png
00833,Kids & Animals Designs,Kids and animals,1,,11. Kids & Animals Designs/Kids and animals/Dog Breeds/Solid/Black and Tan Coonhounds/Edited/1.svg,11. Kids & Animals Designs/Kids and animals/Dog Breeds/Solid/Black and Tan Coonhounds/Edited/1.png
00834,Kids & Animals Designs,Kids and animals,1,,11. Kids & Animals Designs/Kids and animals/Dog Breeds/Solid/Black Russian Terriers/Edited/1.svg,11. Kids & Animals Designs/Kids and animals/Dog Breeds/Solid/Black Russian Terriers/Edited/1.png
00835,Kids & Animals Designs,Kids and animals,1,,11. Kids & Animals Designs/Kids and animals/Dog Breeds/Solid/Blue Lacy/Edited/1.svg,11. Kids & Animals Designs/Kids and animals/Dog Breeds/Solid/Blue Lacy/Edited/1.png
00836,Kids & Animals Designs,Kids and animals,1,,11. Kids & Animals Designs/Kids and animals/Dog Breeds/Solid/Bluetick Coonhounds/Edited/1.svg,11. Kids & Animals Designs/Kids and animals/Dog Breeds/Solid/Bluetick Coonhounds/Edited/1.png
00837,Kids & Animals Designs,Kids and animals,1,,11. Kids & Animals Designs/Kids and animals/Dog Breeds/Solid/Border Collies/Edited/1.svg,11. Kids & Animals Designs/Kids and animals/Dog Breeds/Solid/Border Collies/Edited/1.png
00838,Kids & Animals Designs,Kids and animals,1,,11. Kids & Animals Designs/Kids and animals/Dog Breeds/Solid/Border Terriers/Edited/1.svg,11. Kids & Animals Designs/Kids and animals/Dog Breeds/Solid/Border Terriers/Edited/1.png
00839,Kids & Animals Designs,Kids and animals,1,,11. Kids & Animals Designs/Kids and animals/Dog Breeds/Solid/Boxer/Edited/1.svg,11. Kids & Animals Designs/Kids and animals/Dog Breeds/Solid/Boxer/Edited/1.png
00840,Kids & Animals Designs,Kids and animals,1,,11. Kids & Animals Designs/Kids and animals/Dog Breeds/Solid/Briards/Edited/1.svg,11. Kids & Animals Designs/Kids and animals/Dog Breeds/Solid/Briards/Edited/1.png
00841,Kids & Animals Designs,Kids and animals,1,,11. Kids & Animals Designs/Kids and animals/Dog Breeds/Solid/Broholmer/Edited/1.svg,11. Kids & Animals Designs/Kids and animals/Dog Breeds/Solid/Broholmer/Edited/1.png
00842,Kids & Animals Designs,Kids and animals,1,,11. Kids & Animals Designs/Kids and animals/Dog Breeds/Solid/Brussels Griffons/Edited/1.svg,11. Kids & Animals Designs/Kids and animals/Dog Breeds/Solid/Brussels Griffons/Edited/1.png
00843,Kids & Animals Designs,Kids and animals,1,,11. Kids & Animals Designs/Kids and animals/Dog Breeds/Solid/Canaan Dogs/Edited/1.svg,11. Kids & Animals Designs/Kids and animals/Dog Breeds/Solid/Canaan Dogs/Edited/1.png
00844,Kids & Animals Designs,Kids and animals,1,,11. Kids & Animals Designs/Kids and animals/Dog Breeds/Solid/Cane Corso/Edited/1.svg,11. Kids & Animals Designs/Kids and animals/Dog Breeds/Solid/Cane Corso/Edited/1.png
00845,Kids & Animals Designs,Kids and animals,1,,11. Kids & Animals Designs/Kids and animals/Dog Breeds/Solid/Cardigan Welsh Corgis/Edited/1.svg,11. Kids & Animals Designs/Kids and animals/Dog Breeds/Solid/Cardigan Welsh Corgis/Edited/1.png
00846,Kids & Animals Designs,Kids and animals,1,,11. Kids & Animals Designs/Kids and animals/Dog Breeds/Solid/Chinese Crested/Edited/1.svg,11. Kids & Animals Designs/Kids and animals/Dog Breeds/Solid/Chinese Crested/Edited/1.png
00847,Kids & Animals Designs,Kids and animals,1,,11. Kids & Animals Designs/Kids and animals/Dog Breeds/Solid/Chinese Shar-Pei/Edited/1.svg,11. Kids & Animals Designs/Kids and animals/Dog Breeds/Solid/Chinese Shar-Pei/Edited/1.png
00848,Kids & Animals Designs,Kids and animals,1,,11. Kids & Animals Designs/Kids and animals/Dog Breeds/Solid/Chinooks Dog/Edited/1.svg,11. Kids & Animals Designs/Kids and animals/Dog Breeds/Solid/Chinooks Dog/Edited/1.png
00849,Kids & Animals Designs,Kids and animals,1,,11. Kids & Animals Designs/Kids and animals/Dog Breeds/Solid/Chow Chows/Edited/1.svg,11. Kids & Animals Designs/Kids and animals/Dog Breeds/Solid/Chow Chows/Edited/1.png
00850,Kids & Animals Designs,Kids and animals,1,,11. Kids & Animals Designs/Kids and animals/Dog Breeds/Solid/Cocker Spaniel/Edited/1.svg,11. Kids & Animals Designs/Kids and animals/Dog Breeds/Solid/Cocker Spaniel/Edited/1.png
00851,Kids & Animals Designs,Kids and animals,1,,11. Kids & Animals Designs/Kids and animals/Dog Breeds/Solid/Collies/Edited/1.svg,11. Kids & Animals Designs/Kids and animals/Dog Breeds/Solid/Collies/Edited/1.png
00852,Kids & Animals Designs,Kids and animals,1,,11. Kids & Animals Designs/Kids and animals/Dog Breeds/Solid/Dalmatian/Edited/1.svg,11. Kids & Animals Designs/Kids and animals/Dog Breeds/Solid/Dalmatian/Edited/1.png
00853,Kids & Animals Designs,Kids and animals,1,,11. Kids & Animals Designs/Kids and animals/Dog Breeds/Solid/Daschounds/Edited/1.svg,11. Kids & Animals Designs/Kids and animals/Dog Breeds/Solid/Daschounds/Edited/1.png
00854,Kids & Animals Designs,Kids and animals,1,,11. Kids & Animals Designs/Kids and animals/Dog Breeds/Solid/Dogo Argentino/Edited/1.svg,11. Kids & Animals Designs/Kids and animals/Dog Breeds/Solid/Dogo Argentino/Edited/1.png
00855,Kids & Animals Designs,Kids and animals,1,,11. Kids & Animals Designs/Kids and animals/Dog Breeds/Solid/Dogues de Bordeaux/Edited/1.svg,11. Kids & Animals Designs/Kids and animals/Dog Breeds/Solid/Dogues de Bordeaux/Edited/1.png
00856,Kids & Animals Designs,Kids and animals,1,,11. Kids & Animals Designs/Kids and animals/Dog Breeds/Solid/English Foxhounds/Edited/1.svg,11. Kids & Animals Designs/Kids and animals/Dog Breeds/Solid/English Foxhounds/Edited/1.png
00857,Kids & Animals Designs,Kids and animals,1,,11. Kids & Animals Designs/Kids and animals/Dog Breeds/Solid/Finnish Lapphund/Edited/1.svg,11. Kids & Animals Designs/Kids and animals/Dog Breeds/Solid/Finnish Lapphund/Edited/1.png
00858,Kids & Animals Designs,Kids and animals,1,,11. Kids & Animals Designs/Kids and animals/Dog Breeds/Solid/Finnish Spitz/Edited/1.svg,11. Kids & Animals Designs/Kids and animals/Dog Breeds/Solid/Finnish Spitz/Edited/1.png
00859,Kids & Animals Designs,Kids and animals,1,,11. Kids & Animals Designs/Kids and animals/Dog Breeds/Solid/Fox Terriers (Smooth)/Edited/1.svg,11. Kids & Animals Designs/Kids and animals/Dog Breeds/Solid/Fox Terriers (Smooth)/Edited/1.png
00860,Kids & Animals Designs,Kids and animals,1,,11. Kids & Animals Designs/Kids and animals/Dog Breeds/Solid/Fox Terriers (Wire)/Edited/1.svg,11. Kids & Animals Designs/Kids and animals/Dog Breeds/Solid/Fox Terriers (Wire)/Edited/1.png
00861,Kids & Animals Designs,Kids and animals,1,,11. Kids & Animals Designs/Kids and animals/Dog Breeds/Solid/Giant Schnauzers/Edited/1.svg,11. Kids & Animals Designs/Kids and animals/Dog Breeds/Solid/Giant Schnauzers/Edited/1.png
00862,Kids & Animals Designs,Kids and animals,1,,11. Kids & Animals Designs/Kids and animals/Dog Breeds/Solid/Glen of Imaal Terriers/Edited/1.svg,11. Kids & Animals Designs/Kids and animals/Dog Breeds/Solid/Glen of Imaal Terriers/Edited/1.png
00863,Kids & Animals Designs,Kids and animals,1,,11. Kids & Animals Designs/Kids and animals/Dog Breeds/Solid/Greyhounds/Edited/1.svg,11. Kids & Animals Designs/Kids and animals/Dog Breeds/Solid/Greyhounds/Edited/1.png
00864,Kids & Animals Designs,Kids and animals,1,,11. Kids & Animals Designs/Kids and animals/Dog Breeds/Solid/Harriers Dog/Edited/1.svg,11. Kids & Animals Designs/Kids and animals/Dog Breeds/Solid/Harriers Dog/Edited/1.png
00865,Kids & Animals Designs,Kids and animals,1,,11. Kids & Animals Designs/Kids and animals/Dog Breeds/Solid/Havanese/Edited/1.svg,11. Kids & Animals Designs/Kids and animals/Dog Breeds/Solid/Havanese/Edited/1.png
00866,Kids & Animals Designs,Kids and animals,1,,11. Kids & Animals Designs/Kids and animals/Dog Breeds/Solid/Ibizan Hounds/Edited/1.svg,11. Kids & Animals Designs/Kids and animals/Dog Breeds/Solid/Ibizan Hounds/Edited/1.png
00867,Kids & Animals Designs,Kids and animals,1,,11. Kids & Animals Designs/Kids and animals/Dog Breeds/Solid/Icelandic Sheepdogs/Edited/1.svg,11. Kids & Animals Designs/Kids and animals/Dog Breeds/Solid/Icelandic Sheepdogs/Edited/1.png
00868,Kids & Animals Designs,Kids and animals,1,,11. Kids & Animals Designs/Kids and animals/Dog Breeds/Solid/Irish Wolfhounds/Edited/1.svg,11. Kids & Animals Designs/Kids and animals/Dog Breeds/Solid/Irish Wolfhounds/Edited/1.png
00869,Kids & Animals Designs,Kids and animals,1,,11. Kids & Animals Designs/Kids and animals/Dog Breeds/Solid/Kerry Blue Terriers/Edited/1.svg,11. Kids & Animals Designs/Kids and animals/Dog Breeds/Solid/Kerry Blue Terriers/Edited/1.png
00870,Kids & Animals Designs,Kids and animals,1,,11. Kids & Animals Designs/Kids and animals/Dog Breeds/Solid/Korean Jindo Dog/Edited/1.svg,11. Kids & Animals Designs/Kids and animals/Dog Breeds/Solid/Korean Jindo Dog/Edited/1.png
00871,Kids & Animals Designs,Kids and animals,1,,11. Kids & Animals Designs/Kids and animals/Dog Breeds/Solid/Lagotti Romagnoli/Edited/1.svg,11. Kids & Animals Designs/Kids and animals/Dog Breeds/Solid/Lagotti Romagnoli/Edited/1.png
00872,Kids & Animals Designs,Kids and animals,1,,11. Kids & Animals Designs/Kids and animals/Dog Breeds/Solid/Lakeland Terriers/Edited/1.svg,11. Kids & Animals Designs/Kids and animals/Dog Breeds/Solid/Lakeland Terriers/Edited/1.png
00873,Kids & Animals Designs,Kids and animals,1,,11. Kids & Animals Designs/Kids and animals/Dog Breeds/Solid/Leonbergers/Edited/1.svg,11. Kids & Animals Designs/Kids and animals/Dog Breeds/Solid/Leonbergers/Edited/1.png
00874,Kids & Animals Designs,Kids and animals,1,,11. Kids & Animals Designs/Kids and animals/Dog Breeds/Solid/Lhasa Apsos/Edited/1.svg,11. Kids & Animals Designs/Kids and animals/Dog Breeds/Solid/Lhasa Apsos/Edited/1.png
00875,Kids & Animals Designs,Kids and animals,1,,11. Kids & Animals Designs/Kids and animals/Dog Breeds/Solid/Lowchen/Edited/1.svg,11. Kids & Animals Designs/Kids and animals/Dog Breeds/Solid/Lowchen/Edited/1.png
00876,Kids & Animals Designs,Kids and animals,1,,11. Kids & Animals Designs/Kids and animals/Dog Breeds/Solid/Maltese/Edited/1.svg,11. Kids & Animals Designs/Kids and animals/Dog Breeds/Solid/Maltese/Edited/1.png
00877,Kids & Animals Designs,Kids and animals,1,,11. Kids & Animals Designs/Kids and animals/Dog Breeds/Solid/Manchester Terriers/Edited/1.svg,11. Kids & Animals Designs/Kids and animals/Dog Breeds/Solid/Manchester Terriers/Edited/1.png
00878,Kids & Animals Designs,Kids and animals,1,,11. Kids & Animals Designs/Kids and animals/Dog Breeds/Solid/Miniature American Shepherds/Edited/1.svg,11. Kids & Animals Designs/Kids and animals/Dog Breeds/Solid/Miniature American Shepherds/Edited/1.png
00879,Kids & Animals Designs,Kids and animals,1,,11. Kids & Animals Designs/Kids and animals/Dog Breeds/Solid/Miniature Bull Terriers/Edited/1.svg,11. Kids & Animals Designs/Kids and animals/Dog Breeds/Solid/Miniature Bull Terriers/Edited/1.png
00880,Kids & Animals Designs,Kids and animals,1,,11. Kids & Animals Designs/Kids and animals/Dog Breeds/Solid/Miniature Pinschers/Edited/1.svg,11. Kids & Animals Designs/Kids and animals/Dog Breeds/Solid/Miniature Pinschers/Edited/1.png
00881,Kids & Animals Designs,Kids and animals,1,,11. Kids & Animals Designs/Kids and animals/Dog Breeds/Solid/Neapolitan Mastiffs/Edited/1.svg,11. Kids & Animals Designs/Kids and animals/Dog Breeds/Solid/Neapolitan Mastiffs/Edited/1.png
00882,Kids & Animals Designs,Kids and animals,1,,11. Kids & Animals Designs/Kids and animals/Dog Breeds/Solid/Nederlandse Kooikerhondjes/Edited/1.svg,11. Kids & Animals Designs/Kids and animals/Dog Breeds/Solid/Nederlandse Kooikerhondjes/Edited/1.png
00883,Kids & Animals Designs,Kids and animals,1,,11. Kids & Animals Designs/Kids and animals/Dog Breeds/Solid/Norfolk Terriers/Edited/1.svg,11. Kids & Animals Designs/Kids and animals/Dog Breeds/Solid/Norfolk Terriers/Edited/1.png
00884,Kids & Animals Designs,Kids and animals,1,,11. Kids & Animals Designs/Kids and animals/Dog Breeds/Solid/Norwegian Buhunds/Edited/1.svg,11. Kids & Animals Designs/Kids and animals/Dog Breeds/Solid/Norwegian Buhunds/Edited/1.png
00885,Kids & Animals Designs,Kids and animals,1,,11. Kids & Animals Designs/Kids and animals/Dog Breeds/Solid/Norwegian Elkhounds/Edited/1.svg,11. Kids & Animals Designs/Kids and animals/Dog Breeds/Solid/Norwegian Elkhounds/Edited/1.png
00886,Kids & Animals Designs,Kids and animals,1,,11. Kids & Animals Designs/Kids and animals/Dog Breeds/Solid/Norwich Terriers/Edited/1.svg,11. Kids & Animals Designs/Kids and animals/Dog Breeds/Solid/Norwich Terriers/Edited/1.png
00887,Kids & Animals Designs,Kids and animals,1,,11. Kids & Animals Designs/Kids and animals/Dog Breeds/Solid/Papillons/Edited/1.svg,11. Kids & Animals Designs/Kids and animals/Dog Breeds/Solid/Papillons/Edited/1.png
00888,Kids & Animals Designs,Kids and animals,1,,11. Kids & Animals Designs/Kids and animals/Dog Breeds/Solid/Parson Russell Terriers/Edited/1.svg,11. Kids & Animals Designs/Kids and animals/Dog Breeds/Solid/Parson Russell Terriers/Edited/1.png
00889,Kids & Animals Designs,Kids and animals,1,,11. Kids & Animals Designs/Kids and animals/Dog Breeds/Solid/Pekingese/Edited/1.svg,11. Kids & Animals Designs/Kids and animals/Dog Breeds/Solid/Pekingese/Edited/1.png
00890,Kids & Animals Designs,Kids and animals,1,,11. Kids & Animals Designs/Kids and animals/Dog Breeds/Solid/Petits Bassets Griffons Vendeens/Edited/1.svg,11. Kids & Animals Designs/Kids and animals/Dog Breeds/Solid/Petits Bassets Griffons Vendeens/Edited/1.png
00891,Kids & Animals Designs,Kids and animals,1,,11. Kids & Animals Designs/Kids and animals/Dog Breeds/Solid/Pharaoh Hounds/Edited/1.svg,11. Kids & Animals Designs/Kids and animals/Dog Breeds/Solid/Pharaoh Hounds/Edited/1.png
00892,Kids & Animals Designs,Kids and animals,1,,11. Kids & Animals Designs/Kids and animals/Dog Breeds/Solid/Plott Hounds/Edited/1.svg,11. Kids & Animals Designs/Kids and animals/Dog Breeds/Solid/Plott Hounds/Edited/1.png
00893,Kids & Animals Designs,Kids and animals,1,,11. Kids & Animals Designs/Kids and animals/Dog Breeds/Solid/Pointers (German Shorthaired)/Edited/1.svg,11. Kids & Animals Designs/Kids and animals/Dog Breeds/Solid/Pointers (German Shorthaired)/Edited/1.png
00894,Kids & Animals Designs,Kids and animals,1,,11. Kids & Animals Designs/Kids and animals/Dog Breeds/Solid/Polish Lowland Sheepdogs/Edited/1.svg,11. Kids & Animals Designs/Kids and animals/Dog Breeds/Solid/Polish Lowland Sheepdogs/Edited/1.png
00895,Kids & Animals Designs,Kids and animals,1,,11. Kids & Animals Designs/Kids and animals/Dog Breeds/Solid/Pomsky/Edited/1.svg,11. Kids & Animals Designs/Kids and animals/Dog Breeds/Solid/Pomsky/Edited/1.png
00896,Kids & Animals Designs,Kids and animals,1,,11. Kids & Animals Designs/Kids and animals/Dog Breeds/Solid/Puli/Edited/1.svg,11. Kids & Animals Designs/Kids and animals/Dog Breeds/Solid/Puli/Edited/1.png
00897,Kids & Animals Designs,Kids and animals,1,,11. Kids & Animals Designs/Kids and animals/Dog Breeds/Solid/Pumik/Edited/1.svg,11. Kids & Animals Designs/Kids and animals/Dog Breeds/Solid/Pumik/Edited/1.png
00898,Kids & Animals Designs,Kids and animals,1,,11. Kids & Animals Designs/Kids and animals/Dog Breeds/Solid/Retriever (Curly-Coated)/Edited/1.svg,11. Kids & Animals Designs/Kids and animals/Dog Breeds/Solid/Retriever (Curly-Coated)/Edited/1.png
00899,Kids & Animals Designs,Kids and animals,1,,11. Kids & Animals Designs/Kids and animals/Dog Breeds/Solid/Retrievers (Chesapeake Bay)/Edited/1.svg,11. Kids & Animals Designs/Kids and animals/Dog Breeds/Solid/Retrievers (Chesapeake Bay)/Edited/1.png
00900,Kids & Animals Designs,Kids and animals,1,,11. Kids & Animals Designs/Kids and animals/Dog Breeds/Solid/Retrievers (Golden)/Edited/1.svg,11. Kids & Animals Designs/Kids and animals/Dog Breeds/Solid/Retrievers (Golden)/Edited/1.png
00901,Kids & Animals Designs,Kids and animals,1,,11. Kids & Animals Designs/Kids and animals/Dog Breeds/Solid/Retrievers (Labrador)/Edited/1.svg,11. Kids & Animals Designs/Kids and animals/Dog Breeds/Solid/Retrievers (Labrador)/Edited/1.png
00902,Kids & Animals Designs,Kids and animals,1,,11. Kids & Animals Designs/Kids and animals/Dog Breeds/Solid/Retrievers (Nova Scotia Duck Tolling)/Edited/1.svg,11. Kids & Animals Designs/Kids and animals/Dog Breeds/Solid/Retrievers (Nova Scotia Duck Tolling)/Edited/1.png
00903,Kids & Animals Designs,Kids and animals,1,,11. Kids & Animals Designs/Kids and animals/Dog Breeds/Solid/Russell Terriers/Edited/1.svg,11. Kids & Animals Designs/Kids and animals/Dog Breeds/Solid/Russell Terriers/Edited/1.png
00904,Kids & Animals Designs,Kids and animals,1,,11. Kids & Animals Designs/Kids and animals/Dog Breeds/Solid/Salukis/Edited/1.svg,11. Kids & Animals Designs/Kids and animals/Dog Breeds/Solid/Salukis/Edited/1.png
00905,Kids & Animals Designs,Kids and animals,1,,11. Kids & Animals Designs/Kids and animals/Dog Breeds/Solid/Scottish Terriers/Edited/1.svg,11. Kids & Animals Designs/Kids and animals/Dog Breeds/Solid/Scottish Terriers/Edited/1.png
00906,Kids & Animals Designs,Kids and animals,1,,11. Kids & Animals Designs/Kids and animals/Dog Breeds/Solid/Sealyham Terriers/Edited/1.svg,11. Kids & Animals Designs/Kids and animals/Dog Breeds/Solid/Sealyham Terriers/Edited/1.png
00907,Kids & Animals Designs,Kids and animals,1,,11. Kids & Animals Designs/Kids and animals/Dog Breeds/Solid/Silky Terriers/Edited/1.svg,11. Kids & Animals Designs/Kids and animals/Dog Breeds/Solid/Silky Terriers/Edited/1.png
00908,Kids & Animals Designs,Kids and animals,1,,11. Kids & Animals Designs/Kids and animals/Dog Breeds/Solid/Sloughis/Edited/1.svg,11. Kids & Animals Designs/Kids and animals/Dog Breeds/Solid/Sloughis/Edited/1.png
00909,Kids & Animals Designs,Kids and animals,1,,11. Kids & Animals Designs/Kids and animals/Dog Breeds/Solid/Spaniels (American Water)/Edited/1.svg,11. Kids & Animals Designs/Kids and animals/Dog Breeds/Solid/Spaniels (American Water)/Edited/1.png
00910,Kids & Animals Designs,Kids and animals,1,,11. Kids & Animals Designs/Kids and animals/Dog Breeds/Solid/Spaniels (Clumber)/Edited/1.svg,11. Kids & Animals Designs/Kids and animals/Dog Breeds/Solid/Spaniels (Clumber)/Edited/1.png
00911,Kids & Animals Designs,Kids and animals,1,,11. Kids & Animals Designs/Kids and animals/Dog Breeds/Solid/Spaniels (English Springer)/Edited/1.svg,11. Kids & Animals Designs/Kids and animals/Dog Breeds/Solid/Spaniels (English Springer)/Edited/1.png
00912,Kids & Animals Designs,Kids and animals,1,,11. Kids & Animals Designs/Kids and animals/Dog Breeds/Solid/Spaniels (Sussex)/Edited/1.svg,11. Kids & Animals Designs/Kids and animals/Dog Breeds/Solid/Spaniels (Sussex)/Edited/1.png
00913,Kids & Animals Designs,Kids and animals,1,,11. Kids & Animals Designs/Kids and animals/Dog Breeds/Solid/Spaniels (Welsh Springer)/Edited/1.svg,11. Kids & Animals Designs/Kids and animals/Dog Breeds/Solid/Spaniels (Welsh Springer)/Edited/1.png
00914,Kids & Animals Designs,Kids and animals,1,,11. Kids & Animals Designs/Kids and animals/Dog Breeds/Solid/Spinoni Italiani/Edited/1.svg,11. Kids & Animals Designs/Kids and animals/Dog Breeds/Solid/Spinoni Italiani/Edited/1.png
00915,Kids & Animals Designs,Kids and animals,1,,11. Kids & Animals Designs/Kids and animals/Dog Breeds/Solid/Standard Schnauzers/Edited/1.svg,11. Kids & Animals Designs/Kids and animals/Dog Breeds/Solid/Standard Schnauzers/Edited/1.png
00916,Kids & Animals Designs,Kids and animals,1,,11. Kids & Animals Designs/Kids and animals/Dog Breeds/Solid/Swedish Vallhunds/Edited/1.svg,11. Kids & Animals Designs/Kids and animals/Dog Breeds/Solid/Swedish Vallhunds/Edited/1.png
00917,Kids & Animals Designs,Kids and animals,1,,11. Kids & Animals Designs/Kids and animals/Dog Breeds/Solid/Tibetan Mastiffs/Edited/1.svg,11. Kids & Animals Designs/Kids and animals/Dog Breeds/Solid/Tibetan Mastiffs/Edited/1.png
00918,Kids & Animals Designs,Kids and animals,1,,11. Kids & Animals Designs/Kids and animals/Dog Breeds/Solid/Tibetan Spaniels/Edited/1.svg,11. Kids & Animals Designs/Kids and animals/Dog Breeds/Solid/Tibetan Spaniels/Edited/1.png
00919,Kids & Animals Designs,Kids and animals,1,,11. Kids & Animals Designs/Kids and animals/Dog Breeds/Solid/Tibetan Terriers/Edited/1.svg,11. Kids & Animals Designs/Kids and animals/Dog Breeds/Solid/Tibetan Terriers/Edited/1.png
00920,Kids & Animals Designs,Kids and animals,1,,11. Kids & Animals Designs/Kids and animals/Dog Breeds/Solid/Toy Fox Terriers/Edited/1.svg,11. Kids & Animals Designs/Kids and animals/Dog Breeds/Solid/Toy Fox Terriers/Edited/1.png
00921,Kids & Animals Designs,Kids and animals,1,,11. Kids & Animals Designs/Kids and animals/Dog Breeds/Solid/Treeing Walker Coonhounds/Edited/1.svg,11. Kids & Animals Designs/Kids and animals/Dog Breeds/Solid/Treeing Walker Coonhounds/Edited/1.png
00922,Kids & Animals Designs,Kids and animals,1,,11. Kids & Animals Designs/Kids and animals/Dog Breeds/Solid/Vizslas/Edited/1.svg,11. Kids & Animals Designs/Kids and animals/Dog Breeds/Solid/Vizslas/Edited/1.png
00923,Kids & Animals Designs,Kids and animals,1,,11. Kids & Animals Designs/Kids and animals/Dog Breeds/Solid/Weimaraners/Edited/1.svg,11. Kids & Animals Designs/Kids and animals/Dog Breeds/Solid/Weimaraners/Edited/1.png
00924,Kids & Animals Designs,Kids and animals,1,,11. Kids & Animals Designs/Kids and animals/Dog Breeds/Solid/West Highland White Terriers/Edited/1.svg,11. Kids & Animals Designs/Kids and animals/Dog Breeds/Solid/West Highland White Terriers/Edited/1.png
00925,Kids & Animals Designs,Kids and animals,1,,11. Kids & Animals Designs/Kids and animals/Dog Breeds/Solid/Wirehaired Pointing Griffons/Edited/1.svg,11. Kids & Animals Designs/Kids and animals/Dog Breeds/Solid/Wirehaired Pointing Griffons/Edited/1.png
00926,Kids & Animals Designs,Kids and animals,1,,11. Kids & Animals Designs/Kids and animals/Dog Breeds/Solid/Wirehaired Vizslas/Edited/1.svg,11. Kids & Animals Designs/Kids and animals/Dog Breeds/Solid/Wirehaired Vizslas/Edited/1.png
00927,Kids & Animals Designs,Kids and animals,1,,11. Kids & Animals Designs/Kids and animals/Dog Breeds/Solid/Xoloitzcuintli/Edited/1.svg,11. Kids & Animals Designs/Kids and animals/Dog Breeds/Solid/Xoloitzcuintli/Edited/1.png
00928,Kids & Animals Designs,Kids and animals,1,,11. Kids & Animals Designs/Kids and animals/Dog Breeds/Solid/Yorkie/Edited/1.svg,11. Kids & Animals Designs/Kids and animals/Dog Breeds/Solid/Yorkie/Edited/1.png
00929,Kids & Animals Designs,Numbers Puzzle,Numbers-puzzle-SVG,,11. Kids & Animals Designs/Numbers Puzzle/Numbers-puzzle-SVG.svg,11. Kids & Animals Designs/Numbers Puzzle/Numbers-puzzle-SVG.png
00930,Kids & Animals Designs,Snowglobe,Snowglobe-Laser-Cut-01-SVG,,11. Kids & Animals Designs/Snowglobe/SVG/Snowglobe-Laser-Cut-01-SVG.svg,11. Kids & Animals Designs/Snowglobe/PNG/Snowglobe-Laser-Cut-01-SVG.png
00931,Kids & Animals Designs,Snowglobe,Snowglobe-Laser-Cut-02-SVG,,11. Kids & Animals Designs/Snowglobe/SVG/Snowglobe-Laser-Cut-02-SVG.svg,11. Kids & Animals Designs/Snowglobe/PNG/Snowglobe-Laser-Cut-02-SVG.png
00932,Kids & Animals Designs,Snowglobe,Snowglobe-Laser-Cut-03-SVG,,11. Kids & Animals Designs/Snowglobe/SVG/Snowglobe-Laser-Cut-03-SVG.svg,11. Kids & Animals Designs/Snowglobe/PNG/Snowglobe-Laser-Cut-03-SVG.png
00933,Kids & Animals Designs,Snowglobe,Snowglobe-Laser-Cut-04-SVG,,11. Kids & Animals Designs/Snowglobe/SVG/Snowglobe-Laser-Cut-04-SVG.svg,11. Kids & Animals Designs/Snowglobe/PNG/Snowglobe-Laser-Cut-04-SVG.png
00934,Kids & Animals Designs,Snowglobe,Snowglobe-Laser-Cut-05-SVG,,11. Kids & Animals Designs/Snowglobe/SVG/Snowglobe-Laser-Cut-05-SVG.svg,11. Kids & Animals Designs/Snowglobe/PNG/Snowglobe-Laser-Cut-05-SVG.png
00935,Kids & Animals Designs,Snowglobe,Snowglobe-Laser-Cut-06-SVG,,11. Kids & Animals Designs/Snowglobe/SVG/Snowglobe-Laser-Cut-06-SVG.svg,11. Kids & Animals Designs/Snowglobe/PNG/Snowglobe-Laser-Cut-06-SVG.png
00936,New,Animals hook LWH,Animals hook LWH,,12. New/Animals hook LWH/Animals hook LWH.svg,12. New/Animals hook LWH/Animals hook LWH.png
00937,New,Iron man LWH,Iron man file cdr and dxf free vector download for Laser cut,,12. New/Iron man LWH/Iron man file cdr and dxf free vector download for Laser cut.svg,12. New/Iron man LWH/Iron man file cdr and dxf free vector download for Laser cut.png
00938,New,Keychain Love LWH,Keychain Love LWH_1,,12. New/Keychain Love LWH/Keychain Love LWH_1.svg,MISSING
00939,New,Lamp LWH,Lamp LWH,,12. New/Lamp LWH/Lamp LWH.svg,12. New/Lamp LWH/Lamp LWH.png
00940,New,Magazine holder LWH,Magazine holder LWH,,12. New/Magazine holder LWH/Magazine holder LWH.svg,12. New/Magazine holder LWH/Magazine holder LWH.png
00941,New,Puzzle coasters LWH,Puzzle coasters LWH,yes,12. New/Puzzle coasters LWH/Puzzle coasters LWH.svg,12. New/Puzzle coasters LWH/Puzzle coasters LWH.png
00942,New,Wall-E LWH,Wall-E LWH,,12. New/Wall-E LWH/Wall-E LWH.svg,12. New/Wall-E LWH/Wall-E LWH.png
00943,New,Wine box LWH,Wine box LWH,,12. New/Wine box LWH/Wine box LWH.svg,12. New/Wine box LWH/Wine box LWH.png
00944,New,Wooden bracelets LWH,Wooden bracelets LWH,,12. New/Wooden bracelets LWH/Wooden bracelets LWH.svg,12. New/Wooden bracelets LWH/Wooden bracelets LWH.png
00945,Wall Art Designs,Australian Animals,Bandicoot,,2. Wall Art Designs/Australian Animals/SVG/Bandicoot.svg,2. Wall Art Designs/Australian Animals/PNG/Bandicoot.png
00946,Wall Art Designs,Australian Animals,Bilby,,2. Wall Art Designs/Australian Animals/SVG/Bilby.svg,2. Wall Art Designs/Australian Animals/PNG/Bilby.png
00947,Wall Art Designs,Australian Animals,Cassowary,,2. Wall Art Designs/Australian Animals/SVG/Cassowary.svg,2. Wall Art Designs/Australian Animals/PNG/Cassowary.png
00948,Wall Art Designs,Australian Animals,Cockatoo 1,,2. Wall Art Designs/Australian Animals/SVG/Cockatoo 1.svg,2. Wall Art Designs/Australian Animals/PNG/Cockatoo 1.png
00949,Wall Art Designs,Australian Animals,Cockatoo 2,,2. Wall Art Designs/Australian Animals/SVG/Cockatoo 2.svg,2. Wall Art Designs/Australian Animals/PNG/Cockatoo 2.png
00950,Wall Art Designs,Australian Animals,Cockatoo 3,,2. Wall Art Designs/Australian Animals/SVG/Cockatoo 3.svg,2. Wall Art Designs/Australian Animals/PNG/Cockatoo 3.png
00951,Wall Art Designs,Australian Animals,Cockatoo 4,,2. Wall Art Designs/Australian Animals/SVG/Cockatoo 4.svg,2. Wall Art Designs/Australian Animals/PNG/Cockatoo 4.png
00952,Wall Art Designs,Australian Animals,Crocodile 1,,2. Wall Art Designs/Australian Animals/SVG/Crocodile 1.svg,2. Wall Art Designs/Australian Animals/PNG/Crocodile 1.png
00953,Wall Art Designs,Australian Animals,Crocodile 2,,2. Wall Art Designs/Australian Animals/SVG/Crocodile 2.svg,2. Wall Art Designs/Australian Animals/PNG/Crocodile 2.png
00954,Wall Art Designs,Australian Animals,Crocodile 3,,2. Wall Art Designs/Australian Animals/SVG/Crocodile 3.svg,2. Wall Art Designs/Australian Animals/PNG/Crocodile 3.png
00955,Wall Art Designs,Australian Animals,Crocodile 4,,2. Wall Art Designs/Australian Animals/SVG/Crocodile 4.svg,2. Wall Art Designs/Australian Animals/PNG/Crocodile 4.png
00956,Wall Art Designs,Australian Animals,Dingo 1,,2. Wall Art Designs/Australian Animals/SVG/Dingo 1.svg,2. Wall Art Designs/Australian Animals/PNG/Dingo 1.png
00957,Wall Art Designs,Australian Animals,Dingo 2,,2. Wall Art Designs/Australian Animals/SVG/Dingo 2.svg,2. Wall Art Designs/Australian Animals/PNG/Dingo 2.png
00958,Wall Art Designs,Australian Animals,Dingo 3,,2. Wall Art Designs/Australian Animals/SVG/Dingo 3.svg,2. Wall Art Designs/Australian Animals/PNG/Dingo 3.png
00959,Wall Art Designs,Australian Animals,Dingo 4,,2. Wall Art Designs/Australian Animals/SVG/Dingo 4.svg,2. Wall Art Designs/Australian Animals/PNG/Dingo 4.png
00960,Wall Art Designs,Australian Animals,Drop Bear 1,,2. Wall Art Designs/Australian Animals/SVG/Drop Bear 1.svg,2. Wall Art Designs/Australian Animals/PNG/Drop Bear 1.png
00961,Wall Art Designs,Australian Animals,Drop Bear 2,,2. Wall Art Designs/Australian Animals/SVG/Drop Bear 2.svg,2. Wall Art Designs/Australian Animals/PNG/Drop Bear 2.png
00962,Wall Art Designs,Australian Animals,Dugong,,2. Wall Art Designs/Australian Animals/SVG/Dugong.svg,2. Wall Art Designs/Australian Animals/PNG/Dugong.png
00963,Wall Art Designs,Australian Animals,Echidna 1,,2. Wall Art Designs/Australian Animals/SVG/Echidna 1.svg,2. Wall Art Designs/Australian Animals/PNG/Echidna 1.png
00964,Wall Art Designs,Australian Animals,Echidna 2,,2. Wall Art Designs/Australian Animals/SVG/Echidna 2.svg,2. Wall Art Designs/Australian Animals/PNG/Echidna 2.png
00965,Wall Art Designs,Australian Animals,Echidna 3,,2. Wall Art Designs/Australian Animals/SVG/Echidna 3.svg,2. Wall Art Designs/Australian Animals/PNG/Echidna 3.png
00966,Wall Art Designs,Australian Animals,Echidna 4,,2. Wall Art Designs/Australian Animals/SVG/Echidna 4.svg,2. Wall Art Designs/Australian Animals/PNG/Echidna 4.png
00967,Wall Art Designs,Australian Animals,Emu 1,,2. Wall Art Designs/Australian Animals/SVG/Emu 1.svg,2. Wall Art Designs/Australian Animals/PNG/Emu 1.png
00968,Wall Art Designs,Australian Animals,Emu 2,,2. Wall Art Designs/Australian Animals/SVG/Emu 2.svg,2. Wall Art Designs/Australian Animals/PNG/Emu 2.png
00969,Wall Art Designs,Australian Animals,Emu 3,,2. Wall Art Designs/Australian Animals/SVG/Emu 3.svg,2. Wall Art Designs/Australian Animals/PNG/Emu 3.png
00970,Wall Art Designs,Australian Animals,Emu 4,,2. Wall Art Designs/Australian Animals/SVG/Emu 4.svg,2. Wall Art Designs/Australian Animals/PNG/Emu 4.png
00971,Wall Art Designs,Australian Animals,Kangaroo 2,,2. Wall Art Designs/Australian Animals/SVG/Kangaroo 2.svg,2. Wall Art Designs/Australian Animals/PNG/Kangaroo 2.png
00972,Wall Art Designs,Australian Animals,Kangaroo 3,,2. Wall Art Designs/Australian Animals/SVG/Kangaroo 3.svg,2. Wall Art Designs/Australian Animals/PNG/Kangaroo 3.png
00973,Wall Art Designs,Australian Animals,Kangaroo 4,,2. Wall Art Designs/Australian Animals/SVG/Kangaroo 4.svg,2. Wall Art Designs/Australian Animals/PNG/Kangaroo 4.png
00974,Wall Art Designs,Australian Animals,Kangaroo 6,,2. Wall Art Designs/Australian Animals/SVG/Kangaroo 6.svg,2. Wall Art Designs/Australian Animals/PNG/Kangaroo 6.png
00975,Wall Art Designs,Australian Animals,Koala 1,,2. Wall Art Designs/Australian Animals/SVG/Koala 1.svg,2. Wall Art Designs/Australian Animals/PNG/Koala 1.png
00976,Wall Art Designs,Australian Animals,Koala 2,,2. Wall Art Designs/Australian Animals/SVG/Koala 2.svg,2. Wall Art Designs/Australian Animals/PNG/Koala 2.png
00977,Wall Art Designs,Australian Animals,Koala 3,,2. Wall Art Designs/Australian Animals/SVG/Koala 3.svg,2. Wall Art Designs/Australian Animals/PNG/Koala 3.png
00978,Wall Art Designs,Australian Animals,Koala 4,,2. Wall Art Designs/Australian Animals/SVG/Koala 4.svg,2. Wall Art Designs/Australian Animals/PNG/Koala 4.png
00979,Wall Art Designs,Australian Animals,Koala 5,,2. Wall Art Designs/Australian Animals/SVG/Koala 5.svg,2. Wall Art Designs/Australian Animals/PNG/Koala 5.png
00980,Wall Art Designs,Australian Animals,Koala 6,,2. Wall Art Designs/Australian Animals/SVG/Koala 6.svg,2. Wall Art Designs/Australian Animals/PNG/Koala 6.png
00981,Wall Art Designs,Australian Animals,Kookaburra 1,,2. Wall Art Designs/Australian Animals/SVG/Kookaburra 1.svg,2. Wall Art Designs/Australian Animals/PNG/Kookaburra 1.png
00982,Wall Art Designs,Australian Animals,Kookaburra 2,,2. Wall Art Designs/Australian Animals/SVG/Kookaburra 2.svg,2. Wall Art Designs/Australian Animals/PNG/Kookaburra 2.png
00983,Wall Art Designs,Australian Animals,Kookaburra 3,,2. Wall Art Designs/Australian Animals/SVG/Kookaburra 3.svg,2. Wall Art Designs/Australian Animals/PNG/Kookaburra 3.png
00984,Wall Art Designs,Australian Animals,Kookaburra 4,,2. Wall Art Designs/Australian Animals/SVG/Kookaburra 4.svg,2. Wall Art Designs/Australian Animals/PNG/Kookaburra 4.png
00985,Wall Art Designs,Australian Animals,Lorikeet,,2. Wall Art Designs/Australian Animals/SVG/Lorikeet.svg,2. Wall Art Designs/Australian Animals/PNG/Lorikeet.png
00986,Wall Art Designs,Australian Animals,Numbat,,2. Wall Art Designs/Australian Animals/SVG/Numbat.svg,2. Wall Art Designs/Australian Animals/PNG/Numbat.png
00987,Wall Art Designs,Australian Animals,Python,,2. Wall Art Designs/Australian Animals/SVG/Python.svg,2. Wall Art Designs/Australian Animals/PNG/Python.png
00988,Wall Art Designs,Australian Animals,Quokka 1,,2. Wall Art Designs/Australian Animals/SVG/Quokka 1.svg,2. Wall Art Designs/Australian Animals/PNG/Quokka 1.png
00989,Wall Art Designs,Australian Animals,Quokka 2,,2. Wall Art Designs/Australian Animals/SVG/Quokka 2.svg,2. Wall Art Designs/Australian Animals/PNG/Quokka 2.png
00990,Wall Art Designs,Australian Animals,Quokka 3,,2. Wall Art Designs/Australian Animals/SVG/Quokka 3.svg,2. Wall Art Designs/Australian Animals/PNG/Quokka 3.png
00991,Wall Art Designs,Australian Animals,Quokka 4,,2. Wall Art Designs/Australian Animals/SVG/Quokka 4.svg,2. Wall Art Designs/Australian Animals/PNG/Quokka 4.png
00992,Wall Art Designs,Australian Animals,Quoll,,2. Wall Art Designs/Australian Animals/SVG/Quoll.svg,2. Wall Art Designs/Australian Animals/PNG/Quoll.png
00993,Wall Art Designs,Australian Animals,Sugar Glider 1,,2. Wall Art Designs/Australian Animals/SVG/Sugar Glider 1.svg,2. Wall Art Designs/Australian Animals/PNG/Sugar Glider 1.png
00994,Wall Art Designs,Australian Animals,Sugar Glider 2,,2. Wall Art Designs/Australian Animals/SVG/Sugar Glider 2.svg,2. Wall Art Designs/Australian Animals/PNG/Sugar Glider 2.png
00995,Wall Art Designs,Australian Animals,Sugar Glider 4,,2. Wall Art Designs/Australian Animals/SVG/Sugar Glider 4.svg,2. Wall Art Designs/Australian Animals/PNG/Sugar Glider 4.png
00996,Wall Art Designs,Australian Animals,Tasmanian Devil 1,,2. Wall Art Designs/Australian Animals/SVG/Tasmanian Devil 1.svg,2. Wall Art Designs/Australian Animals/PNG/Tasmanian Devil 1.png
00997,Wall Art Designs,Australian Animals,Tasmanian Devil 2,,2. Wall Art Designs/Australian Animals/SVG/Tasmanian Devil 2.svg,2. Wall Art Designs/Australian Animals/PNG/Tasmanian Devil 2.png
00998,Wall Art Designs,Australian Animals,Tasmanian Devil 3,,2. Wall Art Designs/Australian Animals/SVG/Tasmanian Devil 3.svg,2. Wall Art Designs/Australian Animals/PNG/Tasmanian Devil 3.png
00999,Wall Art Designs,Australian Animals,Tasmanian Devil 4,,2. Wall Art Designs/Australian Animals/SVG/Tasmanian Devil 4.svg,2. Wall Art Designs/Australian Animals/PNG/Tasmanian Devil 4.png
01000,Wall Art Designs,Australian Animals,Tawny Frogmouth 1,,2. Wall Art Designs/Australian Animals/SVG/Tawny Frogmouth 1.svg,2. Wall Art Designs/Australian Animals/PNG/Tawny Frogmouth 1.png
01001,Wall Art Designs,Australian Animals,Tawny Frogmouth 2,,2. Wall Art Designs/Australian Animals/SVG/Tawny Frogmouth 2.svg,2. Wall Art Designs/Australian Animals/PNG/Tawny Frogmouth 2.png
01002,Wall Art Designs,Australian Animals,Tawny Frogmouth 3,,2. Wall Art Designs/Australian Animals/SVG/Tawny Frogmouth 3.svg,2. Wall Art Designs/Australian Animals/PNG/Tawny Frogmouth 3.png
01003,Wall Art Designs,Australian Animals,Tawny Frogmouth 4,,2. Wall Art Designs/Australian Animals/SVG/Tawny Frogmouth 4.svg,2. Wall Art Designs/Australian Animals/PNG/Tawny Frogmouth 4.png
01004,Wall Art Designs,Australian Animals,Tree Kangaroo 1,,2. Wall Art Designs/Australian Animals/SVG/Tree Kangaroo 1.svg,2. Wall Art Designs/Australian Animals/PNG/Tree Kangaroo 1.png
01005,Wall Art Designs,Australian Animals,Tree Kangaroo 2,,2. Wall Art Designs/Australian Animals/SVG/Tree Kangaroo 2.svg,2. Wall Art Designs/Australian Animals/PNG/Tree Kangaroo 2.png
01006,Wall Art Designs,Australian Animals,Tree Kangaroo 3,,2. Wall Art Designs/Australian Animals/SVG/Tree Kangaroo 3.svg,2. Wall Art Designs/Australian Animals/PNG/Tree Kangaroo 3.png
01007,Wall Art Designs,Australian Animals,Tree Kangaroo 4,,2. Wall Art Designs/Australian Animals/SVG/Tree Kangaroo 4.svg,2. Wall Art Designs/Australian Animals/PNG/Tree Kangaroo 4.png
01008,Wall Art Designs,Australian Animals,Turtle,,2. Wall Art Designs/Australian Animals/SVG/Turtle.svg,2. Wall Art Designs/Australian Animals/PNG/Turtle.png
01009,Wall Art Designs,Australian Animals,Wallaby 1,,2. Wall Art Designs/Australian Animals/SVG/Wallaby 1.svg,2. Wall Art Designs/Australian Animals/PNG/Wallaby 1.png
01010,Wall Art Designs,Australian Animals,Wallaby 2,,2. Wall Art Designs/Australian Animals/SVG/Wallaby 2.svg,2. Wall Art Designs/Australian Animals/PNG/Wallaby 2.png
01011,Wall Art Designs,Australian Animals,Wallaby 3,,2. Wall Art Designs/Australian Animals/SVG/Wallaby 3.svg,2. Wall Art Designs/Australian Animals/PNG/Wallaby 3.png
01012,Wall Art Designs,Australian Animals,Wallaby 4,,2. Wall Art Designs/Australian Animals/SVG/Wallaby 4.svg,2. Wall Art Designs/Australian Animals/PNG/Wallaby 4.png
01013,Wall Art Designs,Australian Animals,Wallaby 5,,2. Wall Art Designs/Australian Animals/SVG/Wallaby 5.svg,2. Wall Art Designs/Australian Animals/PNG/Wallaby 5.png
01014,Wall Art Designs,Australian Animals,Wallaby 6,,2. Wall Art Designs/Australian Animals/SVG/Wallaby 6.svg,2. Wall Art Designs/Australian Animals/PNG/Wallaby 6.png
01015,Wall Art Designs,Australian Animals,Wombat 1,,2. Wall Art Designs/Australian Animals/SVG/Wombat 1.svg,2. Wall Art Designs/Australian Animals/PNG/Wombat 1.png
01016,Wall Art Designs,Australian Animals,Wombat 2,,2. Wall Art Designs/Australian Animals/SVG/Wombat 2.svg,2. Wall Art Designs/Australian Animals/PNG/Wombat 2.png
01017,Wall Art Designs,Australian Animals,Wombat 3,,2. Wall Art Designs/Australian Animals/SVG/Wombat 3.svg,2. Wall Art Designs/Australian Animals/PNG/Wombat 3.png
01018,Wall Art Designs,Australian Animals,Wombat 4,,2. Wall Art Designs/Australian Animals/SVG/Wombat 4.svg,2. Wall Art Designs/Australian Animals/PNG/Wombat 4.png
01019,Wall Art Designs,Family Tree,Family-tree-01-SVG,,2. Wall Art Designs/Family Tree/SVG/Family-tree-01-SVG.svg,2. Wall Art Designs/Family Tree/PNG/Family-tree-01-SVG.png
01020,Wall Art Designs,Family Tree,Family-tree-02-SVG,,2. Wall Art Designs/Family Tree/SVG/Family-tree-02-SVG.svg,2. Wall Art Designs/Family Tree/PNG/Family-tree-02-SVG.png
01021,Wall Art Designs,Family Tree,Family-tree-03-SVG,,2. Wall Art Designs/Family Tree/SVG/Family-tree-03-SVG.svg,2. Wall Art Designs/Family Tree/PNG/Family-tree-03-SVG.png
01022,Wall Art Designs,Family Tree,Family-tree-04-SVG,,2. Wall Art Designs/Family Tree/SVG/Family-tree-04-SVG.svg,2. Wall Art Designs/Family Tree/PNG/Family-tree-04-SVG.png
01023,Wall Art Designs,Family Tree,Family-tree-05-SVG,,2. Wall Art Designs/Family Tree/SVG/Family-tree-05-SVG.svg,2. Wall Art Designs/Family Tree/PNG/Family-tree-05-SVG.png
01024,Wall Art Designs,Family Tree,Family-tree-06-SVG,,2. Wall Art Designs/Family Tree/SVG/Family-tree-06-SVG.svg,2. Wall Art Designs/Family Tree/PNG/Family-tree-06-SVG.png
01025,Wall Art Designs,Family Tree,Family-tree-07-SVG,,2. Wall Art Designs/Family Tree/SVG/Family-tree-07-SVG.svg,2. Wall Art Designs/Family Tree/PNG/Family-tree-07-SVG.png
01026,Wall Art Designs,Family Tree,Family-tree-08-SVG,,2. Wall Art Designs/Family Tree/SVG/Family-tree-08-SVG.svg,2. Wall Art Designs/Family Tree/PNG/Family-tree-08-SVG.png
01027,Wall Art Designs,Family Tree,Family-tree-09-SVG,,2. Wall Art Designs/Family Tree/SVG/Family-tree-09-SVG.svg,2. Wall Art Designs/Family Tree/PNG/Family-tree-09-SVG.png
01028,Wall Art Designs,Family Tree,Family-tree-10-SVG,,2. Wall Art Designs/Family Tree/SVG/Family-tree-10-SVG.svg,2. Wall Art Designs/Family Tree/PNG/Family-tree-10-SVG.png
01029,Wall Art Designs,Mountain LWH,Mountain LWH,,2. Wall Art Designs/Mountain LWH/SVG/Mountain LWH.svg,2. Wall Art Designs/Mountain LWH/PNG/Mountain LWH.png
01030,Wall Art Designs,Pic-Box,Pic-box-1-SVG,,2. Wall Art Designs/Pic-Box/SVG/Pic-box-1-SVG.svg,2. Wall Art Designs/Pic-Box/PNG/Pic-box-1-SVG.png
01031,Wall Art Designs,Pic-Box,Pic-box-2-SVG,,2. Wall Art Designs/Pic-Box/SVG/Pic-box-2-SVG.svg,2. Wall Art Designs/Pic-Box/PNG/Pic-box-2-SVG.png
01032,Wall Art Designs,Pic-Box,Pic-box-3-SVG,,2. Wall Art Designs/Pic-Box/SVG/Pic-box-3-SVG.svg,2. Wall Art Designs/Pic-Box/PNG/Pic-box-3-SVG.png
01033,Wall Art Designs,Pic-Box,Pic-box-4-SVG,,2. Wall Art Designs/Pic-Box/SVG/Pic-box-4-SVG.svg,2. Wall Art Designs/Pic-Box/PNG/Pic-box-4-SVG.png
01034,Wall Art Designs,Pic-Box,Pic-box-5-SVG,,2. Wall Art Designs/Pic-Box/SVG/Pic-box-5-SVG.svg,2. Wall Art Designs/Pic-Box/PNG/Pic-box-5-SVG.png
01035,Wall Art Designs,Pic-Box,Pic-box-6-SVG,,2. Wall Art Designs/Pic-Box/SVG/Pic-box-6-SVG.svg,2. Wall Art Designs/Pic-Box/PNG/Pic-box-6-SVG.png
01036,Wall Art Designs,Wall Clock,Clock (1),,2. Wall Art Designs/Wall Clock/Wall Clock P1/SVG/Clock (1).svg,2. Wall Art Designs/Wall Clock/Wall Clock P1/PNG/Clock (1).png
01037,Wall Art Designs,Wall Clock,Clock (10),,2. Wall Art Designs/Wall Clock/Wall Clock P1/SVG/Clock (10).svg,2. Wall Art Designs/Wall Clock/Wall Clock P1/PNG/Clock (10).png
01038,Wall Art Designs,Wall Clock,Clock (11),,2. Wall Art Designs/Wall Clock/Wall Clock P1/SVG/Clock (11).svg,2. Wall Art Designs/Wall Clock/Wall Clock P1/PNG/Clock (11).png
01039,Wall Art Designs,Wall Clock,Clock (12),,2. Wall Art Designs/Wall Clock/Wall Clock P1/SVG/Clock (12).svg,2. Wall Art Designs/Wall Clock/Wall Clock P1/PNG/Clock (12).png
01040,Wall Art Designs,Wall Clock,Clock (13),,2. Wall Art Designs/Wall Clock/Wall Clock P1/SVG/Clock (13).svg,2. Wall Art Designs/Wall Clock/Wall Clock P1/PNG/Clock (13).png
01041,Wall Art Designs,Wall Clock,Clock (14),,2. Wall Art Designs/Wall Clock/Wall Clock P1/SVG/Clock (14).svg,2. Wall Art Designs/Wall Clock/Wall Clock P1/PNG/Clock (14).png
01042,Wall Art Designs,Wall Clock,Clock (15),,2. Wall Art Designs/Wall Clock/Wall Clock P1/SVG/Clock (15).svg,2. Wall Art Designs/Wall Clock/Wall Clock P1/PNG/Clock (15).png
01043,Wall Art Designs,Wall Clock,Clock (16),,2. Wall Art Designs/Wall Clock/Wall Clock P1/SVG/Clock (16).svg,2. Wall Art Designs/Wall Clock/Wall Clock P1/PNG/Clock (16).png
01044,Wall Art Designs,Wall Clock,Clock (17),,2. Wall Art Designs/Wall Clock/Wall Clock P1/SVG/Clock (17).svg,2. Wall Art Designs/Wall Clock/Wall Clock P1/PNG/Clock (17).png
01045,Wall Art Designs,Wall Clock,Clock (18),,2. Wall Art Designs/Wall Clock/Wall Clock P1/SVG/Clock (18).svg,2. Wall Art Designs/Wall Clock/Wall Clock P1/PNG/Clock (18).png
01046,Wall Art Designs,Wall Clock,Clock (19),,2. Wall Art Designs/Wall Clock/Wall Clock P1/SVG/Clock (19).svg,2. Wall Art Designs/Wall Clock/Wall Clock P1/PNG/Clock (19).png
01047,Wall Art Designs,Wall Clock,Clock (2),,2. Wall Art Designs/Wall Clock/Wall Clock P1/SVG/Clock (2).svg,2. Wall Art Designs/Wall Clock/Wall Clock P1/PNG/Clock (2).png
01048,Wall Art Designs,Wall Clock,Clock (20),,2. Wall Art Designs/Wall Clock/Wall Clock P1/SVG/Clock (20).svg,2. Wall Art Designs/Wall Clock/Wall Clock P1/PNG/Clock (20).png
01049,Wall Art Designs,Wall Clock,Clock (21),,2. Wall Art Designs/Wall Clock/Wall Clock P1/SVG/Clock (21).svg,2. Wall Art Designs/Wall Clock/Wall Clock P1/PNG/Clock (21).png
01050,Wall Art Designs,Wall Clock,Clock (22),,2. Wall Art Designs/Wall Clock/Wall Clock P1/SVG/Clock (22).svg,2. Wall Art Designs/Wall Clock/Wall Clock P1/PNG/Clock (22).png
01051,Wall Art Designs,Wall Clock,Clock (23),,2. Wall Art Designs/Wall Clock/Wall Clock P1/SVG/Clock (23).svg,2. Wall Art Designs/Wall Clock/Wall Clock P1/PNG/Clock (23).png
01052,Wall Art Designs,Wall Clock,Clock (24),,2. Wall Art Designs/Wall Clock/Wall Clock P1/SVG/Clock (24).svg,2. Wall Art Designs/Wall Clock/Wall Clock P1/PNG/Clock (24).png
01053,Wall Art Designs,Wall Clock,Clock (25),,2. Wall Art Designs/Wall Clock/Wall Clock P1/SVG/Clock (25).svg,2. Wall Art Designs/Wall Clock/Wall Clock P1/PNG/Clock (25).png
01054,Wall Art Designs,Wall Clock,Clock (26),,2. Wall Art Designs/Wall Clock/Wall Clock P1/SVG/Clock (26).svg,2. Wall Art Designs/Wall Clock/Wall Clock P1/PNG/Clock (26).png
01055,Wall Art Designs,Wall Clock,Clock (3),,2. Wall Art Designs/Wall Clock/Wall Clock P1/SVG/Clock (3).svg,2. Wall Art Designs/Wall Clock/Wall Clock P1/PNG/Clock (3).png
01056,Wall Art Designs,Wall Clock,Clock (4),,2. Wall Art Designs/Wall Clock/Wall Clock P1/SVG/Clock (4).svg,2. Wall Art Designs/Wall Clock/Wall Clock P1/PNG/Clock (4).png
01057,Wall Art Designs,Wall Clock,Clock (5),,2. Wall Art Designs/Wall Clock/Wall Clock P1/SVG/Clock (5).svg,2. Wall Art Designs/Wall Clock/Wall Clock P1/PNG/Clock (5).png
01058,Wall Art Designs,Wall Clock,Clock (6),,2. Wall Art Designs/Wall Clock/Wall Clock P1/SVG/Clock (6).svg,2. Wall Art Designs/Wall Clock/Wall Clock P1/PNG/Clock (6).png
01059,Wall Art Designs,Wall Clock,Clock (7),,2. Wall Art Designs/Wall Clock/Wall Clock P1/SVG/Clock (7).svg,2. Wall Art Designs/Wall Clock/Wall Clock P1/PNG/Clock (7).png
01060,Wall Art Designs,Wall Clock,Clock (8),,2. Wall Art Designs/Wall Clock/Wall Clock P1/SVG/Clock (8).svg,2. Wall Art Designs/Wall Clock/Wall Clock P1/PNG/Clock (8).png
01061,Wall Art Designs,Wall Clock,Clock (9),,2. Wall Art Designs/Wall Clock/Wall Clock P1/SVG/Clock (9).svg,2. Wall Art Designs/Wall Clock/Wall Clock P1/PNG/Clock (9).png
01062,Wall Art Designs,Wall Clock,clock1,,2. Wall Art Designs/Wall Clock/Wall Clock P2/SVG/clock1.svg,2. Wall Art Designs/Wall Clock/Wall Clock P2/PNG/clock1.png
01063,Wall Art Designs,Wall Clock,clock10,,2. Wall Art Designs/Wall Clock/Wall Clock P2/SVG/clock10.svg,2. Wall Art Designs/Wall Clock/Wall Clock P2/PNG/clock10.png
01064,Wall Art Designs,Wall Clock,clock11,,2. Wall Art Designs/Wall Clock/Wall Clock P2/SVG/clock11.svg,2. Wall Art Designs/Wall Clock/Wall Clock P2/PNG/clock11.png
01065,Wall Art Designs,Wall Clock,clock12,,2. Wall Art Designs/Wall Clock/Wall Clock P2/SVG/clock12.svg,2. Wall Art Designs/Wall Clock/Wall Clock P2/PNG/clock12.png
01066,Wall Art Designs,Wall Clock,clock13,,2. Wall Art Designs/Wall Clock/Wall Clock P2/SVG/clock13.svg,2. Wall Art Designs/Wall Clock/Wall Clock P2/PNG/clock13.png
01067,Wall Art Designs,Wall Clock,clock14,,2. Wall Art Designs/Wall Clock/Wall Clock P2/SVG/clock14.svg,2. Wall Art Designs/Wall Clock/Wall Clock P2/PNG/clock14.png
01068,Wall Art Designs,Wall Clock,clock15,,2. Wall Art Designs/Wall Clock/Wall Clock P2/SVG/clock15.svg,2. Wall Art Designs/Wall Clock/Wall Clock P2/PNG/clock15.png
01069,Wall Art Designs,Wall Clock,clock16,,2. Wall Art Designs/Wall Clock/Wall Clock P2/SVG/clock16.svg,2. Wall Art Designs/Wall Clock/Wall Clock P2/PNG/clock16.png
01070,Wall Art Designs,Wall Clock,clock17,,2. Wall Art Designs/Wall Clock/Wall Clock P2/SVG/clock17.svg,2. Wall Art Designs/Wall Clock/Wall Clock P2/PNG/clock17.png
01071,Wall Art Designs,Wall Clock,clock18,,2. Wall Art Designs/Wall Clock/Wall Clock P2/SVG/clock18.svg,2. Wall Art Designs/Wall Clock/Wall Clock P2/PNG/clock18.png
01072,Wall Art Designs,Wall Clock,clock19,,2. Wall Art Designs/Wall Clock/Wall Clock P2/SVG/clock19.svg,2. Wall Art Designs/Wall Clock/Wall Clock P2/PNG/clock19.png
01073,Wall Art Designs,Wall Clock,clock2,,2. Wall Art Designs/Wall Clock/Wall Clock P2/SVG/clock2.svg,2. Wall Art Designs/Wall Clock/Wall Clock P2/PNG/clock2.png
01074,Wall Art Designs,Wall Clock,clock20,,2. Wall Art Designs/Wall Clock/Wall Clock P2/SVG/clock20.svg,2. Wall Art Designs/Wall Clock/Wall Clock P2/PNG/clock20.png
01075,Wall Art Designs,Wall Clock,clock21,,2. Wall Art Designs/Wall Clock/Wall Clock P2/SVG/clock21.svg,2. Wall Art Designs/Wall Clock/Wall Clock P2/PNG/clock21.png
01076,Wall Art Designs,Wall Clock,clock22,,2. Wall Art Designs/Wall Clock/Wall Clock P2/SVG/clock22.svg,2. Wall Art Designs/Wall Clock/Wall Clock P2/PNG/clock22.png
01077,Wall Art Designs,Wall Clock,clock23,,2. Wall Art Designs/Wall Clock/Wall Clock P2/SVG/clock23.svg,2. Wall Art Designs/Wall Clock/Wall Clock P2/PNG/clock23.png
01078,Wall Art Designs,Wall Clock,clock24,,2. Wall Art Designs/Wall Clock/Wall Clock P2/SVG/clock24.svg,2. Wall Art Designs/Wall Clock/Wall Clock P2/PNG/clock24.png
01079,Wall Art Designs,Wall Clock,clock3,,2. Wall Art Designs/Wall Clock/Wall Clock P2/SVG/clock3.svg,2. Wall Art Designs/Wall Clock/Wall Clock P2/PNG/clock3.png
01080,Wall Art Designs,Wall Clock,clock4,,2. Wall Art Designs/Wall Clock/Wall Clock P2/SVG/clock4.svg,2. Wall Art Designs/Wall Clock/Wall Clock P2/PNG/clock4.png
01081,Wall Art Designs,Wall Clock,clock5,,2. Wall Art Designs/Wall Clock/Wall Clock P2/SVG/clock5.svg,2. Wall Art Designs/Wall Clock/Wall Clock P2/PNG/clock5.png
01082,Wall Art Designs,Wall Clock,clock6,,2. Wall Art Designs/Wall Clock/Wall Clock P2/SVG/clock6.svg,2. Wall Art Designs/Wall Clock/Wall Clock P2/PNG/clock6.png
01083,Wall Art Designs,Wall Clock,clock7,,2. Wall Art Designs/Wall Clock/Wall Clock P2/SVG/clock7.svg,2. Wall Art Designs/Wall Clock/Wall Clock P2/PNG/clock7.png
01084,Wall Art Designs,Wall Clock,clock8,,2. Wall Art Designs/Wall Clock/Wall Clock P2/SVG/clock8.svg,2. Wall Art Designs/Wall Clock/Wall Clock P2/PNG/clock8.png
01085,Wall Art Designs,Wall Clock,clock9,,2. Wall Art Designs/Wall Clock/Wall Clock P2/SVG/clock9.svg,2. Wall Art Designs/Wall Clock/Wall Clock P2/PNG/clock9.png
01086,Wall Art Designs,Wall Decor,1PanelTree,,2. Wall Art Designs/Wall Decor/1/1PanelTree/SVG/1PanelTree.svg,2. Wall Art Designs/Wall Decor/1/1PanelTree/PNG/1PanelTree.png
01087,Wall Art Designs,Wall Decor,3PanBirdBranch,,2. Wall Art Designs/Wall Decor/1/3PanelBranches5/SVG/3PanBirdBranch.svg,2. Wall Art Designs/Wall Decor/1/3PanelBranches5/PNG/3PanBirdBranch.png
01088,Wall Art Designs,Wall Decor,4PanelBranchBird,,2. Wall Art Designs/Wall Decor/1/4PanelBranchBird/SVG/4PanelBranchBird.svg,2. Wall Art Designs/Wall Decor/1/4PanelBranchBird/PNG/4PanelBranchBird.png
01089,Wall Art Designs,Wall Decor,4PicTree,,2. Wall Art Designs/Wall Decor/1/4PicTree/SVG/4PicTree.svg,2. Wall Art Designs/Wall Decor/1/4PicTree/PNG/4PicTree.png
01090,Wall Art Designs,Wall Decor,8Leaves,,2. Wall Art Designs/Wall Decor/1/8Leaves/SVG/8Leaves.svg,2. Wall Art Designs/Wall Decor/1/8Leaves/PNG/8Leaves.png
01091,Wall Art Designs,Wall Decor,ArmTree,,2. Wall Art Designs/Wall Decor/1/ArmTree/SVG/ArmTree.svg,2. Wall Art Designs/Wall Decor/1/ArmTree/PNG/ArmTree.png
01092,Wall Art Designs,Wall Decor,AutumnLeaves,,2. Wall Art Designs/Wall Decor/1/AutumnLeaves/SVG/AutumnLeaves.svg,2. Wall Art Designs/Wall Decor/1/AutumnLeaves/PNG/AutumnLeaves.png
01093,Wall Art Designs,Wall Decor,BigTree3Pan,,2. Wall Art Designs/Wall Decor/1/BigTree3Pan/SVG/BigTree3Pan.svg,2. Wall Art Designs/Wall Decor/1/BigTree3Pan/PNG/BigTree3Pan.png
01094,Wall Art Designs,Wall Decor,Birch,,2. Wall Art Designs/Wall Decor/1/Birch/SVG/Birch.svg,2. Wall Art Designs/Wall Decor/1/Birch/PNG/Birch.png
01095,Wall Art Designs,Wall Decor,BirdBranch3,,2. Wall Art Designs/Wall Decor/1/BirdBranch3/SVG/BirdBranch3.svg,2. Wall Art Designs/Wall Decor/1/BirdBranch3/PNG/BirdBranch3.png
01096,Wall Art Designs,Wall Decor,birds on a branch,,2. Wall Art Designs/Wall Decor/1/birdsonabranch/SVG/birds on a branch.svg,2. Wall Art Designs/Wall Decor/1/birdsonabranch/PNG/birds on a branch.png
01097,Wall Art Designs,Wall Decor,Birds on Branches5,,2. Wall Art Designs/Wall Decor/1/BirdsOnBranches5/SVG/Birds on Branches5.svg,2. Wall Art Designs/Wall Decor/1/BirdsOnBranches5/PNG/Birds on Branches5.png
01098,Wall Art Designs,Wall Decor,BirdsUmbrella,,2. Wall Art Designs/Wall Decor/1/BirdsUmbrella/SVG/BirdsUmbrella.svg,2. Wall Art Designs/Wall Decor/1/BirdsUmbrella/PNG/BirdsUmbrella.png
01099,Wall Art Designs,Wall Decor,BranchBirdCage,,2. Wall Art Designs/Wall Decor/2/BranchBirdCage/SVG/BranchBirdCage.svg,2. Wall Art Designs/Wall Decor/2/BranchBirdCage/PNG/BranchBirdCage.png
01100,Wall Art Designs,Wall Decor,Deer,,2. Wall Art Designs/Wall Decor/2/Branchdeer/SVG/Deer.svg,2. Wall Art Designs/Wall Decor/2/Branchdeer/PNG/Deer.png
01101,Wall Art Designs,Wall Decor,Elf-Girl,,2. Wall Art Designs/Wall Decor/2/Elf-Girl/SVG/Elf-Girl.svg,2. Wall Art Designs/Wall Decor/2/Elf-Girl/PNG/Elf-Girl.png
01102,Wall Art Designs,Wall Decor,Facetree,,2. Wall Art Designs/Wall Decor/2/Facetree/SVG/Facetree.svg,2. Wall Art Designs/Wall Decor/2/Facetree/PNG/Facetree.png
01103,Wall Art Designs,Wall Decor,Fairy,,2. Wall Art Designs/Wall Decor/2/Fairy/SVG/Fairy.svg,2. Wall Art Designs/Wall Decor/2/Fairy/PNG/Fairy.png
01104,Wall Art Designs,Wall Decor,HeadTree,,2. Wall Art Designs/Wall Decor/2/HeadTree/SVG/HeadTree.svg,2. Wall Art Designs/Wall Decor/2/HeadTree/PNG/HeadTree.png
01105,Wall Art Designs,Wall Decor,Kiss,,2. Wall Art Designs/Wall Decor/2/Kiss/SVG/Kiss.svg,2. Wall Art Designs/Wall Decor/2/Kiss/PNG/Kiss.png
01106,Wall Art Designs,Wall Decor,lion,,2. Wall Art Designs/Wall Decor/2/Lion/SVG/lion.svg,2. Wall Art Designs/Wall Decor/2/Lion/PNG/lion.png
01107,Wall Art Designs,Wall Decor,raven,,2. Wall Art Designs/Wall Decor/3/Raven/SVG/raven.svg,2. Wall Art Designs/Wall Decor/3/Raven/PNG/raven.png
01108,Wall Art Designs,Wall Decor,Skeleton,,2. Wall Art Designs/Wall Decor/4/Skelet/SVG/Skeleton.svg,2. Wall Art Designs/Wall Decor/4/Skelet/PNG/Skeleton.png
01109,Wall Art Designs,Wall Decor,Stump,,2. Wall Art Designs/Wall Decor/4/Stump/SVG/Stump.svg,2. Wall Art Designs/Wall Decor/4/Stump/PNG/Stump.png
01110,Wall Art Designs,Wall Decor,SweetHome,,2. Wall Art Designs/Wall Decor/4/SweetHome/SVG/SweetHome.svg,2. Wall Art Designs/Wall Decor/4/SweetHome/PNG/SweetHome.png
01111,Wall Art Designs,Wall Decor,Tree3Pan,,2. Wall Art Designs/Wall Decor/4/Tree3Pan/SVG/Tree3Pan.svg,2. Wall Art Designs/Wall Decor/4/Tree3Pan/PNG/Tree3Pan.png
01112,Wall Art Designs,Wall Decor,TreeGirl,,2. Wall Art Designs/Wall Decor/5/TreeGirl/SVG/TreeGirl.svg,2. Wall Art Designs/Wall Decor/5/TreeGirl/PNG/TreeGirl.png
01113,Wall Art Designs,Wall Decor,TreeLis2Pan,,2. Wall Art Designs/Wall Decor/5/TreeLis2Pan/SVG/TreeLis2Pan.svg,2. Wall Art Designs/Wall Decor/5/TreeLis2Pan/PNG/TreeLis2Pan.png
01114,Wall Art Designs,Wall Decor,TrianglePan,,2. Wall Art Designs/Wall Decor/5/TrianglePan/SVG/TrianglePan.svg,2. Wall Art Designs/Wall Decor/5/TrianglePan/PNG/TrianglePan.png
01115,Wall Art Designs,Wall Decor,WomInFlower,,2. Wall Art Designs/Wall Decor/5/WomInFlower/SVG/WomInFlower.svg,2. Wall Art Designs/Wall Decor/5/WomInFlower/PNG/WomInFlower.png
01116,Wall Art Designs,Wall Decor,WomTail,,2. Wall Art Designs/Wall Decor/5/WomTail/SVG/WomTail.svg,2. Wall Art Designs/Wall Decor/5/WomTail/PNG/WomTail.png
01117,Wall Art Designs,Wall Decor,Wood,,2. Wall Art Designs/Wall Decor/5/Wood/SVG/Wood.svg,2. Wall Art Designs/Wall Decor/5/Wood/PNG/Wood.png
01118,Wall Art Designs,Wall Decor,ManWomanTat,,2. Wall Art Designs/Wall Decor/ManWomanTat/SVG/ManWomanTat.svg,2. Wall Art Designs/Wall Decor/ManWomanTat/PNG/ManWomanTat.png
01119,Office Designs,Bookmark,Bookmark-laser-Cut-01-SVG,,3. Office Designs/Bookmark/SVG/Bookmark-laser-Cut-01-SVG.svg,3. Office Designs/Bookmark/PNG/Bookmark-laser-Cut-01-SVG.png
01120,Office Designs,Bookmark,Bookmark-laser-Cut-02-SVG,,3. Office Designs/Bookmark/SVG/Bookmark-laser-Cut-02-SVG.svg,3. Office Designs/Bookmark/PNG/Bookmark-laser-Cut-02-SVG.png
01121,Office Designs,Bookmark,Bookmark-laser-Cut-03-SVG,,3. Office Designs/Bookmark/SVG/Bookmark-laser-Cut-03-SVG.svg,3. Office Designs/Bookmark/PNG/Bookmark-laser-Cut-03-SVG.png
01122,Office Designs,Bookmark,Bookmark-laser-Cut-04-SVG,,3. Office Designs/Bookmark/SVG/Bookmark-laser-Cut-04-SVG.svg,3. Office Designs/Bookmark/PNG/Bookmark-laser-Cut-04-SVG.png
01123,Office Designs,Bookmark,Bookmark-laser-Cut-05-SVG,,3. Office Designs/Bookmark/SVG/Bookmark-laser-Cut-05-SVG.svg,3. Office Designs/Bookmark/PNG/Bookmark-laser-Cut-05-SVG.png
01124,Office Designs,Bookmark,Bookmark-laser-Cut-06-SVG,,3. Office Designs/Bookmark/SVG/Bookmark-laser-Cut-06-SVG.svg,3. Office Designs/Bookmark/PNG/Bookmark-laser-Cut-06-SVG.png
01125,Office Designs,Bookmark,Bookmark-laser-Cut-07-SVG,,3. Office Designs/Bookmark/SVG/Bookmark-laser-Cut-07-SVG.svg,3. Office Designs/Bookmark/PNG/Bookmark-laser-Cut-07-SVG.png
01126,Office Designs,Bookmark,Bookmark-laser-Cut-08-SVG,,3. Office Designs/Bookmark/SVG/Bookmark-laser-Cut-08-SVG.svg,3. Office Designs/Bookmark/PNG/Bookmark-laser-Cut-08-SVG.png
01127,Office Designs,Bookmark,Bookmark-laser-Cut-09-SVG,,3. Office Designs/Bookmark/SVG/Bookmark-laser-Cut-09-SVG.svg,3. Office Designs/Bookmark/PNG/Bookmark-laser-Cut-09-SVG.png
01128,Office Designs,Bookmark,Bookmark-laser-Cut-10-SVG,,3. Office Designs/Bookmark/SVG/Bookmark-laser-Cut-10-SVG.svg,3. Office Designs/Bookmark/PNG/Bookmark-laser-Cut-10-SVG.png
01129,Office Designs,Bookmark,Bookmark-laser-Cut-11-SVG,,3. Office Designs/Bookmark/SVG/Bookmark-laser-Cut-11-SVG.svg,3. Office Designs/Bookmark/PNG/Bookmark-laser-Cut-11-SVG.png
01130,Office Designs,Bookmark,Bookmark-laser-Cut-12-SVG,,3. Office Designs/Bookmark/SVG/Bookmark-laser-Cut-12-SVG.svg,3. Office Designs/Bookmark/PNG/Bookmark-laser-Cut-12-SVG.png
01131,Office Designs,Bookmark,Bookmark-laser-Cut-13-SVG,,3. Office Designs/Bookmark/SVG/Bookmark-laser-Cut-13-SVG.svg,3. Office Designs/Bookmark/PNG/Bookmark-laser-Cut-13-SVG.png
01132,Office Designs,Bookmark,Bookmark-laser-Cut-14-SVG,,3. Office Designs/Bookmark/SVG/Bookmark-laser-Cut-14-SVG.svg,3. Office Designs/Bookmark/PNG/Bookmark-laser-Cut-14-SVG.png
01133,Office Designs,Bookmark,Bookmark-laser-Cut-15-SVG,,3. Office Designs/Bookmark/SVG/Bookmark-laser-Cut-15-SVG.svg,3. Office Designs/Bookmark/PNG/Bookmark-laser-Cut-15-SVG.png
01134,Office Designs,Bookmark,Bookmark-laser-Cut-16-SVG,,3. Office Designs/Bookmark/SVG/Bookmark-laser-Cut-16-SVG.svg,3. Office Designs/Bookmark/PNG/Bookmark-laser-Cut-16-SVG.png
01135,Office Designs,Bookmark,Bookmark-laser-Cut-17-SVG,,3. Office Designs/Bookmark/SVG/Bookmark-laser-Cut-17-SVG.svg,3. Office Designs/Bookmark/PNG/Bookmark-laser-Cut-17-SVG.png
01136,Office Designs,Bookmark,Bookmark-laser-Cut-18-SVG,,3. Office Designs/Bookmark/SVG/Bookmark-laser-Cut-18-SVG.svg,3. Office Designs/Bookmark/PNG/Bookmark-laser-Cut-18-SVG.png
01137,Office Designs,Bookmark,Bookmark-laser-Cut-19-SVG,,3. Office Designs/Bookmark/SVG/Bookmark-laser-Cut-19-SVG.svg,3. Office Designs/Bookmark/PNG/Bookmark-laser-Cut-19-SVG.png
01138,Office Designs,Bookmark,Bookmark-laser-Cut-20-SVG,,3. Office Designs/Bookmark/SVG/Bookmark-laser-Cut-20-SVG.svg,3. Office Designs/Bookmark/PNG/Bookmark-laser-Cut-20-SVG.png
01139,Office Designs,Business Card Stand,Business-card-stand-3-mm-Bee-2-EPS,,3. Office Designs/Business Card Stand/SVG/Business-card-stand-3-mm-Bee-2-EPS.svg,3. Office Designs/Business Card Stand/PNG/Business-card-stand-3-mm-Bee-2-EPS.png
01140,Office Designs,Business Card Stand,Business-card-stand-3-mm-Bee-EPS,,3. Office Designs/Business Card Stand/SVG/Business-card-stand-3-mm-Bee-EPS.svg,3. Office Designs/Business Card Stand/PNG/Business-card-stand-3-mm-Bee-EPS.png
01141,Office Designs,Business Card Stand,Business-card-stand-3-mm-Butterfly-2-EPS,,3. Office Designs/Business Card Stand/SVG/Business-card-stand-3-mm-Butterfly-2-EPS.svg,3. Office Designs/Business Card Stand/PNG/Business-card-stand-3-mm-Butterfly-2-EPS.png
01142,Office Designs,Business Card Stand,Business-card-stand-3-mm-Butterfly-EPS,,3. Office Designs/Business Card Stand/SVG/Business-card-stand-3-mm-Butterfly-EPS.svg,3. Office Designs/Business Card Stand/PNG/Business-card-stand-3-mm-Butterfly-EPS.png
01143,Office Designs,Business Card Stand,Business-card-stand-3-mm-Cat-2-EPS,,3. Office Designs/Business Card Stand/SVG/Business-card-stand-3-mm-Cat-2-EPS.svg,3. Office Designs/Business Card Stand/PNG/Business-card-stand-3-mm-Cat-2-EPS.png
01144,Office Designs,Business Card Stand,Business-card-stand-3-mm-Cat-EPS,,3. Office Designs/Business Card Stand/SVG/Business-card-stand-3-mm-Cat-EPS.svg,3. Office Designs/Business Card Stand/PNG/Business-card-stand-3-mm-Cat-EPS.png
01145,Office Designs,Business Card Stand,Business-card-stand-3-mm-Cristmass-2-EPS,,3. Office Designs/Business Card Stand/SVG/Business-card-stand-3-mm-Cristmass-2-EPS.svg,3. Office Designs/Business Card Stand/PNG/Business-card-stand-3-mm-Cristmass-2-EPS.png
01146,Office Designs,Business Card Stand,Business-card-stand-3-mm-Cristmass-EPS,,3. Office Designs/Business Card Stand/SVG/Business-card-stand-3-mm-Cristmass-EPS.svg,3. Office Designs/Business Card Stand/PNG/Business-card-stand-3-mm-Cristmass-EPS.png
01147,Office Designs,Business Card Stand,Business-card-stand-3-mm-Dog-2-EPS,,3. Office Designs/Business Card Stand/SVG/Business-card-stand-3-mm-Dog-2-EPS.svg,3. Office Designs/Business Card Stand/PNG/Business-card-stand-3-mm-Dog-2-EPS.png
01148,Office Designs,Business Card Stand,Business-card-stand-3-mm-Dog-EPS,,3. Office Designs/Business Card Stand/SVG/Business-card-stand-3-mm-Dog-EPS.svg,3. Office Designs/Business Card Stand/PNG/Business-card-stand-3-mm-Dog-EPS.png
01149,Office Designs,Business Card Stand,Business-card-stand-3-mm-Geometry-2-EPS,,3. Office Designs/Business Card Stand/SVG/Business-card-stand-3-mm-Geometry-2-EPS.svg,3. Office Designs/Business Card Stand/PNG/Business-card-stand-3-mm-Geometry-2-EPS.png
01150,Office Designs,Business Card Stand,Business-card-stand-3-mm-Geometry-EPS,,3. Office Designs/Business Card Stand/SVG/Business-card-stand-3-mm-Geometry-EPS.svg,3. Office Designs/Business Card Stand/PNG/Business-card-stand-3-mm-Geometry-EPS.png
01151,Office Designs,Business Card Stand,Business-card-stand-3-mm-Halloween-2-EPS,,3. Office Designs/Business Card Stand/SVG/Business-card-stand-3-mm-Halloween-2-EPS.svg,3. Office Designs/Business Card Stand/PNG/Business-card-stand-3-mm-Halloween-2-EPS.png
01152,Office Designs,Business Card Stand,Business-card-stand-3-mm-Halloween-EPS,,3. Office Designs/Business Card Stand/SVG/Business-card-stand-3-mm-Halloween-EPS.svg,3. Office Designs/Business Card Stand/PNG/Business-card-stand-3-mm-Halloween-EPS.png
01153,Office Designs,Business Card Stand,Business-card-stand-3-mm-Male-2-EPS,,3. Office Designs/Business Card Stand/SVG/Business-card-stand-3-mm-Male-2-EPS.svg,3. Office Designs/Business Card Stand/PNG/Business-card-stand-3-mm-Male-2-EPS.png
01154,Office Designs,Business Card Stand,Business-card-stand-3-mm-Male-EPS,,3. Office Designs/Business Card Stand/SVG/Business-card-stand-3-mm-Male-EPS.svg,3. Office Designs/Business Card Stand/PNG/Business-card-stand-3-mm-Male-EPS.png
01155,Office Designs,Business Card Stand,Business-card-stand-3-mm-Mandala-2-EPS,,3. Office Designs/Business Card Stand/SVG/Business-card-stand-3-mm-Mandala-2-EPS.svg,3. Office Designs/Business Card Stand/PNG/Business-card-stand-3-mm-Mandala-2-EPS.png
01156,Office Designs,Business Card Stand,Business-card-stand-3-mm-Mandala-EPS,,3. Office Designs/Business Card Stand/SVG/Business-card-stand-3-mm-Mandala-EPS.svg,3. Office Designs/Business Card Stand/PNG/Business-card-stand-3-mm-Mandala-EPS.png
01157,Office Designs,Business Card Stand,Business-card-stand-3-mm-Sunflower-2-EPS,,3. Office Designs/Business Card Stand/SVG/Business-card-stand-3-mm-Sunflower-2-EPS.svg,3. Office Designs/Business Card Stand/PNG/Business-card-stand-3-mm-Sunflower-2-EPS.png
01158,Office Designs,Business Card Stand,Business-card-stand-3-mm-Sunflower-EPS,,3. Office Designs/Business Card Stand/SVG/Business-card-stand-3-mm-Sunflower-EPS.svg,3. Office Designs/Business Card Stand/PNG/Business-card-stand-3-mm-Sunflower-EPS.png
01159,Office Designs,Calendar,Calendar-Laser-Cut-1-SVG,,3. Office Designs/Calendar/SVG/Calendar-Laser-Cut-1-SVG.svg,3. Office Designs/Calendar/PNG/Calendar-Laser-Cut-1-SVG.png
01160,Office Designs,Calendar,Calendar-Laser-Cut-10-SVG,,3. Office Designs/Calendar/SVG/Calendar-Laser-Cut-10-SVG.svg,3. Office Designs/Calendar/PNG/Calendar-Laser-Cut-10-SVG.png
01161,Office Designs,Calendar,Calendar-Laser-Cut-2-SVG,,3. Office Designs/Calendar/SVG/Calendar-Laser-Cut-2-SVG.svg,3. Office Designs/Calendar/PNG/Calendar-Laser-Cut-2-SVG.png
01162,Office Designs,Calendar,Calendar-Laser-Cut-3-SVG,,3. Office Designs/Calendar/SVG/Calendar-Laser-Cut-3-SVG.svg,3. Office Designs/Calendar/PNG/Calendar-Laser-Cut-3-SVG.png
01163,Office Designs,Calendar,Calendar-Laser-Cut-4-SVG,,3. Office Designs/Calendar/SVG/Calendar-Laser-Cut-4-SVG.svg,3. Office Designs/Calendar/PNG/Calendar-Laser-Cut-4-SVG.png
01164,Office Designs,Calendar,Calendar-Laser-Cut-5-SVG,,3. Office Designs/Calendar/SVG/Calendar-Laser-Cut-5-SVG.svg,3. Office Designs/Calendar/PNG/Calendar-Laser-Cut-5-SVG.png
01165,Office Designs,Calendar,Calendar-Laser-Cut-6-SVG,,3. Office Designs/Calendar/SVG/Calendar-Laser-Cut-6-SVG.svg,3. Office Designs/Calendar/PNG/Calendar-Laser-Cut-6-SVG.png
01166,Office Designs,Calendar,Calendar-Laser-Cut-7-SVG,,3. Office Designs/Calendar/SVG/Calendar-Laser-Cut-7-SVG.svg,3. Office Designs/Calendar/PNG/Calendar-Laser-Cut-7-SVG.png
01167,Office Designs,Calendar,Calendar-Laser-Cut-8-SVG,,3. Office Designs/Calendar/SVG/Calendar-Laser-Cut-8-SVG.svg,3. Office Designs/Calendar/PNG/Calendar-Laser-Cut-8-SVG.png
01168,Office Designs,Calendar,Calendar-Laser-Cut-9-SVG,,3. Office Designs/Calendar/SVG/Calendar-Laser-Cut-9-SVG.svg,3. Office Designs/Calendar/PNG/Calendar-Laser-Cut-9-SVG.png
01169,Office Designs,Notebook,Notebook-laser-01-SVG,,3. Office Designs/Notebook/SVG/Notebook-laser-01-SVG.svg,3. Office Designs/Notebook/PNG/Notebook-laser-01-SVG.png
01170,Office Designs,Notebook,Notebook-laser-02-SVG,,3. Office Designs/Notebook/SVG/Notebook-laser-02-SVG.svg,3. Office Designs/Notebook/PNG/Notebook-laser-02-SVG.png
01171,Office Designs,Notebook,Notebook-laser-03-SVG,,3. Office Designs/Notebook/SVG/Notebook-laser-03-SVG.svg,3. Office Designs/Notebook/PNG/Notebook-laser-03-SVG.png
01172,Office Designs,Notebook,Notebook-laser-04-SVG,,3. Office Designs/Notebook/SVG/Notebook-laser-04-SVG.svg,3. Office Designs/Notebook/PNG/Notebook-laser-04-SVG.png
01173,Office Designs,Notebook,Notebook-laser-05-SVG,,3. Office Designs/Notebook/SVG/Notebook-laser-05-SVG.svg,3. Office Designs/Notebook/PNG/Notebook-laser-05-SVG.png
01174,Office Designs,Notebook,Notebook-laser-06-SVG,,3. Office Designs/Notebook/SVG/Notebook-laser-06-SVG.svg,3. Office Designs/Notebook/PNG/Notebook-laser-06-SVG.png
01175,Office Designs,Notebook,Notebook-laser-07-SVG,,3. Office Designs/Notebook/SVG/Notebook-laser-07-SVG.svg,3. Office Designs/Notebook/PNG/Notebook-laser-07-SVG.png
01176,Office Designs,Notebook,Notebook-laser-08-SVG,,3. Office Designs/Notebook/SVG/Notebook-laser-08-SVG.svg,3. Office Designs/Notebook/PNG/Notebook-laser-08-SVG.png
01177,Office Designs,Notebook,Notebook-laser-09-SVG,,3. Office Designs/Notebook/SVG/Notebook-laser-09-SVG.svg,3. Office Designs/Notebook/PNG/Notebook-laser-09-SVG.png
01178,Office Designs,Notebook,Notebook-laser-10-SVG,,3. Office Designs/Notebook/SVG/Notebook-laser-10-SVG.svg,3. Office Designs/Notebook/PNG/Notebook-laser-10-SVG.png
01179,Office Designs,Pencil Holder,Pencil-holder-01,,3. Office Designs/Pencil Holder/SVG/Pencil-holder-01.svg,3. Office Designs/Pencil Holder/PNG/Pencil-holder-01.png
01180,Office Designs,Pencil Holder,Pencil-holder-02,,3. Office Designs/Pencil Holder/SVG/Pencil-holder-02.svg,3. Office Designs/Pencil Holder/PNG/Pencil-holder-02.png
01181,Office Designs,Pencil Holder,Pencil-holder-03,,3. Office Designs/Pencil Holder/SVG/Pencil-holder-03.svg,3. Office Designs/Pencil Holder/PNG/Pencil-holder-03.png
01182,Office Designs,Pencil Holder,Pencil-holder-04,,3. Office Designs/Pencil Holder/SVG/Pencil-holder-04.svg,3. Office Designs/Pencil Holder/PNG/Pencil-holder-04.png
01183,Office Designs,Pencil Holder,Pencil-holder-05,,3. Office Designs/Pencil Holder/SVG/Pencil-holder-05.svg,3. Office Designs/Pencil Holder/PNG/Pencil-holder-05.png
01184,Office Designs,Pencil Holder,Pencil-holder-06,,3. Office Designs/Pencil Holder/SVG/Pencil-holder-06.svg,3. Office Designs/Pencil Holder/PNG/Pencil-holder-06.png
01185,Office Designs,Pencil Holder,Pencil-holder-07,,3. Office Designs/Pencil Holder/SVG/Pencil-holder-07.svg,3. Office Designs/Pencil Holder/PNG/Pencil-holder-07.png
01186,Office Designs,Pencil Holder,Pencil-holder-08,,3. Office Designs/Pencil Holder/SVG/Pencil-holder-08.svg,3. Office Designs/Pencil Holder/PNG/Pencil-holder-08.png
01187,Office Designs,Pencil Holder,Pencil-holder-09,,3. Office Designs/Pencil Holder/SVG/Pencil-holder-09.svg,3. Office Designs/Pencil Holder/PNG/Pencil-holder-09.png
01188,Office Designs,Pencil Holder,Pencil-holder-10,,3. Office Designs/Pencil Holder/SVG/Pencil-holder-10.svg,3. Office Designs/Pencil Holder/PNG/Pencil-holder-10.png
01189,Office Designs,Phone Stand,Phone stand 2mm_Bee 2_SVG,,3. Office Designs/Phone Stand/2 mm/SVG/Phone stand 2mm_Bee 2_SVG.svg,3. Office Designs/Phone Stand/2 mm/PNG/Phone stand 2mm_Bee 2_SVG.png
01190,Office Designs,Phone Stand,Phone stand 2mm_Bee_SVG,,3. Office Designs/Phone Stand/2 mm/SVG/Phone stand 2mm_Bee_SVG.svg,3. Office Designs/Phone Stand/2 mm/PNG/Phone stand 2mm_Bee_SVG.png
01191,Office Designs,Phone Stand,Phone stand 2mm_Butterfly 2_SVG,,3. Office Designs/Phone Stand/2 mm/SVG/Phone stand 2mm_Butterfly 2_SVG.svg,3. Office Designs/Phone Stand/2 mm/PNG/Phone stand 2mm_Butterfly 2_SVG.png
01192,Office Designs,Phone Stand,Phone stand 2mm_Butterfly_SVG,,3. Office Designs/Phone Stand/2 mm/SVG/Phone stand 2mm_Butterfly_SVG.svg,3. Office Designs/Phone Stand/2 mm/PNG/Phone stand 2mm_Butterfly_SVG.png
01193,Office Designs,Phone Stand,Phone stand 2mm_Cat 2_SVG,,3. Office Designs/Phone Stand/2 mm/SVG/Phone stand 2mm_Cat 2_SVG.svg,3. Office Designs/Phone Stand/2 mm/PNG/Phone stand 2mm_Cat 2_SVG.png
01194,Office Designs,Phone Stand,Phone stand 2mm_Cat_SVG,,3. Office Designs/Phone Stand/2 mm/SVG/Phone stand 2mm_Cat_SVG.svg,3. Office Designs/Phone Stand/2 mm/PNG/Phone stand 2mm_Cat_SVG.png
01195,Office Designs,Phone Stand,Phone stand 2mm_Cristmas 2_SVG,,3. Office Designs/Phone Stand/2 mm/SVG/Phone stand 2mm_Cristmas 2_SVG.svg,3. Office Designs/Phone Stand/2 mm/PNG/Phone stand 2mm_Cristmas 2_SVG.png
01196,Office Designs,Phone Stand,Phone stand 2mm_Cristmas_SVG,,3. Office Designs/Phone Stand/2 mm/SVG/Phone stand 2mm_Cristmas_SVG.svg,3. Office Designs/Phone Stand/2 mm/PNG/Phone stand 2mm_Cristmas_SVG.png
01197,Office Designs,Phone Stand,Phone stand 2mm_Dog 2_SVG,,3. Office Designs/Phone Stand/2 mm/SVG/Phone stand 2mm_Dog 2_SVG.svg,3. Office Designs/Phone Stand/2 mm/PNG/Phone stand 2mm_Dog 2_SVG.png
01198,Office Designs,Phone Stand,Phone stand 2mm_Dog_SVG,,3. Office Designs/Phone Stand/2 mm/SVG/Phone stand 2mm_Dog_SVG.svg,3. Office Designs/Phone Stand/2 mm/PNG/Phone stand 2mm_Dog_SVG.png
01199,Office Designs,Phone Stand,Phone stand 2mm_Geometry 2_SVG,,3. Office Designs/Phone Stand/2 mm/SVG/Phone stand 2mm_Geometry 2_SVG.svg,3. Office Designs/Phone Stand/2 mm/PNG/Phone stand 2mm_Geometry 2_SVG.png
01200,Office Designs,Phone Stand,Phone stand 2mm_Geometry_SVG,,3. Office Designs/Phone Stand/2 mm/SVG/Phone stand 2mm_Geometry_SVG.svg,3. Office Designs/Phone Stand/2 mm/PNG/Phone stand 2mm_Geometry_SVG.png
01201,Office Designs,Phone Stand,Phone stand 2mm_Halloween 2_SVG,,3. Office Designs/Phone Stand/2 mm/SVG/Phone stand 2mm_Halloween 2_SVG.svg,3. Office Designs/Phone Stand/2 mm/PNG/Phone stand 2mm_Halloween 2_SVG.png
01202,Office Designs,Phone Stand,Phone stand 2mm_Halloween_SVG,,3. Office Designs/Phone Stand/2 mm/SVG/Phone stand 2mm_Halloween_SVG.svg,3. Office Designs/Phone Stand/2 mm/PNG/Phone stand 2mm_Halloween_SVG.png
01203,Office Designs,Phone Stand,Phone stand 2mm_Male 2_SVG,,3. Office Designs/Phone Stand/2 mm/SVG/Phone stand 2mm_Male 2_SVG.svg,3. Office Designs/Phone Stand/2 mm/PNG/Phone stand 2mm_Male 2_SVG.png
01204,Office Designs,Phone Stand,Phone stand 2mm_Male_SVG,,3. Office Designs/Phone Stand/2 mm/SVG/Phone stand 2mm_Male_SVG.svg,3. Office Designs/Phone Stand/2 mm/PNG/Phone stand 2mm_Male_SVG.png
01205,Office Designs,Phone Stand,Phone stand 2mm_Mandala 2_SVG,,3. Office Designs/Phone Stand/2 mm/SVG/Phone stand 2mm_Mandala 2_SVG.svg,3. Office Designs/Phone Stand/2 mm/PNG/Phone stand 2mm_Mandala 2_SVG.png
01206,Office Designs,Phone Stand,Phone stand 2mm_Mandala_SVG,,3. Office Designs/Phone Stand/2 mm/SVG/Phone stand 2mm_Mandala_SVG.svg,3. Office Designs/Phone Stand/2 mm/PNG/Phone stand 2mm_Mandala_SVG.png
01207,Office Designs,Phone Stand,Phone stand 2mm_Sunflower 2_SVG,,3. Office Designs/Phone Stand/2 mm/SVG/Phone stand 2mm_Sunflower 2_SVG.svg,3. Office Designs/Phone Stand/2 mm/PNG/Phone stand 2mm_Sunflower 2_SVG.png
01208,Office Designs,Phone Stand,Phone stand 2mm_Sunflower_SVG,,3. Office Designs/Phone Stand/2 mm/SVG/Phone stand 2mm_Sunflower_SVG.svg,3. Office Designs/Phone Stand/2 mm/PNG/Phone stand 2mm_Sunflower_SVG.png
01209,Office Designs,Phone Stand,Phone stand 3mm_Bee 2_SVG,,3. Office Designs/Phone Stand/3 mm/SVG/Phone stand 3mm_Bee 2_SVG.svg,3. Office Designs/Phone Stand/3 mm/PNG/Phone stand 3mm_Bee 2_SVG.png
01210,Office Designs,Phone Stand,Phone stand 3mm_Bee_SVG,,3. Office Designs/Phone Stand/3 mm/SVG/Phone stand 3mm_Bee_SVG.svg,3. Office Designs/Phone Stand/3 mm/PNG/Phone stand 3mm_Bee_SVG.png
01211,Office Designs,Phone Stand,Phone stand 3mm_Butterfly 2_SVG,,3. Office Designs/Phone Stand/3 mm/SVG/Phone stand 3mm_Butterfly 2_SVG.svg,3. Office Designs/Phone Stand/3 mm/PNG/Phone stand 3mm_Butterfly 2_SVG.png
01212,Office Designs,Phone Stand,Phone stand 3mm_Butterfly_SVG,,3. Office Designs/Phone Stand/3 mm/SVG/Phone stand 3mm_Butterfly_SVG.svg,3. Office Designs/Phone Stand/3 mm/PNG/Phone stand 3mm_Butterfly_SVG.png
01213,Office Designs,Phone Stand,Phone stand 3mm_Cat 2_SVG,,3. Office Designs/Phone Stand/3 mm/SVG/Phone stand 3mm_Cat 2_SVG.svg,3. Office Designs/Phone Stand/3 mm/PNG/Phone stand 3mm_Cat 2_SVG.png
01214,Office Designs,Phone Stand,Phone stand 3mm_Cat_SVG,,3. Office Designs/Phone Stand/3 mm/SVG/Phone stand 3mm_Cat_SVG.svg,3. Office Designs/Phone Stand/3 mm/PNG/Phone stand 3mm_Cat_SVG.png
01215,Office Designs,Phone Stand,Phone stand 3mm_Cristmas 2_SVG,,3. Office Designs/Phone Stand/3 mm/SVG/Phone stand 3mm_Cristmas 2_SVG.svg,3. Office Designs/Phone Stand/3 mm/PNG/Phone stand 3mm_Cristmas 2_SVG.png
01216,Office Designs,Phone Stand,Phone stand 3mm_Cristmas_SVG,,3. Office Designs/Phone Stand/3 mm/SVG/Phone stand 3mm_Cristmas_SVG.svg,3. Office Designs/Phone Stand/3 mm/PNG/Phone stand 3mm_Cristmas_SVG.png
01217,Office Designs,Phone Stand,Phone stand 3mm_Dog 2_SVG,,3. Office Designs/Phone Stand/3 mm/SVG/Phone stand 3mm_Dog 2_SVG.svg,3. Office Designs/Phone Stand/3 mm/PNG/Phone stand 3mm_Dog 2_SVG.png
01218,Office Designs,Phone Stand,Phone stand 3mm_Dog_SVG,,3. Office Designs/Phone Stand/3 mm/SVG/Phone stand 3mm_Dog_SVG.svg,3. Office Designs/Phone Stand/3 mm/PNG/Phone stand 3mm_Dog_SVG.png
01219,Office Designs,Phone Stand,Phone stand 3mm_Geometry 2_SVG,,3. Office Designs/Phone Stand/3 mm/SVG/Phone stand 3mm_Geometry 2_SVG.svg,3. Office Designs/Phone Stand/3 mm/PNG/Phone stand 3mm_Geometry 2_SVG.png
01220,Office Designs,Phone Stand,Phone stand 3mm_Geometry_SVG,,3. Office Designs/Phone Stand/3 mm/SVG/Phone stand 3mm_Geometry_SVG.svg,3. Office Designs/Phone Stand/3 mm/PNG/Phone stand 3mm_Geometry_SVG.png
01221,Office Designs,Phone Stand,Phone stand 3mm_Halloween 2_SVG,,3. Office Designs/Phone Stand/3 mm/SVG/Phone stand 3mm_Halloween 2_SVG.svg,3. Office Designs/Phone Stand/3 mm/PNG/Phone stand 3mm_Halloween 2_SVG.png
01222,Office Designs,Phone Stand,Phone stand 3mm_Halloween_SVG,,3. Office Designs/Phone Stand/3 mm/SVG/Phone stand 3mm_Halloween_SVG.svg,3. Office Designs/Phone Stand/3 mm/PNG/Phone stand 3mm_Halloween_SVG.png
01223,Office Designs,Phone Stand,Phone stand 3mm_Male 2_SVG,,3. Office Designs/Phone Stand/3 mm/SVG/Phone stand 3mm_Male 2_SVG.svg,3. Office Designs/Phone Stand/3 mm/PNG/Phone stand 3mm_Male 2_SVG.png
01224,Office Designs,Phone Stand,Phone stand 3mm_Male_SVG,,3. Office Designs/Phone Stand/3 mm/SVG/Phone stand 3mm_Male_SVG.svg,3. Office Designs/Phone Stand/3 mm/PNG/Phone stand 3mm_Male_SVG.png
01225,Office Designs,Phone Stand,Phone stand 3mm_Mandala 2_SVG,,3. Office Designs/Phone Stand/3 mm/SVG/Phone stand 3mm_Mandala 2_SVG.svg,3. Office Designs/Phone Stand/3 mm/PNG/Phone stand 3mm_Mandala 2_SVG.png
01226,Office Designs,Phone Stand,Phone stand 3mm_Mandala_SVG,,3. Office Designs/Phone Stand/3 mm/SVG/Phone stand 3mm_Mandala_SVG.svg,3. Office Designs/Phone Stand/3 mm/PNG/Phone stand 3mm_Mandala_SVG.png
01227,Office Designs,Phone Stand,Phone stand 3mm_Sunflower 2_SVG,,3. Office Designs/Phone Stand/3 mm/SVG/Phone stand 3mm_Sunflower 2_SVG.svg,3. Office Designs/Phone Stand/3 mm/PNG/Phone stand 3mm_Sunflower 2_SVG.png
01228,Office Designs,Phone Stand,Phone stand 3mm_Sunflower_SVG,,3. Office Designs/Phone Stand/3 mm/SVG/Phone stand 3mm_Sunflower_SVG.svg,3. Office Designs/Phone Stand/3 mm/PNG/Phone stand 3mm_Sunflower_SVG.png
01229,Office Designs,Phone Stand,Phone stand 4mm_Bee 2,,3. Office Designs/Phone Stand/4 mm/SVG/Phone stand 4mm_Bee 2.svg,3. Office Designs/Phone Stand/4 mm/PNG/Phone stand 4mm_Bee 2.png
01230,Office Designs,Phone Stand,Phone stand 4mm_Bee,,3. Office Designs/Phone Stand/4 mm/SVG/Phone stand 4mm_Bee.svg,3. Office Designs/Phone Stand/4 mm/PNG/Phone stand 4mm_Bee.png
01231,Office Designs,Phone Stand,Phone stand 4mm_Butterfly 2,,3. Office Designs/Phone Stand/4 mm/SVG/Phone stand 4mm_Butterfly 2.svg,3. Office Designs/Phone Stand/4 mm/PNG/Phone stand 4mm_Butterfly 2.png
01232,Office Designs,Phone Stand,Phone stand 4mm_Butterfly,,3. Office Designs/Phone Stand/4 mm/SVG/Phone stand 4mm_Butterfly.svg,3. Office Designs/Phone Stand/4 mm/PNG/Phone stand 4mm_Butterfly.png
01233,Office Designs,Phone Stand,Phone stand 4mm_Cat 2,,3. Office Designs/Phone Stand/4 mm/SVG/Phone stand 4mm_Cat 2.svg,3. Office Designs/Phone Stand/4 mm/PNG/Phone stand 4mm_Cat 2.png
01234,Office Designs,Phone Stand,Phone stand 4mm_Cat,,3. Office Designs/Phone Stand/4 mm/SVG/Phone stand 4mm_Cat.svg,3. Office Designs/Phone Stand/4 mm/PNG/Phone stand 4mm_Cat.png
01235,Office Designs,Phone Stand,Phone stand 4mm_Cristmas 2,,3. Office Designs/Phone Stand/4 mm/SVG/Phone stand 4mm_Cristmas 2.svg,3. Office Designs/Phone Stand/4 mm/PNG/Phone stand 4mm_Cristmas 2.png
01236,Office Designs,Phone Stand,Phone stand 4mm_Cristmas,,3. Office Designs/Phone Stand/4 mm/SVG/Phone stand 4mm_Cristmas.svg,3. Office Designs/Phone Stand/4 mm/PNG/Phone stand 4mm_Cristmas.png
01237,Office Designs,Phone Stand,Phone stand 4mm_Dog 2,,3. Office Designs/Phone Stand/4 mm/SVG/Phone stand 4mm_Dog 2.svg,3. Office Designs/Phone Stand/4 mm/PNG/Phone stand 4mm_Dog 2.png
01238,Office Designs,Phone Stand,Phone stand 4mm_Dog,,3. Office Designs/Phone Stand/4 mm/SVG/Phone stand 4mm_Dog.svg,3. Office Designs/Phone Stand/4 mm/PNG/Phone stand 4mm_Dog.png
01239,Office Designs,Phone Stand,Phone stand 4mm_Geometry 2,,3. Office Designs/Phone Stand/4 mm/SVG/Phone stand 4mm_Geometry 2.svg,3. Office Designs/Phone Stand/4 mm/PNG/Phone stand 4mm_Geometry 2.png
01240,Office Designs,Phone Stand,Phone stand 4mm_Geometry,,3. Office Designs/Phone Stand/4 mm/SVG/Phone stand 4mm_Geometry.svg,3. Office Designs/Phone Stand/4 mm/PNG/Phone stand 4mm_Geometry.png
01241,Office Designs,Phone Stand,Phone stand 4mm_Halloween 2,,3. Office Designs/Phone Stand/4 mm/SVG/Phone stand 4mm_Halloween 2.svg,3. Office Designs/Phone Stand/4 mm/PNG/Phone stand 4mm_Halloween 2.png
01242,Office Designs,Phone Stand,Phone stand 4mm_Halloween,,3. Office Designs/Phone Stand/4 mm/SVG/Phone stand 4mm_Halloween.svg,3. Office Designs/Phone Stand/4 mm/PNG/Phone stand 4mm_Halloween.png
01243,Office Designs,Phone Stand,Phone stand 4mm_Male 2,,3. Office Designs/Phone Stand/4 mm/SVG/Phone stand 4mm_Male 2.svg,3. Office Designs/Phone Stand/4 mm/PNG/Phone stand 4mm_Male 2.png
01244,Office Designs,Phone Stand,Phone stand 4mm_Male,,3. Office Designs/Phone Stand/4 mm/SVG/Phone stand 4mm_Male.svg,3. Office Designs/Phone Stand/4 mm/PNG/Phone stand 4mm_Male.png
01245,Office Designs,Phone Stand,Phone stand 4mm_Mandala 2,,3. Office Designs/Phone Stand/4 mm/SVG/Phone stand 4mm_Mandala 2.svg,3. Office Designs/Phone Stand/4 mm/PNG/Phone stand 4mm_Mandala 2.png
01246,Office Designs,Phone Stand,Phone stand 4mm_Mandala,,3. Office Designs/Phone Stand/4 mm/SVG/Phone stand 4mm_Mandala.svg,3. Office Designs/Phone Stand/4 mm/PNG/Phone stand 4mm_Mandala.png
01247,Office Designs,Phone Stand,Phone stand 4mm_Sunflower 2,,3. Office Designs/Phone Stand/4 mm/SVG/Phone stand 4mm_Sunflower 2.svg,3. Office Designs/Phone Stand/4 mm/PNG/Phone stand 4mm_Sunflower 2.png
01248,Office Designs,Phone Stand,Phone stand 4mm_Sunflower,,3. Office Designs/Phone Stand/4 mm/SVG/Phone stand 4mm_Sunflower.svg,3. Office Designs/Phone Stand/4 mm/PNG/Phone stand 4mm_Sunflower.png
01249,Office Designs,Phone Stand,Phone stand 5mm_Bee 2_SVG,,3. Office Designs/Phone Stand/5 mm/SVG/Phone stand 5mm_Bee 2_SVG.svg,3. Office Designs/Phone Stand/5 mm/PNG/Phone stand 5mm_Bee 2_SVG.png
01250,Office Designs,Phone Stand,Phone stand 5mm_Bee_SVG,,3. Office Designs/Phone Stand/5 mm/SVG/Phone stand 5mm_Bee_SVG.svg,3. Office Designs/Phone Stand/5 mm/PNG/Phone stand 5mm_Bee_SVG.png
01251,Office Designs,Phone Stand,Phone stand 5mm_Butterfly 2_SVG,,3. Office Designs/Phone Stand/5 mm/SVG/Phone stand 5mm_Butterfly 2_SVG.svg,3. Office Designs/Phone Stand/5 mm/PNG/Phone stand 5mm_Butterfly 2_SVG.png
01252,Office Designs,Phone Stand,Phone stand 5mm_Butterfly_SVG,,3. Office Designs/Phone Stand/5 mm/SVG/Phone stand 5mm_Butterfly_SVG.svg,3. Office Designs/Phone Stand/5 mm/PNG/Phone stand 5mm_Butterfly_SVG.png
01253,Office Designs,Phone Stand,Phone stand 5mm_Cat 2_SVG,,3. Office Designs/Phone Stand/5 mm/SVG/Phone stand 5mm_Cat 2_SVG.svg,3. Office Designs/Phone Stand/5 mm/PNG/Phone stand 5mm_Cat 2_SVG.png
01254,Office Designs,Phone Stand,Phone stand 5mm_Cat_SVG,,3. Office Designs/Phone Stand/5 mm/SVG/Phone stand 5mm_Cat_SVG.svg,3. Office Designs/Phone Stand/5 mm/PNG/Phone stand 5mm_Cat_SVG.png
01255,Office Designs,Phone Stand,Phone stand 5mm_Cristmas 2_SVG,,3. Office Designs/Phone Stand/5 mm/SVG/Phone stand 5mm_Cristmas 2_SVG.svg,3. Office Designs/Phone Stand/5 mm/PNG/Phone stand 5mm_Cristmas 2_SVG.png
01256,Office Designs,Phone Stand,Phone stand 5mm_Cristmas_SVG,,3. Office Designs/Phone Stand/5 mm/SVG/Phone stand 5mm_Cristmas_SVG.svg,3. Office Designs/Phone Stand/5 mm/PNG/Phone stand 5mm_Cristmas_SVG.png
01257,Office Designs,Phone Stand,Phone stand 5mm_Dog 2_SVG,,3. Office Designs/Phone Stand/5 mm/SVG/Phone stand 5mm_Dog 2_SVG.svg,3. Office Designs/Phone Stand/5 mm/PNG/Phone stand 5mm_Dog 2_SVG.png
01258,Office Designs,Phone Stand,Phone stand 5mm_Dog_SVG,,3. Office Designs/Phone Stand/5 mm/SVG/Phone stand 5mm_Dog_SVG.svg,3. Office Designs/Phone Stand/5 mm/PNG/Phone stand 5mm_Dog_SVG.png
01259,Office Designs,Phone Stand,Phone stand 5mm_Geometry 2_SVG,,3. Office Designs/Phone Stand/5 mm/SVG/Phone stand 5mm_Geometry 2_SVG.svg,3. Office Designs/Phone Stand/5 mm/PNG/Phone stand 5mm_Geometry 2_SVG.png
01260,Office Designs,Phone Stand,Phone stand 5mm_Geometry_SVG,,3. Office Designs/Phone Stand/5 mm/SVG/Phone stand 5mm_Geometry_SVG.svg,3. Office Designs/Phone Stand/5 mm/PNG/Phone stand 5mm_Geometry_SVG.png
01261,Office Designs,Phone Stand,Phone stand 5mm_Halloween 2_SVG,,3. Office Designs/Phone Stand/5 mm/SVG/Phone stand 5mm_Halloween 2_SVG.svg,3. Office Designs/Phone Stand/5 mm/PNG/Phone stand 5mm_Halloween 2_SVG.png
01262,Office Designs,Phone Stand,Phone stand 5mm_Halloween_SVG,,3. Office Designs/Phone Stand/5 mm/SVG/Phone stand 5mm_Halloween_SVG.svg,3. Office Designs/Phone Stand/5 mm/PNG/Phone stand 5mm_Halloween_SVG.png
01263,Office Designs,Phone Stand,Phone stand 5mm_Male 2_SVG,,3. Office Designs/Phone Stand/5 mm/SVG/Phone stand 5mm_Male 2_SVG.svg,3. Office Designs/Phone Stand/5 mm/PNG/Phone stand 5mm_Male 2_SVG.png
01264,Office Designs,Phone Stand,Phone stand 5mm_Male_SVG,,3. Office Designs/Phone Stand/5 mm/SVG/Phone stand 5mm_Male_SVG.svg,3. Office Designs/Phone Stand/5 mm/PNG/Phone stand 5mm_Male_SVG.png
01265,Office Designs,Phone Stand,Phone stand 5mm_Mandala 2_SVG,,3. Office Designs/Phone Stand/5 mm/SVG/Phone stand 5mm_Mandala 2_SVG.svg,3. Office Designs/Phone Stand/5 mm/PNG/Phone stand 5mm_Mandala 2_SVG.png
01266,Office Designs,Phone Stand,Phone stand 5mm_Mandala_SVG,,3. Office Designs/Phone Stand/5 mm/SVG/Phone stand 5mm_Mandala_SVG.svg,3. Office Designs/Phone Stand/5 mm/PNG/Phone stand 5mm_Mandala_SVG.png
01267,Office Designs,Phone Stand,Phone stand 5mm_Sunflower 2_SVG,,3. Office Designs/Phone Stand/5 mm/SVG/Phone stand 5mm_Sunflower 2_SVG.svg,3. Office Designs/Phone Stand/5 mm/PNG/Phone stand 5mm_Sunflower 2_SVG.png
01268,Office Designs,Phone Stand,Phone stand 5mm_Sunflower_SVG,,3. Office Designs/Phone Stand/5 mm/SVG/Phone stand 5mm_Sunflower_SVG.svg,3. Office Designs/Phone Stand/5 mm/PNG/Phone stand 5mm_Sunflower_SVG.png
01269,Office Designs,Phone Stand,Phone stand 6mm_Bee 2_SVG,,3. Office Designs/Phone Stand/6 mm/SVG/Phone stand 6mm_Bee 2_SVG.svg,3. Office Designs/Phone Stand/6 mm/PNG/Phone stand 6mm_Bee 2_SVG.png
01270,Office Designs,Phone Stand,Phone stand 6mm_Bee_SVG,,3. Office Designs/Phone Stand/6 mm/SVG/Phone stand 6mm_Bee_SVG.svg,3. Office Designs/Phone Stand/6 mm/PNG/Phone stand 6mm_Bee_SVG.png
01271,Office Designs,Phone Stand,Phone stand 6mm_Butterfly 2_SVG,,3. Office Designs/Phone Stand/6 mm/SVG/Phone stand 6mm_Butterfly 2_SVG.svg,3. Office Designs/Phone Stand/6 mm/PNG/Phone stand 6mm_Butterfly 2_SVG.png
01272,Office Designs,Phone Stand,Phone stand 6mm_Butterfly_SVG,,3. Office Designs/Phone Stand/6 mm/SVG/Phone stand 6mm_Butterfly_SVG.svg,3. Office Designs/Phone Stand/6 mm/PNG/Phone stand 6mm_Butterfly_SVG.png
01273,Office Designs,Phone Stand,Phone stand 6mm_Cat 2_SVG,,3. Office Designs/Phone Stand/6 mm/SVG/Phone stand 6mm_Cat 2_SVG.svg,3. Office Designs/Phone Stand/6 mm/PNG/Phone stand 6mm_Cat 2_SVG.png
01274,Office Designs,Phone Stand,Phone stand 6mm_Cat_SVG,,3. Office Designs/Phone Stand/6 mm/SVG/Phone stand 6mm_Cat_SVG.svg,3. Office Designs/Phone Stand/6 mm/PNG/Phone stand 6mm_Cat_SVG.png
01275,Office Designs,Phone Stand,Phone stand 6mm_Cristmas 2_SVG,,3. Office Designs/Phone Stand/6 mm/SVG/Phone stand 6mm_Cristmas 2_SVG.svg,3. Office Designs/Phone Stand/6 mm/PNG/Phone stand 6mm_Cristmas 2_SVG.png
01276,Office Designs,Phone Stand,Phone stand 6mm_Cristmas_SVG,,3. Office Designs/Phone Stand/6 mm/SVG/Phone stand 6mm_Cristmas_SVG.svg,3. Office Designs/Phone Stand/6 mm/PNG/Phone stand 6mm_Cristmas_SVG.png
01277,Office Designs,Phone Stand,Phone stand 6mm_Dog 2_SVG,,3. Office Designs/Phone Stand/6 mm/SVG/Phone stand 6mm_Dog 2_SVG.svg,3. Office Designs/Phone Stand/6 mm/PNG/Phone stand 6mm_Dog 2_SVG.png
01278,Office Designs,Phone Stand,Phone stand 6mm_Dog_SVG,,3. Office Designs/Phone Stand/6 mm/SVG/Phone stand 6mm_Dog_SVG.svg,3. Office Designs/Phone Stand/6 mm/PNG/Phone stand 6mm_Dog_SVG.png
01279,Office Designs,Phone Stand,Phone stand 6mm_Geometry 2_SVG,,3. Office Designs/Phone Stand/6 mm/SVG/Phone stand 6mm_Geometry 2_SVG.svg,3. Office Designs/Phone Stand/6 mm/PNG/Phone stand 6mm_Geometry 2_SVG.png
01280,Office Designs,Phone Stand,Phone stand 6mm_Geometry_SVG,,3. Office Designs/Phone Stand/6 mm/SVG/Phone stand 6mm_Geometry_SVG.svg,3. Office Designs/Phone Stand/6 mm/PNG/Phone stand 6mm_Geometry_SVG.png
01281,Office Designs,Phone Stand,Phone stand 6mm_Halloween 2_SVG,,3. Office Designs/Phone Stand/6 mm/SVG/Phone stand 6mm_Halloween 2_SVG.svg,3. Office Designs/Phone Stand/6 mm/PNG/Phone stand 6mm_Halloween 2_SVG.png
01282,Office Designs,Phone Stand,Phone stand 6mm_Halloween_SVG,,3. Office Designs/Phone Stand/6 mm/SVG/Phone stand 6mm_Halloween_SVG.svg,3. Office Designs/Phone Stand/6 mm/PNG/Phone stand 6mm_Halloween_SVG.png
01283,Office Designs,Phone Stand,Phone stand 6mm_Male 2_SVG,,3. Office Designs/Phone Stand/6 mm/SVG/Phone stand 6mm_Male 2_SVG.svg,3. Office Designs/Phone Stand/6 mm/PNG/Phone stand 6mm_Male 2_SVG.png
01284,Office Designs,Phone Stand,Phone stand 6mm_Male_SVG,,3. Office Designs/Phone Stand/6 mm/SVG/Phone stand 6mm_Male_SVG.svg,3. Office Designs/Phone Stand/6 mm/PNG/Phone stand 6mm_Male_SVG.png
01285,Office Designs,Phone Stand,Phone stand 6mm_Mandala 2_SVG,,3. Office Designs/Phone Stand/6 mm/SVG/Phone stand 6mm_Mandala 2_SVG.svg,3. Office Designs/Phone Stand/6 mm/PNG/Phone stand 6mm_Mandala 2_SVG.png
01286,Office Designs,Phone Stand,Phone stand 6mm_Mandala_SVG,,3. Office Designs/Phone Stand/6 mm/SVG/Phone stand 6mm_Mandala_SVG.svg,3. Office Designs/Phone Stand/6 mm/PNG/Phone stand 6mm_Mandala_SVG.png
01287,Office Designs,Phone Stand,Phone stand 6mm_Sunflower 2_SVG,,3. Office Designs/Phone Stand/6 mm/SVG/Phone stand 6mm_Sunflower 2_SVG.svg,3. Office Designs/Phone Stand/6 mm/PNG/Phone stand 6mm_Sunflower 2_SVG.png
01288,Office Designs,Phone Stand,Phone stand 6mm_Sunflower_SVG,,3. Office Designs/Phone Stand/6 mm/SVG/Phone stand 6mm_Sunflower_SVG.svg,3. Office Designs/Phone Stand/6 mm/PNG/Phone stand 6mm_Sunflower_SVG.png
01289,Office Designs,Photo-Frame,Photo-frame-3.175mm-01-SVG,,3. Office Designs/Photo-Frame/SVG/Photo-frame-3.175mm-01-SVG.svg,3. Office Designs/Photo-Frame/PNG/Photo-frame-3.175mm-01-SVG.png
01290,Office Designs,Photo-Frame,Photo-frame-3.175mm-02-SVG,,3. Office Designs/Photo-Frame/SVG/Photo-frame-3.175mm-02-SVG.svg,3. Office Designs/Photo-Frame/PNG/Photo-frame-3.175mm-02-SVG.png
01291,Office Designs,Photo-Frame,Photo-frame-3.175mm-03-SVG,,3. Office Designs/Photo-Frame/SVG/Photo-frame-3.175mm-03-SVG.svg,3. Office Designs/Photo-Frame/PNG/Photo-frame-3.175mm-03-SVG.png
01292,Office Designs,Photo-Frame,Photo-frame-3.175mm-04-SVG,,3. Office Designs/Photo-Frame/SVG/Photo-frame-3.175mm-04-SVG.svg,3. Office Designs/Photo-Frame/PNG/Photo-frame-3.175mm-04-SVG.png
01293,Office Designs,Photo-Frame,Photo-frame-3.175mm-05-SVG,,3. Office Designs/Photo-Frame/SVG/Photo-frame-3.175mm-05-SVG.svg,3. Office Designs/Photo-Frame/PNG/Photo-frame-3.175mm-05-SVG.png
01294,Office Designs,Photo-Frame,Photo-frame-3.175mm-06-SVG,,3. Office Designs/Photo-Frame/SVG/Photo-frame-3.175mm-06-SVG.svg,3. Office Designs/Photo-Frame/PNG/Photo-frame-3.175mm-06-SVG.png
01295,Office Designs,Photo-Frame,Photo-frame-3.175mm-07-SVG,,3. Office Designs/Photo-Frame/SVG/Photo-frame-3.175mm-07-SVG.svg,3. Office Designs/Photo-Frame/PNG/Photo-frame-3.175mm-07-SVG.png
01296,Office Designs,Photo-Frame,Photo-frame-3.175mm-08-SVG,,3. Office Designs/Photo-Frame/SVG/Photo-frame-3.175mm-08-SVG.svg,3. Office Designs/Photo-Frame/PNG/Photo-frame-3.175mm-08-SVG.png
01297,Office Designs,Photo-Frame,Photo-frame-3.175mm-09-SVG,,3. Office Designs/Photo-Frame/SVG/Photo-frame-3.175mm-09-SVG.svg,3. Office Designs/Photo-Frame/PNG/Photo-frame-3.175mm-09-SVG.png
01298,Office Designs,Photo-Frame,Photo-frame-3.175mm-10-SVG,,3. Office Designs/Photo-Frame/SVG/Photo-frame-3.175mm-10-SVG.svg,3. Office Designs/Photo-Frame/PNG/Photo-frame-3.175mm-10-SVG.png
01299,Office Designs,Photo-Frame,Photo-frame-3mm-01-SVG,,3. Office Designs/Photo-Frame/SVG/Photo-frame-3mm-01-SVG.svg,3. Office Designs/Photo-Frame/PNG/Photo-frame-3mm-01-SVG.png
01300,Office Designs,Photo-Frame,Photo-frame-3mm-02-SVG,,3. Office Designs/Photo-Frame/SVG/Photo-frame-3mm-02-SVG.svg,3. Office Designs/Photo-Frame/PNG/Photo-frame-3mm-02-SVG.png
01301,Office Designs,Photo-Frame,Photo-frame-3mm-03-SVG,,3. Office Designs/Photo-Frame/SVG/Photo-frame-3mm-03-SVG.svg,3. Office Designs/Photo-Frame/PNG/Photo-frame-3mm-03-SVG.png
01302,Office Designs,Photo-Frame,Photo-frame-3mm-04-SVG,,3. Office Designs/Photo-Frame/SVG/Photo-frame-3mm-04-SVG.svg,3. Office Designs/Photo-Frame/PNG/Photo-frame-3mm-04-SVG.png
01303,Office Designs,Photo-Frame,Photo-frame-3mm-05-SVG,,3. Office Designs/Photo-Frame/SVG/Photo-frame-3mm-05-SVG.svg,3. Office Designs/Photo-Frame/PNG/Photo-frame-3mm-05-SVG.png
01304,Office Designs,Photo-Frame,Photo-frame-3mm-06-SVG,,3. Office Designs/Photo-Frame/SVG/Photo-frame-3mm-06-SVG.svg,3. Office Designs/Photo-Frame/PNG/Photo-frame-3mm-06-SVG.png
01305,Office Designs,Photo-Frame,Photo-frame-3mm-07-SVG,,3. Office Designs/Photo-Frame/SVG/Photo-frame-3mm-07-SVG.svg,3. Office Designs/Photo-Frame/PNG/Photo-frame-3mm-07-SVG.png
01306,Office Designs,Photo-Frame,Photo-frame-3mm-08-SVG,,3. Office Designs/Photo-Frame/SVG/Photo-frame-3mm-08-SVG.svg,3. Office Designs/Photo-Frame/PNG/Photo-frame-3mm-08-SVG.png
01307,Office Designs,Photo-Frame,Photo-frame-3mm-09-SVG,,3. Office Designs/Photo-Frame/SVG/Photo-frame-3mm-09-SVG.svg,3. Office Designs/Photo-Frame/PNG/Photo-frame-3mm-09-SVG.png
01308,Office Designs,Photo-Frame,Photo-frame-3mm-10-SVG,,3. Office Designs/Photo-Frame/SVG/Photo-frame-3mm-10-SVG.svg,3. Office Designs/Photo-Frame/PNG/Photo-frame-3mm-10-SVG.png
01309,Office Designs,Tablet Holder,1.8in_Tablet holder 1,,3. Office Designs/Tablet Holder/Tablet Holder 1.8in/SVG/1.8in_Tablet holder 1.svg,3. Office Designs/Tablet Holder/Tablet Holder 1.8in/PNG/1.8in_Tablet holder 1.png
01310,Office Designs,Tablet Holder,1.8in_Tablet holder 10,,3. Office Designs/Tablet Holder/Tablet Holder 1.8in/SVG/1.8in_Tablet holder 10.svg,3. Office Designs/Tablet Holder/Tablet Holder 1.8in/PNG/1.8in_Tablet holder 10.png
01311,Office Designs,Tablet Holder,1.8in_Tablet holder 2,,3. Office Designs/Tablet Holder/Tablet Holder 1.8in/SVG/1.8in_Tablet holder 2.svg,3. Office Designs/Tablet Holder/Tablet Holder 1.8in/PNG/1.8in_Tablet holder 2.png
01312,Office Designs,Tablet Holder,1.8in_Tablet holder 3,,3. Office Designs/Tablet Holder/Tablet Holder 1.8in/SVG/1.8in_Tablet holder 3.svg,3. Office Designs/Tablet Holder/Tablet Holder 1.8in/PNG/1.8in_Tablet holder 3.png
01313,Office Designs,Tablet Holder,1.8in_Tablet holder 4,,3. Office Designs/Tablet Holder/Tablet Holder 1.8in/SVG/1.8in_Tablet holder 4.svg,3. Office Designs/Tablet Holder/Tablet Holder 1.8in/PNG/1.8in_Tablet holder 4.png
01314,Office Designs,Tablet Holder,1.8in_Tablet holder 5,,3. Office Designs/Tablet Holder/Tablet Holder 1.8in/SVG/1.8in_Tablet holder 5.svg,3. Office Designs/Tablet Holder/Tablet Holder 1.8in/PNG/1.8in_Tablet holder 5.png
01315,Office Designs,Tablet Holder,1.8in_Tablet holder 6,,3. Office Designs/Tablet Holder/Tablet Holder 1.8in/SVG/1.8in_Tablet holder 6.svg,3. Office Designs/Tablet Holder/Tablet Holder 1.8in/PNG/1.8in_Tablet holder 6.png
01316,Office Designs,Tablet Holder,1.8in_Tablet holder 7,,3. Office Designs/Tablet Holder/Tablet Holder 1.8in/SVG/1.8in_Tablet holder 7.svg,3. Office Designs/Tablet Holder/Tablet Holder 1.8in/PNG/1.8in_Tablet holder 7.png
01317,Office Designs,Tablet Holder,1.8in_Tablet holder 8,,3. Office Designs/Tablet Holder/Tablet Holder 1.8in/SVG/1.8in_Tablet holder 8.svg,3. Office Designs/Tablet Holder/Tablet Holder 1.8in/PNG/1.8in_Tablet holder 8.png
01318,Office Designs,Tablet Holder,1.8in_Tablet holder 9,,3. Office Designs/Tablet Holder/Tablet Holder 1.8in/SVG/1.8in_Tablet holder 9.svg,3. Office Designs/Tablet Holder/Tablet Holder 1.8in/PNG/1.8in_Tablet holder 9.png
01319,Office Designs,Tablet Holder,2mm_Tablet holder 1,,3. Office Designs/Tablet Holder/Tablet Holder 2mm/SVG/2mm_Tablet holder 1.svg,3. Office Designs/Tablet Holder/Tablet Holder 2mm/PNG/2mm_Tablet holder 1.png
01320,Office Designs,Tablet Holder,2mm_Tablet holder 10,,3. Office Designs/Tablet Holder/Tablet Holder 2mm/SVG/2mm_Tablet holder 10.svg,3. Office Designs/Tablet Holder/Tablet Holder 2mm/PNG/2mm_Tablet holder 10.png
01321,Office Designs,Tablet Holder,2mm_Tablet holder 2,,3. Office Designs/Tablet Holder/Tablet Holder 2mm/SVG/2mm_Tablet holder 2.svg,3. Office Designs/Tablet Holder/Tablet Holder 2mm/PNG/2mm_Tablet holder 2.png
01322,Office Designs,Tablet Holder,2mm_Tablet holder 3,,3. Office Designs/Tablet Holder/Tablet Holder 2mm/SVG/2mm_Tablet holder 3.svg,3. Office Designs/Tablet Holder/Tablet Holder 2mm/PNG/2mm_Tablet holder 3.png
01323,Office Designs,Tablet Holder,2mm_Tablet holder 4,,3. Office Designs/Tablet Holder/Tablet Holder 2mm/SVG/2mm_Tablet holder 4.svg,3. Office Designs/Tablet Holder/Tablet Holder 2mm/PNG/2mm_Tablet holder 4.png
01324,Office Designs,Tablet Holder,2mm_Tablet holder 5,,3. Office Designs/Tablet Holder/Tablet Holder 2mm/SVG/2mm_Tablet holder 5.svg,3. Office Designs/Tablet Holder/Tablet Holder 2mm/PNG/2mm_Tablet holder 5.png
01325,Office Designs,Tablet Holder,2mm_Tablet holder 6,,3. Office Designs/Tablet Holder/Tablet Holder 2mm/SVG/2mm_Tablet holder 6.svg,3. Office Designs/Tablet Holder/Tablet Holder 2mm/PNG/2mm_Tablet holder 6.png
01326,Office Designs,Tablet Holder,2mm_Tablet holder 7,,3. Office Designs/Tablet Holder/Tablet Holder 2mm/SVG/2mm_Tablet holder 7.svg,3. Office Designs/Tablet Holder/Tablet Holder 2mm/PNG/2mm_Tablet holder 7.png
01327,Office Designs,Tablet Holder,2mm_Tablet holder 8,,3. Office Designs/Tablet Holder/Tablet Holder 2mm/SVG/2mm_Tablet holder 8.svg,3. Office Designs/Tablet Holder/Tablet Holder 2mm/PNG/2mm_Tablet holder 8.png
01328,Office Designs,Tablet Holder,2mm_Tablet holder 9,,3. Office Designs/Tablet Holder/Tablet Holder 2mm/SVG/2mm_Tablet holder 9.svg,3. Office Designs/Tablet Holder/Tablet Holder 2mm/PNG/2mm_Tablet holder 9.png
01329,Office Designs,Tablet Holder,3mm_Tablet holder 1,,3. Office Designs/Tablet Holder/Tablet Holder 3mm/SVG/3mm_Tablet holder 1.svg,3. Office Designs/Tablet Holder/Tablet Holder 3mm/PNG/3mm_Tablet holder 1.png
01330,Office Designs,Tablet Holder,3mm_Tablet holder 10,,3. Office Designs/Tablet Holder/Tablet Holder 3mm/SVG/3mm_Tablet holder 10.svg,3. Office Designs/Tablet Holder/Tablet Holder 3mm/PNG/3mm_Tablet holder 10.png
01331,Office Designs,Tablet Holder,3mm_Tablet holder 2,,3. Office Designs/Tablet Holder/Tablet Holder 3mm/SVG/3mm_Tablet holder 2.svg,3. Office Designs/Tablet Holder/Tablet Holder 3mm/PNG/3mm_Tablet holder 2.png
01332,Office Designs,Tablet Holder,3mm_Tablet holder 3,,3. Office Designs/Tablet Holder/Tablet Holder 3mm/SVG/3mm_Tablet holder 3.svg,3. Office Designs/Tablet Holder/Tablet Holder 3mm/PNG/3mm_Tablet holder 3.png
01333,Office Designs,Tablet Holder,3mm_Tablet holder 4,,3. Office Designs/Tablet Holder/Tablet Holder 3mm/SVG/3mm_Tablet holder 4.svg,3. Office Designs/Tablet Holder/Tablet Holder 3mm/PNG/3mm_Tablet holder 4.png
01334,Office Designs,Tablet Holder,3mm_Tablet holder 5,,3. Office Designs/Tablet Holder/Tablet Holder 3mm/SVG/3mm_Tablet holder 5.svg,3. Office Designs/Tablet Holder/Tablet Holder 3mm/PNG/3mm_Tablet holder 5.png
01335,Office Designs,Tablet Holder,3mm_Tablet holder 6,,3. Office Designs/Tablet Holder/Tablet Holder 3mm/SVG/3mm_Tablet holder 6.svg,3. Office Designs/Tablet Holder/Tablet Holder 3mm/PNG/3mm_Tablet holder 6.png
01336,Office Designs,Tablet Holder,3mm_Tablet holder 7,,3. Office Designs/Tablet Holder/Tablet Holder 3mm/SVG/3mm_Tablet holder 7.svg,3. Office Designs/Tablet Holder/Tablet Holder 3mm/PNG/3mm_Tablet holder 7.png
01337,Office Designs,Tablet Holder,3mm_Tablet holder 8,,3. Office Designs/Tablet Holder/Tablet Holder 3mm/SVG/3mm_Tablet holder 8.svg,3. Office Designs/Tablet Holder/Tablet Holder 3mm/PNG/3mm_Tablet holder 8.png
01338,Office Designs,Tablet Holder,3mm_Tablet holder 9,,3. Office Designs/Tablet Holder/Tablet Holder 3mm/SVG/3mm_Tablet holder 9.svg,3. Office Designs/Tablet Holder/Tablet Holder 3mm/PNG/3mm_Tablet holder 9.png
01339,Office Designs,Tablet Holder,4mm_Tablet holder 1,,3. Office Designs/Tablet Holder/Tablet Holder 4mm/SVG/4mm_Tablet holder 1.svg,3. Office Designs/Tablet Holder/Tablet Holder 4mm/PNG/4mm_Tablet holder 1.png
01340,Office Designs,Tablet Holder,4mm_Tablet holder 10,,3. Office Designs/Tablet Holder/Tablet Holder 4mm/SVG/4mm_Tablet holder 10.svg,3. Office Designs/Tablet Holder/Tablet Holder 4mm/PNG/4mm_Tablet holder 10.png
01341,Office Designs,Tablet Holder,4mm_Tablet holder 2,,3. Office Designs/Tablet Holder/Tablet Holder 4mm/SVG/4mm_Tablet holder 2.svg,3. Office Designs/Tablet Holder/Tablet Holder 4mm/PNG/4mm_Tablet holder 2.png
01342,Office Designs,Tablet Holder,4mm_Tablet holder 3,,3. Office Designs/Tablet Holder/Tablet Holder 4mm/SVG/4mm_Tablet holder 3.svg,3. Office Designs/Tablet Holder/Tablet Holder 4mm/PNG/4mm_Tablet holder 3.png
01343,Office Designs,Tablet Holder,4mm_Tablet holder 4,,3. Office Designs/Tablet Holder/Tablet Holder 4mm/SVG/4mm_Tablet holder 4.svg,3. Office Designs/Tablet Holder/Tablet Holder 4mm/PNG/4mm_Tablet holder 4.png
01344,Office Designs,Tablet Holder,4mm_Tablet holder 5,,3. Office Designs/Tablet Holder/Tablet Holder 4mm/SVG/4mm_Tablet holder 5.svg,3. Office Designs/Tablet Holder/Tablet Holder 4mm/PNG/4mm_Tablet holder 5.png
01345,Office Designs,Tablet Holder,4mm_Tablet holder 6,,3. Office Designs/Tablet Holder/Tablet Holder 4mm/SVG/4mm_Tablet holder 6.svg,3. Office Designs/Tablet Holder/Tablet Holder 4mm/PNG/4mm_Tablet holder 6.png
01346,Office Designs,Tablet Holder,4mm_Tablet holder 7,,3. Office Designs/Tablet Holder/Tablet Holder 4mm/SVG/4mm_Tablet holder 7.svg,3. Office Designs/Tablet Holder/Tablet Holder 4mm/PNG/4mm_Tablet holder 7.png
01347,Office Designs,Tablet Holder,4mm_Tablet holder 8,,3. Office Designs/Tablet Holder/Tablet Holder 4mm/SVG/4mm_Tablet holder 8.svg,3. Office Designs/Tablet Holder/Tablet Holder 4mm/PNG/4mm_Tablet holder 8.png
01348,Office Designs,Tablet Holder,4mm_Tablet holder 9,,3. Office Designs/Tablet Holder/Tablet Holder 4mm/SVG/4mm_Tablet holder 9.svg,3. Office Designs/Tablet Holder/Tablet Holder 4mm/PNG/4mm_Tablet holder 9.png
01349,Office Designs,Tablet Holder,5mm_Tablet holder 1,,3. Office Designs/Tablet Holder/Tablet Holder 5mm/SVG/5mm_Tablet holder 1.svg,3. Office Designs/Tablet Holder/Tablet Holder 5mm/PNG/5mm_Tablet holder 1.png
01350,Office Designs,Tablet Holder,5mm_Tablet holder 10,,3. Office Designs/Tablet Holder/Tablet Holder 5mm/SVG/5mm_Tablet holder 10.svg,3. Office Designs/Tablet Holder/Tablet Holder 5mm/PNG/5mm_Tablet holder 10.png
01351,Office Designs,Tablet Holder,5mm_Tablet holder 2,,3. Office Designs/Tablet Holder/Tablet Holder 5mm/SVG/5mm_Tablet holder 2.svg,3. Office Designs/Tablet Holder/Tablet Holder 5mm/PNG/5mm_Tablet holder 2.png
01352,Office Designs,Tablet Holder,5mm_Tablet holder 3,,3. Office Designs/Tablet Holder/Tablet Holder 5mm/SVG/5mm_Tablet holder 3.svg,3. Office Designs/Tablet Holder/Tablet Holder 5mm/PNG/5mm_Tablet holder 3.png
01353,Office Designs,Tablet Holder,5mm_Tablet holder 4,,3. Office Designs/Tablet Holder/Tablet Holder 5mm/SVG/5mm_Tablet holder 4.svg,3. Office Designs/Tablet Holder/Tablet Holder 5mm/PNG/5mm_Tablet holder 4.png
01354,Office Designs,Tablet Holder,5mm_Tablet holder 5,,3. Office Designs/Tablet Holder/Tablet Holder 5mm/SVG/5mm_Tablet holder 5.svg,3. Office Designs/Tablet Holder/Tablet Holder 5mm/PNG/5mm_Tablet holder 5.png
01355,Office Designs,Tablet Holder,5mm_Tablet holder 6,,3. Office Designs/Tablet Holder/Tablet Holder 5mm/SVG/5mm_Tablet holder 6.svg,3. Office Designs/Tablet Holder/Tablet Holder 5mm/PNG/5mm_Tablet holder 6.png
01356,Office Designs,Tablet Holder,5mm_Tablet holder 7,,3. Office Designs/Tablet Holder/Tablet Holder 5mm/SVG/5mm_Tablet holder 7.svg,3. Office Designs/Tablet Holder/Tablet Holder 5mm/PNG/5mm_Tablet holder 7.png
01357,Office Designs,Tablet Holder,5mm_Tablet holder 8,,3. Office Designs/Tablet Holder/Tablet Holder 5mm/SVG/5mm_Tablet holder 8.svg,3. Office Designs/Tablet Holder/Tablet Holder 5mm/PNG/5mm_Tablet holder 8.png
01358,Office Designs,Tablet Holder,5mm_Tablet holder 9,,3. Office Designs/Tablet Holder/Tablet Holder 5mm/SVG/5mm_Tablet holder 9.svg,3. Office Designs/Tablet Holder/Tablet Holder 5mm/PNG/5mm_Tablet holder 9.png
01359,Office Designs,Teacher note pad,teacher-note-pad-01,,3. Office Designs/Teacher note pad/SVG/teacher-note-pad-01.svg,3. Office Designs/Teacher note pad/PNG/teacher-note-pad-01.png
01360,Office Designs,Teacher note pad,teacher-note-pad-02,,3. Office Designs/Teacher note pad/SVG/teacher-note-pad-02.svg,3. Office Designs/Teacher note pad/PNG/teacher-note-pad-02.png
01361,Office Designs,Teacher note pad,teacher-note-pad-03,,3. Office Designs/Teacher note pad/SVG/teacher-note-pad-03.svg,MISSING
01362,Office Designs,Teacher note pad,teacher-note-pad-04,,3. Office Designs/Teacher note pad/SVG/teacher-note-pad-04.svg,3. Office Designs/Teacher note pad/PNG/teacher-note-pad-04.png
01363,Office Designs,Teacher note pad,teacher-note-pad-05,,3. Office Designs/Teacher note pad/SVG/teacher-note-pad-05.svg,3. Office Designs/Teacher note pad/PNG/teacher-note-pad-05.png
01364,Office Designs,Teacher note pad,teacher-note-pad-06,,3. Office Designs/Teacher note pad/SVG/teacher-note-pad-06.svg,3. Office Designs/Teacher note pad/PNG/teacher-note-pad-06.png
01365,Office Designs,Teacher note pad,teacher-note-pad-07,,3. Office Designs/Teacher note pad/SVG/teacher-note-pad-07.svg,3. Office Designs/Teacher note pad/PNG/teacher-note-pad-07.png
01366,Office Designs,Teacher note pad,teacher-note-pad-08,,3. Office Designs/Teacher note pad/SVG/teacher-note-pad-08.svg,3. Office Designs/Teacher note pad/PNG/teacher-note-pad-08.png
01367,Office Designs,Teacher note pad,teacher-note-pad-09-,,3. Office Designs/Teacher note pad/SVG/teacher-note-pad-09-.svg,3. Office Designs/Teacher note pad/PNG/teacher-note-pad-09-.png
01368,Office Designs,Teacher note pad,teacher-note-pad-10,,3. Office Designs/Teacher note pad/SVG/teacher-note-pad-10.svg,3. Office Designs/Teacher note pad/PNG/teacher-note-pad-10.png
01369,Office Designs,Tie Holder,Tie-holder-01-SVG,,3. Office Designs/Tie Holder/SVG/Tie-holder-01-SVG.svg,3. Office Designs/Tie Holder/PNG/Tie-holder-01-SVG.png
01370,Office Designs,Tie Holder,Tie-holder-02-SVG,,3. Office Designs/Tie Holder/SVG/Tie-holder-02-SVG.svg,3. Office Designs/Tie Holder/PNG/Tie-holder-02-SVG.png
01371,Office Designs,Tie Holder,Tie-holder-03-SVG,,3. Office Designs/Tie Holder/SVG/Tie-holder-03-SVG.svg,3. Office Designs/Tie Holder/PNG/Tie-holder-03-SVG.png
01372,Office Designs,Tie Holder,Tie-holder-04-SVG,,3. Office Designs/Tie Holder/SVG/Tie-holder-04-SVG.svg,3. Office Designs/Tie Holder/PNG/Tie-holder-04-SVG.png
01373,Office Designs,Tie Holder,Tie-holder-05-SVG,,3. Office Designs/Tie Holder/SVG/Tie-holder-05-SVG.svg,3. Office Designs/Tie Holder/PNG/Tie-holder-05-SVG.png
01374,Office Designs,Tie Holder,Tie-holder-06-SVG,,3. Office Designs/Tie Holder/SVG/Tie-holder-06-SVG.svg,3. Office Designs/Tie Holder/PNG/Tie-holder-06-SVG.png
01375,Office Designs,Tie Holder,Tie-holder-07-SVG,,3. Office Designs/Tie Holder/SVG/Tie-holder-07-SVG.svg,3. Office Designs/Tie Holder/PNG/Tie-holder-07-SVG.png
01376,Office Designs,Tie Holder,Tie-holder-08-SVG,,3. Office Designs/Tie Holder/SVG/Tie-holder-08-SVG.svg,3. Office Designs/Tie Holder/PNG/Tie-holder-08-SVG.png
01377,Office Designs,Tie Holder,Tie-holder-09-SVG,,3. Office Designs/Tie Holder/SVG/Tie-holder-09-SVG.svg,3. Office Designs/Tie Holder/PNG/Tie-holder-09-SVG.png
01378,Office Designs,Tie Holder,Tie-holder-10-SVG,,3. Office Designs/Tie Holder/SVG/Tie-holder-10-SVG.svg,3. Office Designs/Tie Holder/PNG/Tie-holder-10-SVG.png
01379,Quotes Designs,Award Trophy LWH,"Award-Trophy-Laser-Cut-0,125in-01",,"4. Quotes Designs/Award Trophy LWH/Award Trophy Laser Cut 0,125in/SVG/Award-Trophy-Laser-Cut-0,125in-01.svg","4. Quotes Designs/Award Trophy LWH/Award Trophy Laser Cut 0,125in/PNG/Award-Trophy-Laser-Cut-0,125in-01.png"
01380,Quotes Designs,Award Trophy LWH,"Award-Trophy-Laser-Cut-0,125in-02",,"4. Quotes Designs/Award Trophy LWH/Award Trophy Laser Cut 0,125in/SVG/Award-Trophy-Laser-Cut-0,125in-02.svg","4. Quotes Designs/Award Trophy LWH/Award Trophy Laser Cut 0,125in/PNG/Award-Trophy-Laser-Cut-0,125in-02.png"
01381,Quotes Designs,Award Trophy LWH,"Award-Trophy-Laser-Cut-0,125in-03",,"4. Quotes Designs/Award Trophy LWH/Award Trophy Laser Cut 0,125in/SVG/Award-Trophy-Laser-Cut-0,125in-03.svg","4. Quotes Designs/Award Trophy LWH/Award Trophy Laser Cut 0,125in/PNG/Award-Trophy-Laser-Cut-0,125in-03.png"
01382,Quotes Designs,Award Trophy LWH,"Award-Trophy-Laser-Cut-0,125in-04",,"4. Quotes Designs/Award Trophy LWH/Award Trophy Laser Cut 0,125in/SVG/Award-Trophy-Laser-Cut-0,125in-04.svg","4. Quotes Designs/Award Trophy LWH/Award Trophy Laser Cut 0,125in/PNG/Award-Trophy-Laser-Cut-0,125in-04.png"
01383,Quotes Designs,Award Trophy LWH,"Award-Trophy-Laser-Cut-0,125in-05",,"4. Quotes Designs/Award Trophy LWH/Award Trophy Laser Cut 0,125in/SVG/Award-Trophy-Laser-Cut-0,125in-05.svg","4. Quotes Designs/Award Trophy LWH/Award Trophy Laser Cut 0,125in/PNG/Award-Trophy-Laser-Cut-0,125in-05.png"
01384,Quotes Designs,Award Trophy LWH,"Award-Trophy-Laser-Cut-0,125in-06",,"4. Quotes Designs/Award Trophy LWH/Award Trophy Laser Cut 0,125in/SVG/Award-Trophy-Laser-Cut-0,125in-06.svg","4. Quotes Designs/Award Trophy LWH/Award Trophy Laser Cut 0,125in/PNG/Award-Trophy-Laser-Cut-0,125in-06.png"
01385,Quotes Designs,Award Trophy LWH,"Award-Trophy-Laser-Cut-0,125in-07",,"4. Quotes Designs/Award Trophy LWH/Award Trophy Laser Cut 0,125in/SVG/Award-Trophy-Laser-Cut-0,125in-07.svg","4. Quotes Designs/Award Trophy LWH/Award Trophy Laser Cut 0,125in/PNG/Award-Trophy-Laser-Cut-0,125in-07.png"
01386,Quotes Designs,Award Trophy LWH,"Award-Trophy-Laser-Cut-0,125in-08",,"4. Quotes Designs/Award Trophy LWH/Award Trophy Laser Cut 0,125in/SVG/Award-Trophy-Laser-Cut-0,125in-08.svg","4. Quotes Designs/Award Trophy LWH/Award Trophy Laser Cut 0,125in/PNG/Award-Trophy-Laser-Cut-0,125in-08.png"
01387,Quotes Designs,Award Trophy LWH,"Award-Trophy-Laser-Cut-0,125in-09",,"4. Quotes Designs/Award Trophy LWH/Award Trophy Laser Cut 0,125in/SVG/Award-Trophy-Laser-Cut-0,125in-09.svg","4. Quotes Designs/Award Trophy LWH/Award Trophy Laser Cut 0,125in/PNG/Award-Trophy-Laser-Cut-0,125in-09.png"
01388,Quotes Designs,Award Trophy LWH,"Award-Trophy-Laser-Cut-0,125in-10",,"4. Quotes Designs/Award Trophy LWH/Award Trophy Laser Cut 0,125in/SVG/Award-Trophy-Laser-Cut-0,125in-10.svg","4. Quotes Designs/Award Trophy LWH/Award Trophy Laser Cut 0,125in/PNG/Award-Trophy-Laser-Cut-0,125in-10.png"
01389,Quotes Designs,Award Trophy LWH,Award-Trophy-Laser-Cut-3mm-01,,4. Quotes Designs/Award Trophy LWH/Award Trophy Laser Cut 3mm/SVG/Award-Trophy-Laser-Cut-3mm-01.svg,4. Quotes Designs/Award Trophy LWH/Award Trophy Laser Cut 3mm/PNG/Award-Trophy-Laser-Cut-3mm-01.png
01390,Quotes Designs,Award Trophy LWH,Award-Trophy-Laser-Cut-3mm-02,,4. Quotes Designs/Award Trophy LWH/Award Trophy Laser Cut 3mm/SVG/Award-Trophy-Laser-Cut-3mm-02.svg,4. Quotes Designs/Award Trophy LWH/Award Trophy Laser Cut 3mm/PNG/Award-Trophy-Laser-Cut-3mm-02.png
01391,Quotes Designs,Award Trophy LWH,Award-Trophy-Laser-Cut-3mm-03,,4. Quotes Designs/Award Trophy LWH/Award Trophy Laser Cut 3mm/SVG/Award-Trophy-Laser-Cut-3mm-03.svg,4. Quotes Designs/Award Trophy LWH/Award Trophy Laser Cut 3mm/PNG/Award-Trophy-Laser-Cut-3mm-03.png
01392,Quotes Designs,Award Trophy LWH,Award-Trophy-Laser-Cut-3mm-04,,4. Quotes Designs/Award Trophy LWH/Award Trophy Laser Cut 3mm/SVG/Award-Trophy-Laser-Cut-3mm-04.svg,4. Quotes Designs/Award Trophy LWH/Award Trophy Laser Cut 3mm/PNG/Award-Trophy-Laser-Cut-3mm-04.png
01393,Quotes Designs,Award Trophy LWH,Award-Trophy-Laser-Cut-3mm-05,,4. Quotes Designs/Award Trophy LWH/Award Trophy Laser Cut 3mm/SVG/Award-Trophy-Laser-Cut-3mm-05.svg,4. Quotes Designs/Award Trophy LWH/Award Trophy Laser Cut 3mm/PNG/Award-Trophy-Laser-Cut-3mm-05.png
01394,Quotes Designs,Award Trophy LWH,Award-Trophy-Laser-Cut-3mm-06,,4. Quotes Designs/Award Trophy LWH/Award Trophy Laser Cut 3mm/SVG/Award-Trophy-Laser-Cut-3mm-06.svg,4. Quotes Designs/Award Trophy LWH/Award Trophy Laser Cut 3mm/PNG/Award-Trophy-Laser-Cut-3mm-06.png
01395,Quotes Designs,Award Trophy LWH,Award-Trophy-Laser-Cut-3mm-07,,4. Quotes Designs/Award Trophy LWH/Award Trophy Laser Cut 3mm/SVG/Award-Trophy-Laser-Cut-3mm-07.svg,4. Quotes Designs/Award Trophy LWH/Award Trophy Laser Cut 3mm/PNG/Award-Trophy-Laser-Cut-3mm-07.png
01396,Quotes Designs,Award Trophy LWH,Award-Trophy-Laser-Cut-3mm-08,,4. Quotes Designs/Award Trophy LWH/Award Trophy Laser Cut 3mm/SVG/Award-Trophy-Laser-Cut-3mm-08.svg,4. Quotes Designs/Award Trophy LWH/Award Trophy Laser Cut 3mm/PNG/Award-Trophy-Laser-Cut-3mm-08.png
01397,Quotes Designs,Award Trophy LWH,Award-Trophy-Laser-Cut-3mm-09,,4. Quotes Designs/Award Trophy LWH/Award Trophy Laser Cut 3mm/SVG/Award-Trophy-Laser-Cut-3mm-09.svg,4. Quotes Designs/Award Trophy LWH/Award Trophy Laser Cut 3mm/PNG/Award-Trophy-Laser-Cut-3mm-09.png
01398,Quotes Designs,Award Trophy LWH,Award-Trophy-Laser-Cut-3mm-10,,4. Quotes Designs/Award Trophy LWH/Award Trophy Laser Cut 3mm/SVG/Award-Trophy-Laser-Cut-3mm-10.svg,4. Quotes Designs/Award Trophy LWH/Award Trophy Laser Cut 3mm/PNG/Award-Trophy-Laser-Cut-3mm-10.png
01399,Quotes Designs,Cutting Board Quotes,Amandas kitchen all food chopped with love,,4. Quotes Designs/Cutting Board Quotes/Cutting Board1/SVG/Amandas kitchen all food chopped with love.svg,4. Quotes Designs/Cutting Board Quotes/Cutting Board1/PNG/Amandas kitchen all food chopped with love.png
01400,Quotes Designs,Cutting Board Quotes,In this kitchen we count memories not calories,,4. Quotes Designs/Cutting Board Quotes/Cutting Board10/SVG/In this kitchen we count memories not calories.svg,4. Quotes Designs/Cutting Board Quotes/Cutting Board10/PNG/In this kitchen we count memories not calories.png
01401,Quotes Designs,Cutting Board Quotes,Kitchen the best of times are always found when friends _ family gather around,yes,4. Quotes Designs/Cutting Board Quotes/Cutting Board11/SVG/Kitchen the best of times are always found when friends _ family gather around.svg,4. Quotes Designs/Cutting Board Quotes/Cutting Board11/PNG/Kitchen the best of times are always found when friends _ family gather around.png
01402,Quotes Designs,Cutting Board Quotes,Love served daily dad_s kitchen open 24 hours,,4. Quotes Designs/Cutting Board Quotes/Cutting Board12/SVG/Love served daily dad_s kitchen open 24 hours.svg,4. Quotes Designs/Cutting Board Quotes/Cutting Board12/PNG/Love served daily dad_s kitchen open 24 hours.png
01403,Quotes Designs,Cutting Board Quotes,Love served daily moms kitchen breakfast lunch dinner open 24 hours,,4. Quotes Designs/Cutting Board Quotes/Cutting Board13/SVG/Love served daily moms kitchen breakfast lunch dinner open 24 hours.svg,4. Quotes Designs/Cutting Board Quotes/Cutting Board13/PNG/Love served daily moms kitchen breakfast lunch dinner open 24 hours.png
01404,Quotes Designs,Cutting Board Quotes,Mimis kitchen good food served daily with a heaping spoon of love,,4. Quotes Designs/Cutting Board Quotes/Cutting Board15/SVG/Mimis kitchen good food served daily with a heaping spoon of love.svg,4. Quotes Designs/Cutting Board Quotes/Cutting Board15/PNG/Mimis kitchen good food served daily with a heaping spoon of love.png
01405,Quotes Designs,Cutting Board Quotes,Mimis kitchen where memories are made and children are spoiled,,4. Quotes Designs/Cutting Board Quotes/Cutting Board17/SVG/Mimis kitchen where memories are made and children are spoiled.svg,4. Quotes Designs/Cutting Board Quotes/Cutting Board17/PNG/Mimis kitchen where memories are made and children are spoiled.png
01406,Quotes Designs,Cutting Board Quotes,Moms kitchen,,4. Quotes Designs/Cutting Board Quotes/Cutting Board18/SVG/Moms kitchen.svg,4. Quotes Designs/Cutting Board Quotes/Cutting Board18/PNG/Moms kitchen.png
01407,Quotes Designs,Cutting Board Quotes,Nanas kitchen good food served daily with a heaping spoon of love-01,,4. Quotes Designs/Cutting Board Quotes/Cutting Board22/SVG/Nanas kitchen good food served daily with a heaping spoon of love-01.svg,4. Quotes Designs/Cutting Board Quotes/Cutting Board22/PNG/Nanas kitchen good food served daily with a heaping spoon of love-01.png
01408,Quotes Designs,Cutting Board Quotes,Oh taste and see that the lord is good psalm 34 8,,4. Quotes Designs/Cutting Board Quotes/Cutting Board23/SVG/Oh taste and see that the lord is good psalm 34 8.svg,4. Quotes Designs/Cutting Board Quotes/Cutting Board23/PNG/Oh taste and see that the lord is good psalm 34 8.png
01409,Quotes Designs,Cutting Board Quotes,Eat drink grandpa_s grill barbecue,,4. Quotes Designs/Cutting Board Quotes/Cutting Board3/SVG/Eat drink grandpa_s grill barbecue.svg,4. Quotes Designs/Cutting Board Quotes/Cutting Board3/PNG/Eat drink grandpa_s grill barbecue.png
01410,Quotes Designs,Cutting Board Quotes,Family gathers here,,4. Quotes Designs/Cutting Board Quotes/Cutting Board4/SVG/Family gathers here.svg,4. Quotes Designs/Cutting Board Quotes/Cutting Board4/PNG/Family gathers here.png
01411,Quotes Designs,Cutting Board Quotes,Give us this day our daily bread matthew 6 11,,4. Quotes Designs/Cutting Board Quotes/Cutting Board5/SVG/Give us this day our daily bread matthew 6 11.svg,4. Quotes Designs/Cutting Board Quotes/Cutting Board5/PNG/Give us this day our daily bread matthew 6 11.png
01412,Quotes Designs,Cutting Board Quotes,Grandmas kitchen where sweet things happen,,4. Quotes Designs/Cutting Board Quotes/Cutting Board9/SVG/Grandmas kitchen where sweet things happen.svg,4. Quotes Designs/Cutting Board Quotes/Cutting Board9/PNG/Grandmas kitchen where sweet things happen.png
01413,Quotes Designs,Recipe of a Best Mom,Recipe-of-a-Best-Mom-01-SVG,,4. Quotes Designs/Recipe of a Best Mom/SVG/Recipe-of-a-Best-Mom-01-SVG.svg,4. Quotes Designs/Recipe of a Best Mom/PNG/Recipe-of-a-Best-Mom-01-SVG.png
01414,Quotes Designs,Recipe of a Best Mom,Recipe-of-a-Best-Mom-02-SVG,,4. Quotes Designs/Recipe of a Best Mom/SVG/Recipe-of-a-Best-Mom-02-SVG.svg,4. Quotes Designs/Recipe of a Best Mom/PNG/Recipe-of-a-Best-Mom-02-SVG.png
01415,Quotes Designs,Recipe of a Best Mom,Recipe-of-a-Best-Mom-03-SVG,,4. Quotes Designs/Recipe of a Best Mom/SVG/Recipe-of-a-Best-Mom-03-SVG.svg,4. Quotes Designs/Recipe of a Best Mom/PNG/Recipe-of-a-Best-Mom-03-SVG.png
01416,Quotes Designs,Recipe of a Best Mom,Recipe-of-a-Best-Mom-04-SVG,,4. Quotes Designs/Recipe of a Best Mom/SVG/Recipe-of-a-Best-Mom-04-SVG.svg,4. Quotes Designs/Recipe of a Best Mom/PNG/Recipe-of-a-Best-Mom-04-SVG.png
01417,Quotes Designs,Recipe of a Best Mom,Recipe-of-a-Best-Mom-05-SVG,,4. Quotes Designs/Recipe of a Best Mom/SVG/Recipe-of-a-Best-Mom-05-SVG.svg,4. Quotes Designs/Recipe of a Best Mom/PNG/Recipe-of-a-Best-Mom-05-SVG.png
01418,Quotes Designs,Recipe of a Best Mom,Recipe-of-a-Best-Mom-06-SVG,,4. Quotes Designs/Recipe of a Best Mom/SVG/Recipe-of-a-Best-Mom-06-SVG.svg,4. Quotes Designs/Recipe of a Best Mom/PNG/Recipe-of-a-Best-Mom-06-SVG.png
01419,Quotes Designs,Recipe of a Best Mom,Recipe-of-a-Best-Mom-07-SVG,,4. Quotes Designs/Recipe of a Best Mom/SVG/Recipe-of-a-Best-Mom-07-SVG.svg,4. Quotes Designs/Recipe of a Best Mom/PNG/Recipe-of-a-Best-Mom-07-SVG.png
01420,Quotes Designs,Recipe of a Best Mom,Recipe-of-a-Best-Mom-08-SVG,,4. Quotes Designs/Recipe of a Best Mom/SVG/Recipe-of-a-Best-Mom-08-SVG.svg,4. Quotes Designs/Recipe of a Best Mom/PNG/Recipe-of-a-Best-Mom-08-SVG.png
01421,Quotes Designs,Recipe of a Best Mom,Recipe-of-a-Best-Mom-09-SVG,,4. Quotes Designs/Recipe of a Best Mom/SVG/Recipe-of-a-Best-Mom-09-SVG.svg,4. Quotes Designs/Recipe of a Best Mom/PNG/Recipe-of-a-Best-Mom-09-SVG.png
01422,Quotes Designs,Recipe of a Best Mom,Recipe-of-a-Best-Mom-10-SVG,,4. Quotes Designs/Recipe of a Best Mom/SVG/Recipe-of-a-Best-Mom-10-SVG.svg,4. Quotes Designs/Recipe of a Best Mom/PNG/Recipe-of-a-Best-Mom-10-SVG.png
01423,Gift & Keepsakes Designs,Baby Mobile LWH,Baby Mobile-01,,5. Gift & Keepsakes Designs/Baby Mobile LWH/SVG/Baby Mobile-01.svg,5. Gift & Keepsakes Designs/Baby Mobile LWH/PNG/Baby Mobile-01.png
01424,Gift & Keepsakes Designs,Baby Mobile LWH,Baby Mobile-02,,5. Gift & Keepsakes Designs/Baby Mobile LWH/SVG/Baby Mobile-02.svg,5. Gift & Keepsakes Designs/Baby Mobile LWH/PNG/Baby Mobile-02.png
01425,Gift & Keepsakes Designs,Baby Mobile LWH,Baby Mobile-03,,5. Gift & Keepsakes Designs/Baby Mobile LWH/SVG/Baby Mobile-03.svg,5. Gift & Keepsakes Designs/Baby Mobile LWH/PNG/Baby Mobile-03.png
01426,Gift & Keepsakes Designs,Baby Mobile LWH,Baby Mobile-04,,5. Gift & Keepsakes Designs/Baby Mobile LWH/SVG/Baby Mobile-04.svg,5. Gift & Keepsakes Designs/Baby Mobile LWH/PNG/Baby Mobile-04.png
01427,Gift & Keepsakes Designs,Baby Mobile LWH,Baby Mobile-05,,5. Gift & Keepsakes Designs/Baby Mobile LWH/SVG/Baby Mobile-05.svg,5. Gift & Keepsakes Designs/Baby Mobile LWH/PNG/Baby Mobile-05.png
01428,Gift & Keepsakes Designs,Baby Mobile LWH,Baby Mobile-06,,5. Gift & Keepsakes Designs/Baby Mobile LWH/SVG/Baby Mobile-06.svg,5. Gift & Keepsakes Designs/Baby Mobile LWH/PNG/Baby Mobile-06.png
01429,Gift & Keepsakes Designs,Baby Mobile LWH,Baby Mobile-07,,5. Gift & Keepsakes Designs/Baby Mobile LWH/SVG/Baby Mobile-07.svg,5. Gift & Keepsakes Designs/Baby Mobile LWH/PNG/Baby Mobile-07.png
01430,Gift & Keepsakes Designs,Baby Mobile LWH,Baby Mobile-08,,5. Gift & Keepsakes Designs/Baby Mobile LWH/SVG/Baby Mobile-08.svg,5. Gift & Keepsakes Designs/Baby Mobile LWH/PNG/Baby Mobile-08.png
01431,Gift & Keepsakes Designs,Baby Mobile LWH,Baby Mobile-09,,5. Gift & Keepsakes Designs/Baby Mobile LWH/SVG/Baby Mobile-09.svg,5. Gift & Keepsakes Designs/Baby Mobile LWH/PNG/Baby Mobile-09.png
01432,Gift & Keepsakes Designs,Baby Mobile LWH,Baby Mobile-10,,5. Gift & Keepsakes Designs/Baby Mobile LWH/SVG/Baby Mobile-10.svg,5. Gift & Keepsakes Designs/Baby Mobile LWH/PNG/Baby Mobile-10.png
01433,Gift & Keepsakes Designs,Birth Announcement,Birth-announcement-01,,5. Gift & Keepsakes Designs/Birth Announcement/SVG/Birth-announcement-01.svg,5. Gift & Keepsakes Designs/Birth Announcement/PNG/Birth-announcement-01.png
01434,Gift & Keepsakes Designs,Birth Announcement,Birth-announcement-02,,5. Gift & Keepsakes Designs/Birth Announcement/SVG/Birth-announcement-02.svg,5. Gift & Keepsakes Designs/Birth Announcement/PNG/Birth-announcement-02.png
01435,Gift & Keepsakes Designs,Birth Announcement,Birth-announcement-03,,5. Gift & Keepsakes Designs/Birth Announcement/SVG/Birth-announcement-03.svg,5. Gift & Keepsakes Designs/Birth Announcement/PNG/Birth-announcement-03.png
01436,Gift & Keepsakes Designs,Birth Announcement,Birth-announcement-04,,5. Gift & Keepsakes Designs/Birth Announcement/SVG/Birth-announcement-04.svg,5. Gift & Keepsakes Designs/Birth Announcement/PNG/Birth-announcement-04.png
01437,Gift & Keepsakes Designs,Birth Announcement,Birth-announcement-05,,5. Gift & Keepsakes Designs/Birth Announcement/SVG/Birth-announcement-05.svg,5. Gift & Keepsakes Designs/Birth Announcement/PNG/Birth-announcement-05.png
01438,Gift & Keepsakes Designs,Birth Announcement,Birth-announcement-06,,5. Gift & Keepsakes Designs/Birth Announcement/SVG/Birth-announcement-06.svg,5. Gift & Keepsakes Designs/Birth Announcement/PNG/Birth-announcement-06.png
01439,Gift & Keepsakes Designs,Birth Announcement,Birth-announcement-07,,5. Gift & Keepsakes Designs/Birth Announcement/SVG/Birth-announcement-07.svg,5. Gift & Keepsakes Designs/Birth Announcement/PNG/Birth-announcement-07.png
01440,Gift & Keepsakes Designs,Birth Announcement,Birth-announcement-08,,5. Gift & Keepsakes Designs/Birth Announcement/SVG/Birth-announcement-08.svg,5. Gift & Keepsakes Designs/Birth Announcement/PNG/Birth-announcement-08.png
01441,Gift & Keepsakes Designs,Birth Announcement,Birth-announcement-09,,5. Gift & Keepsakes Designs/Birth Announcement/SVG/Birth-announcement-09.svg,5. Gift & Keepsakes Designs/Birth Announcement/PNG/Birth-announcement-09.png
01442,Gift & Keepsakes Designs,Birth Announcement,Birth-announcement-10,,5. Gift & Keepsakes Designs/Birth Announcement/SVG/Birth-announcement-10.svg,5. Gift & Keepsakes Designs/Birth Announcement/PNG/Birth-announcement-10.png
01443,Gift & Keepsakes Designs,Door Hanger,Door Hanger Laser Cut 1-SVG,,5. Gift & Keepsakes Designs/Door Hanger/SVG/Door Hanger Laser Cut 1-SVG.svg,5. Gift & Keepsakes Designs/Door Hanger/PNG/Door Hanger Laser Cut 1-SVG.png
01444,Gift & Keepsakes Designs,Door Hanger,Door Hanger Laser Cut 10-SVG,,5. Gift & Keepsakes Designs/Door Hanger/SVG/Door Hanger Laser Cut 10-SVG.svg,5. Gift & Keepsakes Designs/Door Hanger/PNG/Door Hanger Laser Cut 10-SVG.png
01445,Gift & Keepsakes Designs,Door Hanger,Door Hanger Laser Cut 2-SVG,,5. Gift & Keepsakes Designs/Door Hanger/SVG/Door Hanger Laser Cut 2-SVG.svg,5. Gift & Keepsakes Designs/Door Hanger/PNG/Door Hanger Laser Cut 2-SVG.png
01446,Gift & Keepsakes Designs,Door Hanger,Door Hanger Laser Cut 3-SVG,,5. Gift & Keepsakes Designs/Door Hanger/SVG/Door Hanger Laser Cut 3-SVG.svg,5. Gift & Keepsakes Designs/Door Hanger/PNG/Door Hanger Laser Cut 3-SVG.png
01447,Gift & Keepsakes Designs,Door Hanger,Door Hanger Laser Cut 4-SVG,,5. Gift & Keepsakes Designs/Door Hanger/SVG/Door Hanger Laser Cut 4-SVG.svg,5. Gift & Keepsakes Designs/Door Hanger/PNG/Door Hanger Laser Cut 4-SVG.png
01448,Gift & Keepsakes Designs,Door Hanger,Door Hanger Laser Cut 5-SVG,,5. Gift & Keepsakes Designs/Door Hanger/SVG/Door Hanger Laser Cut 5-SVG.svg,5. Gift & Keepsakes Designs/Door Hanger/PNG/Door Hanger Laser Cut 5-SVG.png
01449,Gift & Keepsakes Designs,Door Hanger,Door Hanger Laser Cut 6-SVG,,5. Gift & Keepsakes Designs/Door Hanger/SVG/Door Hanger Laser Cut 6-SVG.svg,5. Gift & Keepsakes Designs/Door Hanger/PNG/Door Hanger Laser Cut 6-SVG.png
01450,Gift & Keepsakes Designs,Door Hanger,Door Hanger Laser Cut 7-SVG,,5. Gift & Keepsakes Designs/Door Hanger/SVG/Door Hanger Laser Cut 7-SVG.svg,5. Gift & Keepsakes Designs/Door Hanger/PNG/Door Hanger Laser Cut 7-SVG.png
01451,Gift & Keepsakes Designs,Door Hanger,Door Hanger Laser Cut 8-SVG,,5. Gift & Keepsakes Designs/Door Hanger/SVG/Door Hanger Laser Cut 8-SVG.svg,5. Gift & Keepsakes Designs/Door Hanger/PNG/Door Hanger Laser Cut 8-SVG.png
01452,Gift & Keepsakes Designs,Door Hanger,Door Hanger Laser Cut 9-SVG,,5. Gift & Keepsakes Designs/Door Hanger/SVG/Door Hanger Laser Cut 9-SVG.svg,5. Gift & Keepsakes Designs/Door Hanger/PNG/Door Hanger Laser Cut 9-SVG.png
01453,Gift & Keepsakes Designs,Family Birthday,Family-Birthday-01-SVG,,5. Gift & Keepsakes Designs/Family Birthday/SVG/Family-Birthday-01-SVG.svg,5. Gift & Keepsakes Designs/Family Birthday/PNG/Family-Birthday-01-SVG.png
01454,Gift & Keepsakes Designs,Family Birthday,Family-Birthday-02-SVG,,5. Gift & Keepsakes Designs/Family Birthday/SVG/Family-Birthday-02-SVG.svg,5. Gift & Keepsakes Designs/Family Birthday/PNG/Family-Birthday-02-SVG.png
01455,Gift & Keepsakes Designs,Family Birthday,Family-Birthday-03-SVG,,5. Gift & Keepsakes Designs/Family Birthday/SVG/Family-Birthday-03-SVG.svg,5. Gift & Keepsakes Designs/Family Birthday/PNG/Family-Birthday-03-SVG.png
01456,Gift & Keepsakes Designs,Family Birthday,Family-Birthday-04-SVG,,5. Gift & Keepsakes Designs/Family Birthday/SVG/Family-Birthday-04-SVG.svg,5. Gift & Keepsakes Designs/Family Birthday/PNG/Family-Birthday-04-SVG.png
01457,Gift & Keepsakes Designs,Family Birthday,Family-Birthday-05-SVG,,5. Gift & Keepsakes Designs/Family Birthday/SVG/Family-Birthday-05-SVG.svg,5. Gift & Keepsakes Designs/Family Birthday/PNG/Family-Birthday-05-SVG.png
01458,Gift & Keepsakes Designs,Fathers Day Signs LWH,Father_s-Day-Signs-Laser-Cut-01,,5. Gift & Keepsakes Designs/Fathers Day Signs LWH/SVG/Father_s-Day-Signs-Laser-Cut-01.svg,5. Gift & Keepsakes Designs/Fathers Day Signs LWH/PNG/Father_s-Day-Signs-Laser-Cut-01.png
01459,Gift & Keepsakes Designs,Fathers Day Signs LWH,Father_s-Day-Signs-Laser-Cut-02,,5. Gift & Keepsakes Designs/Fathers Day Signs LWH/SVG/Father_s-Day-Signs-Laser-Cut-02.svg,5. Gift & Keepsakes Designs/Fathers Day Signs LWH/PNG/Father_s-Day-Signs-Laser-Cut-02.png
01460,Gift & Keepsakes Designs,Fathers Day Signs LWH,Father_s-Day-Signs-Laser-Cut-03,,5. Gift & Keepsakes Designs/Fathers Day Signs LWH/SVG/Father_s-Day-Signs-Laser-Cut-03.svg,5. Gift & Keepsakes Designs/Fathers Day Signs LWH/PNG/Father_s-Day-Signs-Laser-Cut-03.png
01461,Gift & Keepsakes Designs,Fathers Day Signs LWH,Father_s-Day-Signs-Laser-Cut-04,,5. Gift & Keepsakes Designs/Fathers Day Signs LWH/SVG/Father_s-Day-Signs-Laser-Cut-04.svg,5. Gift & Keepsakes Designs/Fathers Day Signs LWH/PNG/Father_s-Day-Signs-Laser-Cut-04.png
01462,Gift & Keepsakes Designs,Fathers Day Signs LWH,Father_s-Day-Signs-Laser-Cut-05,,5. Gift & Keepsakes Designs/Fathers Day Signs LWH/SVG/Father_s-Day-Signs-Laser-Cut-05.svg,5. Gift & Keepsakes Designs/Fathers Day Signs LWH/PNG/Father_s-Day-Signs-Laser-Cut-05.png
01463,Gift & Keepsakes Designs,Flowers Holder For Grandmother,Flowers holder for Grandmother 3.175mm-01,,5. Gift & Keepsakes Designs/Flowers Holder For Grandmother/SVG/Flowers holder for Grandmother 3.175mm-01.svg,5. Gift & Keepsakes Designs/Flowers Holder For Grandmother/PNG/Flowers holder for Grandmother 3.175mm-01.png
01464,Gift & Keepsakes Designs,Flowers Holder For Grandmother,Flowers holder for Grandmother 3.175mm-02,,5. Gift & Keepsakes Designs/Flowers Holder For Grandmother/SVG/Flowers holder for Grandmother 3.175mm-02.svg,5. Gift & Keepsakes Designs/Flowers Holder For Grandmother/PNG/Flowers holder for Grandmother 3.175mm-02.png
01465,Gift & Keepsakes Designs,Flowers Holder For Grandmother,Flowers holder for Grandmother 3.175mm-03,,5. Gift & Keepsakes Designs/Flowers Holder For Grandmother/SVG/Flowers holder for Grandmother 3.175mm-03.svg,5. Gift & Keepsakes Designs/Flowers Holder For Grandmother/PNG/Flowers holder for Grandmother 3.175mm-03.png
01466,Gift & Keepsakes Designs,Flowers Holder For Grandmother,Flowers holder for Grandmother 3.175mm-04,,5. Gift & Keepsakes Designs/Flowers Holder For Grandmother/SVG/Flowers holder for Grandmother 3.175mm-04.svg,5. Gift & Keepsakes Designs/Flowers Holder For Grandmother/PNG/Flowers holder for Grandmother 3.175mm-04.png
01467,Gift & Keepsakes Designs,Flowers Holder For Grandmother,Flowers holder for Grandmother 3.175mm-05,,5. Gift & Keepsakes Designs/Flowers Holder For Grandmother/SVG/Flowers holder for Grandmother 3.175mm-05.svg,5. Gift & Keepsakes Designs/Flowers Holder For Grandmother/PNG/Flowers holder for Grandmother 3.175mm-05.png
01468,Gift & Keepsakes Designs,Flowers Holder For Grandmother,Flowers holder for Grandmother 3mm-01,,5. Gift & Keepsakes Designs/Flowers Holder For Grandmother/SVG/Flowers holder for Grandmother 3mm-01.svg,5. Gift & Keepsakes Designs/Flowers Holder For Grandmother/PNG/Flowers holder for Grandmother 3mm-01.png
01469,Gift & Keepsakes Designs,Flowers Holder For Grandmother,Flowers holder for Grandmother 3mm-02,,5. Gift & Keepsakes Designs/Flowers Holder For Grandmother/SVG/Flowers holder for Grandmother 3mm-02.svg,5. Gift & Keepsakes Designs/Flowers Holder For Grandmother/PNG/Flowers holder for Grandmother 3mm-02.png
01470,Gift & Keepsakes Designs,Flowers Holder For Grandmother,Flowers holder for Grandmother 3mm-03,,5. Gift & Keepsakes Designs/Flowers Holder For Grandmother/SVG/Flowers holder for Grandmother 3mm-03.svg,5. Gift & Keepsakes Designs/Flowers Holder For Grandmother/PNG/Flowers holder for Grandmother 3mm-03.png
01471,Gift & Keepsakes Designs,Flowers Holder For Grandmother,Flowers holder for Grandmother 3mm-04,,5. Gift & Keepsakes Designs/Flowers Holder For Grandmother/SVG/Flowers holder for Grandmother 3mm-04.svg,5. Gift & Keepsakes Designs/Flowers Holder For Grandmother/PNG/Flowers holder for Grandmother 3mm-04.png
01472,Gift & Keepsakes Designs,Flowers Holder For Grandmother,Flowers holder for Grandmother 3mm-05,,5. Gift & Keepsakes Designs/Flowers Holder For Grandmother/SVG/Flowers holder for Grandmother 3mm-05.svg,5. Gift & Keepsakes Designs/Flowers Holder For Grandmother/PNG/Flowers holder for Grandmother 3mm-05.png
01473,Gift & Keepsakes Designs,Flowers Holder For Teacher,Flowers holder For Teacher 3.175mm-01,,5. Gift & Keepsakes Designs/Flowers Holder For Teacher/SVG/Flowers holder For Teacher 3.175mm-01.svg,5. Gift & Keepsakes Designs/Flowers Holder For Teacher/PNG/Flowers holder For Teacher 3.175mm-01.png
01474,Gift & Keepsakes Designs,Flowers Holder For Teacher,Flowers holder For Teacher 3.175mm-02,,5. Gift & Keepsakes Designs/Flowers Holder For Teacher/SVG/Flowers holder For Teacher 3.175mm-02.svg,5. Gift & Keepsakes Designs/Flowers Holder For Teacher/PNG/Flowers holder For Teacher 3.175mm-02.png
01475,Gift & Keepsakes Designs,Flowers Holder For Teacher,Flowers holder For Teacher 3.175mm-03,,5. Gift & Keepsakes Designs/Flowers Holder For Teacher/SVG/Flowers holder For Teacher 3.175mm-03.svg,5. Gift & Keepsakes Designs/Flowers Holder For Teacher/PNG/Flowers holder For Teacher 3.175mm-03.png
01476,Gift & Keepsakes Designs,Flowers Holder For Teacher,Flowers holder For Teacher 3.175mm-04,,5. Gift & Keepsakes Designs/Flowers Holder For Teacher/SVG/Flowers holder For Teacher 3.175mm-04.svg,5. Gift & Keepsakes Designs/Flowers Holder For Teacher/PNG/Flowers holder For Teacher 3.175mm-04.png
01477,Gift & Keepsakes Designs,Flowers Holder For Teacher,Flowers holder For Teacher 3.175mm-05,,5. Gift & Keepsakes Designs/Flowers Holder For Teacher/SVG/Flowers holder For Teacher 3.175mm-05.svg,5. Gift & Keepsakes Designs/Flowers Holder For Teacher/PNG/Flowers holder For Teacher 3.175mm-05.png
01478,Gift & Keepsakes Designs,Flowers Holder For Teacher,Flowers holder For Teacher 3mm-01,,5. Gift & Keepsakes Designs/Flowers Holder For Teacher/SVG/Flowers holder For Teacher 3mm-01.svg,5. Gift & Keepsakes Designs/Flowers Holder For Teacher/PNG/Flowers holder For Teacher 3mm-01.png
01479,Gift & Keepsakes Designs,Flowers Holder For Teacher,Flowers holder For Teacher 3mm-02,,5. Gift & Keepsakes Designs/Flowers Holder For Teacher/SVG/Flowers holder For Teacher 3mm-02.svg,5. Gift & Keepsakes Designs/Flowers Holder For Teacher/PNG/Flowers holder For Teacher 3mm-02.png
01480,Gift & Keepsakes Designs,Flowers Holder For Teacher,Flowers holder For Teacher 3mm-03,,5. Gift & Keepsakes Designs/Flowers Holder For Teacher/SVG/Flowers holder For Teacher 3mm-03.svg,5. Gift & Keepsakes Designs/Flowers Holder For Teacher/PNG/Flowers holder For Teacher 3mm-03.png
01481,Gift & Keepsakes Designs,Flowers Holder For Teacher,Flowers holder For Teacher 3mm-04,,5. Gift & Keepsakes Designs/Flowers Holder For Teacher/SVG/Flowers holder For Teacher 3mm-04.svg,5. Gift & Keepsakes Designs/Flowers Holder For Teacher/PNG/Flowers holder For Teacher 3mm-04.png
01482,Gift & Keepsakes Designs,Flowers Holder For Teacher,Flowers holder For Teacher 3mm-05,,5. Gift & Keepsakes Designs/Flowers Holder For Teacher/SVG/Flowers holder For Teacher 3mm-05.svg,5. Gift & Keepsakes Designs/Flowers Holder For Teacher/PNG/Flowers holder For Teacher 3mm-05.png
01483,Gift & Keepsakes Designs,Flowers holder Mother_s Day,Flowers holder Mother_s Day 3.175mm-01,,5. Gift & Keepsakes Designs/Flowers holder Mother_s Day/SVG/Flowers holder Mother_s Day 3.175mm-01.svg,5. Gift & Keepsakes Designs/Flowers holder Mother_s Day/PNG/Flowers holder Mother_s Day 3.175mm-01.png
01484,Gift & Keepsakes Designs,Flowers holder Mother_s Day,Flowers holder Mother_s Day 3.175mm-02,,5. Gift & Keepsakes Designs/Flowers holder Mother_s Day/SVG/Flowers holder Mother_s Day 3.175mm-02.svg,5. Gift & Keepsakes Designs/Flowers holder Mother_s Day/PNG/Flowers holder Mother_s Day 3.175mm-02.png
01485,Gift & Keepsakes Designs,Flowers holder Mother_s Day,Flowers holder Mother_s Day 3.175mm-03,,5. Gift & Keepsakes Designs/Flowers holder Mother_s Day/SVG/Flowers holder Mother_s Day 3.175mm-03.svg,5. Gift & Keepsakes Designs/Flowers holder Mother_s Day/PNG/Flowers holder Mother_s Day 3.175mm-03.png
01486,Gift & Keepsakes Designs,Flowers holder Mother_s Day,Flowers holder Mother_s Day 3.175mm-04,,5. Gift & Keepsakes Designs/Flowers holder Mother_s Day/SVG/Flowers holder Mother_s Day 3.175mm-04.svg,5. Gift & Keepsakes Designs/Flowers holder Mother_s Day/PNG/Flowers holder Mother_s Day 3.175mm-04.png
01487,Gift & Keepsakes Designs,Flowers holder Mother_s Day,Flowers holder Mother_s Day 3.175mm-05,,5. Gift & Keepsakes Designs/Flowers holder Mother_s Day/SVG/Flowers holder Mother_s Day 3.175mm-05.svg,5. Gift & Keepsakes Designs/Flowers holder Mother_s Day/PNG/Flowers holder Mother_s Day 3.175mm-05.png
01488,Gift & Keepsakes Designs,Flowers holder Mother_s Day,Flowers holder Mother_s Day 3mm-01,,5. Gift & Keepsakes Designs/Flowers holder Mother_s Day/SVG/Flowers holder Mother_s Day 3mm-01.svg,5. Gift & Keepsakes Designs/Flowers holder Mother_s Day/PNG/Flowers holder Mother_s Day 3mm-01.png
01489,Gift & Keepsakes Designs,Flowers holder Mother_s Day,Flowers holder Mother_s Day 3mm-02,,5. Gift & Keepsakes Designs/Flowers holder Mother_s Day/SVG/Flowers holder Mother_s Day 3mm-02.svg,5. Gift & Keepsakes Designs/Flowers holder Mother_s Day/PNG/Flowers holder Mother_s Day 3mm-02.png
01490,Gift & Keepsakes Designs,Flowers holder Mother_s Day,Flowers holder Mother_s Day 3mm-03,,5. Gift & Keepsakes Designs/Flowers holder Mother_s Day/SVG/Flowers holder Mother_s Day 3mm-03.svg,5. Gift & Keepsakes Designs/Flowers holder Mother_s Day/PNG/Flowers holder Mother_s Day 3mm-03.png
01491,Gift & Keepsakes Designs,Flowers holder Mother_s Day,Flowers holder Mother_s Day 3mm-04,,5. Gift & Keepsakes Designs/Flowers holder Mother_s Day/SVG/Flowers holder Mother_s Day 3mm-04.svg,5. Gift & Keepsakes Designs/Flowers holder Mother_s Day/PNG/Flowers holder Mother_s Day 3mm-04.png
01492,Gift & Keepsakes Designs,Flowers holder Mother_s Day,Flowers holder Mother_s Day 3mm-05,,5. Gift & Keepsakes Designs/Flowers holder Mother_s Day/SVG/Flowers holder Mother_s Day 3mm-05.svg,5. Gift & Keepsakes Designs/Flowers holder Mother_s Day/PNG/Flowers holder Mother_s Day 3mm-05.png
01493,Gift & Keepsakes Designs,Gift Card Holder,Gift-Card-Holder-01-SVG,,5. Gift & Keepsakes Designs/Gift Card Holder/SVG/Gift-Card-Holder-01-SVG.svg,5. Gift & Keepsakes Designs/Gift Card Holder/PNG/Gift-Card-Holder-01-SVG.png
01494,Gift & Keepsakes Designs,Gift Card Holder,Gift-Card-Holder-02-SVG,,5. Gift & Keepsakes Designs/Gift Card Holder/SVG/Gift-Card-Holder-02-SVG.svg,5. Gift & Keepsakes Designs/Gift Card Holder/PNG/Gift-Card-Holder-02-SVG.png
01495,Gift & Keepsakes Designs,Gift Card Holder,Gift-Card-Holder-03-SVG,,5. Gift & Keepsakes Designs/Gift Card Holder/SVG/Gift-Card-Holder-03-SVG.svg,5. Gift & Keepsakes Designs/Gift Card Holder/PNG/Gift-Card-Holder-03-SVG.png
01496,Gift & Keepsakes Designs,Gift Card Holder,Gift-Card-Holder-04-SVG,,5. Gift & Keepsakes Designs/Gift Card Holder/SVG/Gift-Card-Holder-04-SVG.svg,5. Gift & Keepsakes Designs/Gift Card Holder/PNG/Gift-Card-Holder-04-SVG.png
01497,Gift & Keepsakes Designs,Gift Card Holder,Gift-Card-Holder-05-SVG,,5. Gift & Keepsakes Designs/Gift Card Holder/SVG/Gift-Card-Holder-05-SVG.svg,5. Gift & Keepsakes Designs/Gift Card Holder/PNG/Gift-Card-Holder-05-SVG.png
01498,Gift & Keepsakes Designs,Love Photo Frame,"Love Photo Frame Laser Cut 3,175mm-01",,"5. Gift & Keepsakes Designs/Love Photo Frame/SVG/Love Photo Frame Laser Cut 3,175mm-01.svg","5. Gift & Keepsakes Designs/Love Photo Frame/PNG/Love Photo Frame Laser Cut 3,175mm-01.png"
01499,Gift & Keepsakes Designs,Love Photo Frame,"Love Photo Frame Laser Cut 3,175mm-02",,"5. Gift & Keepsakes Designs/Love Photo Frame/SVG/Love Photo Frame Laser Cut 3,175mm-02.svg","5. Gift & Keepsakes Designs/Love Photo Frame/PNG/Love Photo Frame Laser Cut 3,175mm-02.png"
01500,Gift & Keepsakes Designs,Love Photo Frame,"Love Photo Frame Laser Cut 3,175mm-03",,"5. Gift & Keepsakes Designs/Love Photo Frame/SVG/Love Photo Frame Laser Cut 3,175mm-03.svg","5. Gift & Keepsakes Designs/Love Photo Frame/PNG/Love Photo Frame Laser Cut 3,175mm-03.png"
01501,Gift & Keepsakes Designs,Love Photo Frame,"Love Photo Frame Laser Cut 3,175mm-04",,"5. Gift & Keepsakes Designs/Love Photo Frame/SVG/Love Photo Frame Laser Cut 3,175mm-04.svg","5. Gift & Keepsakes Designs/Love Photo Frame/PNG/Love Photo Frame Laser Cut 3,175mm-04.png"
01502,Gift & Keepsakes Designs,Love Photo Frame,"Love Photo Frame Laser Cut 3,175mm-05",,"5. Gift & Keepsakes Designs/Love Photo Frame/SVG/Love Photo Frame Laser Cut 3,175mm-05.svg","5. Gift & Keepsakes Designs/Love Photo Frame/PNG/Love Photo Frame Laser Cut 3,175mm-05.png"
01503,Gift & Keepsakes Designs,Love Photo Frame,"Love Photo Frame Laser Cut 3,175mm-06",,"5. Gift & Keepsakes Designs/Love Photo Frame/SVG/Love Photo Frame Laser Cut 3,175mm-06.svg","5. Gift & Keepsakes Designs/Love Photo Frame/PNG/Love Photo Frame Laser Cut 3,175mm-06.png"
01504,Gift & Keepsakes Designs,Love Photo Frame,"Love Photo Frame Laser Cut 3,175mm-07",,"5. Gift & Keepsakes Designs/Love Photo Frame/SVG/Love Photo Frame Laser Cut 3,175mm-07.svg","5. Gift & Keepsakes Designs/Love Photo Frame/PNG/Love Photo Frame Laser Cut 3,175mm-07.png"
01505,Gift & Keepsakes Designs,Love Photo Frame,"Love Photo Frame Laser Cut 3,175mm-08",,"5. Gift & Keepsakes Designs/Love Photo Frame/SVG/Love Photo Frame Laser Cut 3,175mm-08.svg","5. Gift & Keepsakes Designs/Love Photo Frame/PNG/Love Photo Frame Laser Cut 3,175mm-08.png"
01506,Gift & Keepsakes Designs,Love Photo Frame,"Love Photo Frame Laser Cut 3,175mm-09",,"5. Gift & Keepsakes Designs/Love Photo Frame/SVG/Love Photo Frame Laser Cut 3,175mm-09.svg","5. Gift & Keepsakes Designs/Love Photo Frame/PNG/Love Photo Frame Laser Cut 3,175mm-09.png"
01507,Gift & Keepsakes Designs,Love Photo Frame,"Love Photo Frame Laser Cut 3,175mm-10",,"5. Gift & Keepsakes Designs/Love Photo Frame/SVG/Love Photo Frame Laser Cut 3,175mm-10.svg","5. Gift & Keepsakes Designs/Love Photo Frame/PNG/Love Photo Frame Laser Cut 3,175mm-10.png"
01508,Gift & Keepsakes Designs,Love Photo Frame,Love Photo Frame Laser Cut 3mm-01,,5. Gift & Keepsakes Designs/Love Photo Frame/SVG/Love Photo Frame Laser Cut 3mm-01.svg,5. Gift & Keepsakes Designs/Love Photo Frame/PNG/Love Photo Frame Laser Cut 3mm-01.png
01509,Gift & Keepsakes Designs,Love Photo Frame,Love Photo Frame Laser Cut 3mm-02,,5. Gift & Keepsakes Designs/Love Photo Frame/SVG/Love Photo Frame Laser Cut 3mm-02.svg,5. Gift & Keepsakes Designs/Love Photo Frame/PNG/Love Photo Frame Laser Cut 3mm-02.png
01510,Gift & Keepsakes Designs,Love Photo Frame,Love Photo Frame Laser Cut 3mm-03,,5. Gift & Keepsakes Designs/Love Photo Frame/SVG/Love Photo Frame Laser Cut 3mm-03.svg,5. Gift & Keepsakes Designs/Love Photo Frame/PNG/Love Photo Frame Laser Cut 3mm-03.png
01511,Gift & Keepsakes Designs,Love Photo Frame,Love Photo Frame Laser Cut 3mm-04,,5. Gift & Keepsakes Designs/Love Photo Frame/SVG/Love Photo Frame Laser Cut 3mm-04.svg,5. Gift & Keepsakes Designs/Love Photo Frame/PNG/Love Photo Frame Laser Cut 3mm-04.png
01512,Gift & Keepsakes Designs,Love Photo Frame,Love Photo Frame Laser Cut 3mm-05,,5. Gift & Keepsakes Designs/Love Photo Frame/SVG/Love Photo Frame Laser Cut 3mm-05.svg,5. Gift & Keepsakes Designs/Love Photo Frame/PNG/Love Photo Frame Laser Cut 3mm-05.png
01513,Gift & Keepsakes Designs,Love Photo Frame,Love Photo Frame Laser Cut 3mm-06,,5. Gift & Keepsakes Designs/Love Photo Frame/SVG/Love Photo Frame Laser Cut 3mm-06.svg,5. Gift & Keepsakes Designs/Love Photo Frame/PNG/Love Photo Frame Laser Cut 3mm-06.png
01514,Gift & Keepsakes Designs,Love Photo Frame,Love Photo Frame Laser Cut 3mm-07,,5. Gift & Keepsakes Designs/Love Photo Frame/SVG/Love Photo Frame Laser Cut 3mm-07.svg,5. Gift & Keepsakes Designs/Love Photo Frame/PNG/Love Photo Frame Laser Cut 3mm-07.png
01515,Gift & Keepsakes Designs,Love Photo Frame,Love Photo Frame Laser Cut 3mm-08,,5. Gift & Keepsakes Designs/Love Photo Frame/SVG/Love Photo Frame Laser Cut 3mm-08.svg,5. Gift & Keepsakes Designs/Love Photo Frame/PNG/Love Photo Frame Laser Cut 3mm-08.png
01516,Gift & Keepsakes Designs,Love Photo Frame,Love Photo Frame Laser Cut 3mm-09,,5. Gift & Keepsakes Designs/Love Photo Frame/SVG/Love Photo Frame Laser Cut 3mm-09.svg,5. Gift & Keepsakes Designs/Love Photo Frame/PNG/Love Photo Frame Laser Cut 3mm-09.png
01517,Gift & Keepsakes Designs,Love Photo Frame,Love Photo Frame Laser Cut 3mm-10,,5. Gift & Keepsakes Designs/Love Photo Frame/SVG/Love Photo Frame Laser Cut 3mm-10.svg,5. Gift & Keepsakes Designs/Love Photo Frame/PNG/Love Photo Frame Laser Cut 3mm-10.png
01518,Gift & Keepsakes Designs,Medal,Medal Laser Cut-01,,5. Gift & Keepsakes Designs/Medal/SVG/Medal Laser Cut-01.svg,5. Gift & Keepsakes Designs/Medal/PNG/Medal Laser Cut-01.png
01519,Gift & Keepsakes Designs,Medal,Medal Laser Cut-02,,5. Gift & Keepsakes Designs/Medal/SVG/Medal Laser Cut-02.svg,5. Gift & Keepsakes Designs/Medal/PNG/Medal Laser Cut-02.png
01520,Gift & Keepsakes Designs,Medal,Medal Laser Cut-03,,5. Gift & Keepsakes Designs/Medal/SVG/Medal Laser Cut-03.svg,5. Gift & Keepsakes Designs/Medal/PNG/Medal Laser Cut-03.png
01521,Gift & Keepsakes Designs,Medal,Medal Laser Cut-04,,5. Gift & Keepsakes Designs/Medal/SVG/Medal Laser Cut-04.svg,5. Gift & Keepsakes Designs/Medal/PNG/Medal Laser Cut-04.png
01522,Gift & Keepsakes Designs,Medal,Medal Laser Cut-05,,5. Gift & Keepsakes Designs/Medal/SVG/Medal Laser Cut-05.svg,5. Gift & Keepsakes Designs/Medal/PNG/Medal Laser Cut-05.png
01523,Gift & Keepsakes Designs,Medal,Medal Laser Cut-06,,5. Gift & Keepsakes Designs/Medal/SVG/Medal Laser Cut-06.svg,5. Gift & Keepsakes Designs/Medal/PNG/Medal Laser Cut-06.png
01524,Gift & Keepsakes Designs,Medal,Medal Laser Cut-07,,5. Gift & Keepsakes Designs/Medal/SVG/Medal Laser Cut-07.svg,5. Gift & Keepsakes Designs/Medal/PNG/Medal Laser Cut-07.png
01525,Gift & Keepsakes Designs,Medal,Medal Laser Cut-08,,5. Gift & Keepsakes Designs/Medal/SVG/Medal Laser Cut-08.svg,5. Gift & Keepsakes Designs/Medal/PNG/Medal Laser Cut-08.png
01526,Gift & Keepsakes Designs,Medal,Medal Laser Cut-09,,5. Gift & Keepsakes Designs/Medal/SVG/Medal Laser Cut-09.svg,5. Gift & Keepsakes Designs/Medal/PNG/Medal Laser Cut-09.png
01527,Gift & Keepsakes Designs,Medal,Medal Laser Cut-10,,5. Gift & Keepsakes Designs/Medal/SVG/Medal Laser Cut-10.svg,5. Gift & Keepsakes Designs/Medal/PNG/Medal Laser Cut-10.png
01528,Gift & Keepsakes Designs,Medal,Medal Laser Cut-11,,5. Gift & Keepsakes Designs/Medal/SVG/Medal Laser Cut-11.svg,5. Gift & Keepsakes Designs/Medal/PNG/Medal Laser Cut-11.png
01529,Gift & Keepsakes Designs,Medal,Medal Laser Cut-12,,5. Gift & Keepsakes Designs/Medal/SVG/Medal Laser Cut-12.svg,5. Gift & Keepsakes Designs/Medal/PNG/Medal Laser Cut-12.png
01530,Gift & Keepsakes Designs,Medal,Medal Laser Cut-13,,5. Gift & Keepsakes Designs/Medal/SVG/Medal Laser Cut-13.svg,5. Gift & Keepsakes Designs/Medal/PNG/Medal Laser Cut-13.png
01531,Gift & Keepsakes Designs,Medal,Medal Laser Cut-14,,5. Gift & Keepsakes Designs/Medal/SVG/Medal Laser Cut-14.svg,5. Gift & Keepsakes Designs/Medal/PNG/Medal Laser Cut-14.png
01532,Gift & Keepsakes Designs,Medal,Medal Laser Cut-15,,5. Gift & Keepsakes Designs/Medal/SVG/Medal Laser Cut-15.svg,5. Gift & Keepsakes Designs/Medal/PNG/Medal Laser Cut-15.png
01533,Gift & Keepsakes Designs,Medal,Medal Laser Cut-16,,5. Gift & Keepsakes Designs/Medal/SVG/Medal Laser Cut-16.svg,5. Gift & Keepsakes Designs/Medal/PNG/Medal Laser Cut-16.png
01534,Gift & Keepsakes Designs,Medal,Medal Laser Cut-17,,5. Gift & Keepsakes Designs/Medal/SVG/Medal Laser Cut-17.svg,5. Gift & Keepsakes Designs/Medal/PNG/Medal Laser Cut-17.png
01535,Gift & Keepsakes Designs,Medal,Medal Laser Cut-18,,5. Gift & Keepsakes Designs/Medal/SVG/Medal Laser Cut-18.svg,5. Gift & Keepsakes Designs/Medal/PNG/Medal Laser Cut-18.png
01536,Gift & Keepsakes Designs,Medal,Medal Laser Cut-19,,5. Gift & Keepsakes Designs/Medal/SVG/Medal Laser Cut-19.svg,5. Gift & Keepsakes Designs/Medal/PNG/Medal Laser Cut-19.png
01537,Gift & Keepsakes Designs,Medal,Medal Laser Cut-20,,5. Gift & Keepsakes Designs/Medal/SVG/Medal Laser Cut-20.svg,5. Gift & Keepsakes Designs/Medal/PNG/Medal Laser Cut-20.png
01538,Gift & Keepsakes Designs,Milestone,Milestone-01,,5. Gift & Keepsakes Designs/Milestone/SVG/Milestone-01.svg,5. Gift & Keepsakes Designs/Milestone/PNG/Milestone-01.png
01539,Gift & Keepsakes Designs,Milestone,Milestone-02,,5. Gift & Keepsakes Designs/Milestone/SVG/Milestone-02.svg,5. Gift & Keepsakes Designs/Milestone/PNG/Milestone-02.png
01540,Gift & Keepsakes Designs,Milestone,Milestone-03,,5. Gift & Keepsakes Designs/Milestone/SVG/Milestone-03.svg,5. Gift & Keepsakes Designs/Milestone/PNG/Milestone-03.png
01541,Gift & Keepsakes Designs,Milestone,Milestone-04,,5. Gift & Keepsakes Designs/Milestone/SVG/Milestone-04.svg,5. Gift & Keepsakes Designs/Milestone/PNG/Milestone-04.png
01542,Gift & Keepsakes Designs,Milestone,Milestone-05,,5. Gift & Keepsakes Designs/Milestone/SVG/Milestone-05.svg,5. Gift & Keepsakes Designs/Milestone/PNG/Milestone-05.png
01543,Gift & Keepsakes Designs,Milestone,Milestone-06,,5. Gift & Keepsakes Designs/Milestone/SVG/Milestone-06.svg,5. Gift & Keepsakes Designs/Milestone/PNG/Milestone-06.png
01544,Gift & Keepsakes Designs,Milestone,Milestone-07,,5. Gift & Keepsakes Designs/Milestone/SVG/Milestone-07.svg,5. Gift & Keepsakes Designs/Milestone/PNG/Milestone-07.png
01545,Gift & Keepsakes Designs,Milestone,Milestone-08,,5. Gift & Keepsakes Designs/Milestone/SVG/Milestone-08.svg,5. Gift & Keepsakes Designs/Milestone/PNG/Milestone-08.png
01546,Gift & Keepsakes Designs,Milestone,Milestone-09,,5. Gift & Keepsakes Designs/Milestone/SVG/Milestone-09.svg,5. Gift & Keepsakes Designs/Milestone/PNG/Milestone-09.png
01547,Gift & Keepsakes Designs,Milestone,Milestone-10,,5. Gift & Keepsakes Designs/Milestone/SVG/Milestone-10.svg,5. Gift & Keepsakes Designs/Milestone/PNG/Milestone-10.png
01548,Gift & Keepsakes Designs,Milestone,Milestone-11,,5. Gift & Keepsakes Designs/Milestone/SVG/Milestone-11.svg,5. Gift & Keepsakes Designs/Milestone/PNG/Milestone-11.png
01549,Gift & Keepsakes Designs,Milestone,Milestone-12,,5. Gift & Keepsakes Designs/Milestone/SVG/Milestone-12.svg,5. Gift & Keepsakes Designs/Milestone/PNG/Milestone-12.png
01550,Gift & Keepsakes Designs,Milestone,Milestone-Name,,5. Gift & Keepsakes Designs/Milestone/SVG/Milestone-Name.svg,5. Gift & Keepsakes Designs/Milestone/PNG/Milestone-Name.png
01551,Gift & Keepsakes Designs,Money Holder,Money-Holder-01-SVG,,5. Gift & Keepsakes Designs/Money Holder/SVG/Money-Holder-01-SVG.svg,5. Gift & Keepsakes Designs/Money Holder/PNG/Money-Holder-01-SVG.png
01552,Gift & Keepsakes Designs,Money Holder,Money-Holder-02-SVG,,5. Gift & Keepsakes Designs/Money Holder/SVG/Money-Holder-02-SVG.svg,5. Gift & Keepsakes Designs/Money Holder/PNG/Money-Holder-02-SVG.png
01553,Gift & Keepsakes Designs,Money Holder,Money-Holder-03-SVG,,5. Gift & Keepsakes Designs/Money Holder/SVG/Money-Holder-03-SVG.svg,5. Gift & Keepsakes Designs/Money Holder/PNG/Money-Holder-03-SVG.png
01554,Gift & Keepsakes Designs,Napkin Holder Laser Cut,2mm 2 napkin holder,,5. Gift & Keepsakes Designs/Napkin Holder Laser Cut/2mm Napkin Holder Laser Cut/SVG/2mm 2 napkin holder.svg,5. Gift & Keepsakes Designs/Napkin Holder Laser Cut/2mm Napkin Holder Laser Cut/PNG/2mm 2 napkin holder.png
01555,Gift & Keepsakes Designs,Napkin Holder Laser Cut,2mm 3 napkin holder,,5. Gift & Keepsakes Designs/Napkin Holder Laser Cut/2mm Napkin Holder Laser Cut/SVG/2mm 3 napkin holder.svg,5. Gift & Keepsakes Designs/Napkin Holder Laser Cut/2mm Napkin Holder Laser Cut/PNG/2mm 3 napkin holder.png
01556,Gift & Keepsakes Designs,Napkin Holder Laser Cut,2mm 4 napkin holder,,5. Gift & Keepsakes Designs/Napkin Holder Laser Cut/2mm Napkin Holder Laser Cut/SVG/2mm 4 napkin holder.svg,5. Gift & Keepsakes Designs/Napkin Holder Laser Cut/2mm Napkin Holder Laser Cut/PNG/2mm 4 napkin holder.png
01557,Gift & Keepsakes Designs,Napkin Holder Laser Cut,2mm 5 napkin holder,,5. Gift & Keepsakes Designs/Napkin Holder Laser Cut/2mm Napkin Holder Laser Cut/SVG/2mm 5 napkin holder.svg,5. Gift & Keepsakes Designs/Napkin Holder Laser Cut/2mm Napkin Holder Laser Cut/PNG/2mm 5 napkin holder.png
01558,Gift & Keepsakes Designs,Napkin Holder Laser Cut,3mm 1 napkin holder,,5. Gift & Keepsakes Designs/Napkin Holder Laser Cut/3mm Napkin Holder Laser Cut/SVG/3mm 1 napkin holder.svg,5. Gift & Keepsakes Designs/Napkin Holder Laser Cut/3mm Napkin Holder Laser Cut/PNG/3mm 1 napkin holder.png
01559,Gift & Keepsakes Designs,Napkin Holder Laser Cut,3mm 3 napkin holder,,5. Gift & Keepsakes Designs/Napkin Holder Laser Cut/3mm Napkin Holder Laser Cut/SVG/3mm 3 napkin holder.svg,5. Gift & Keepsakes Designs/Napkin Holder Laser Cut/3mm Napkin Holder Laser Cut/PNG/3mm 3 napkin holder.png
01560,Gift & Keepsakes Designs,Napkin Holder Laser Cut,3mm 4 napkin holder,,5. Gift & Keepsakes Designs/Napkin Holder Laser Cut/3mm Napkin Holder Laser Cut/SVG/3mm 4 napkin holder.svg,5. Gift & Keepsakes Designs/Napkin Holder Laser Cut/3mm Napkin Holder Laser Cut/PNG/3mm 4 napkin holder.png
01561,Gift & Keepsakes Designs,Napkin Holder Laser Cut,3mm 5 napkin holder,,5. Gift & Keepsakes Designs/Napkin Holder Laser Cut/3mm Napkin Holder Laser Cut/SVG/3mm 5 napkin holder.svg,5. Gift & Keepsakes Designs/Napkin Holder Laser Cut/3mm Napkin Holder Laser Cut/PNG/3mm 5 napkin holder.png
01562,Gift & Keepsakes Designs,Napkin Holder Laser Cut,3mm 6 napkin holder,,5. Gift & Keepsakes Designs/Napkin Holder Laser Cut/3mm Napkin Holder Laser Cut/SVG/3mm 6 napkin holder.svg,5. Gift & Keepsakes Designs/Napkin Holder Laser Cut/3mm Napkin Holder Laser Cut/PNG/3mm 6 napkin holder.png
01563,Gift & Keepsakes Designs,Napkin Holder Laser Cut,4mm 1 napkin holder,,5. Gift & Keepsakes Designs/Napkin Holder Laser Cut/4mm Napkin Holder Laser Cut/SVG/4mm 1 napkin holder.svg,5. Gift & Keepsakes Designs/Napkin Holder Laser Cut/4mm Napkin Holder Laser Cut/PNG/4mm 1 napkin holder.png
01564,Gift & Keepsakes Designs,Napkin Holder Laser Cut,4mm 2 napkin holder,,5. Gift & Keepsakes Designs/Napkin Holder Laser Cut/4mm Napkin Holder Laser Cut/SVG/4mm 2 napkin holder.svg,5. Gift & Keepsakes Designs/Napkin Holder Laser Cut/4mm Napkin Holder Laser Cut/PNG/4mm 2 napkin holder.png
01565,Gift & Keepsakes Designs,Napkin Holder Laser Cut,4mm 3 napkin holder,,5. Gift & Keepsakes Designs/Napkin Holder Laser Cut/4mm Napkin Holder Laser Cut/SVG/4mm 3 napkin holder.svg,5. Gift & Keepsakes Designs/Napkin Holder Laser Cut/4mm Napkin Holder Laser Cut/PNG/4mm 3 napkin holder.png
01566,Gift & Keepsakes Designs,Napkin Holder Laser Cut,4mm 4 napkin holder,,5. Gift & Keepsakes Designs/Napkin Holder Laser Cut/4mm Napkin Holder Laser Cut/SVG/4mm 4 napkin holder.svg,5. Gift & Keepsakes Designs/Napkin Holder Laser Cut/4mm Napkin Holder Laser Cut/PNG/4mm 4 napkin holder.png
01567,Gift & Keepsakes Designs,Napkin Holder Laser Cut,4mm 5 napkin holder,,5. Gift & Keepsakes Designs/Napkin Holder Laser Cut/4mm Napkin Holder Laser Cut/SVG/4mm 5 napkin holder.svg,5. Gift & Keepsakes Designs/Napkin Holder Laser Cut/4mm Napkin Holder Laser Cut/PNG/4mm 5 napkin holder.png
01568,Gift & Keepsakes Designs,Napkin Holder Laser Cut,4mm 6 napkin holder,,5. Gift & Keepsakes Designs/Napkin Holder Laser Cut/4mm Napkin Holder Laser Cut/SVG/4mm 6 napkin holder.svg,5. Gift & Keepsakes Designs/Napkin Holder Laser Cut/4mm Napkin Holder Laser Cut/PNG/4mm 6 napkin holder.png
01569,Gift & Keepsakes Designs,Napkin Holder Laser Cut,5mm 6 napkin holder,,5. Gift & Keepsakes Designs/Napkin Holder Laser Cut/5mm Napkin Holder Laser Cut/SVG/5mm 6 napkin holder.svg,5. Gift & Keepsakes Designs/Napkin Holder Laser Cut/5mm Napkin Holder Laser Cut/PNG/5mm 6 napkin holder.png
01570,Gift & Keepsakes Designs,Teacher Gift Card Holder,Teacher-gift-card-holder-01,,5. Gift & Keepsakes Designs/Teacher Gift Card Holder/SVG/Teacher-gift-card-holder-01.svg,5. Gift & Keepsakes Designs/Teacher Gift Card Holder/PNG/Teacher-gift-card-holder-01.png
01571,Gift & Keepsakes Designs,Teacher Gift Card Holder,Teacher-gift-card-holder-02-,,5. Gift & Keepsakes Designs/Teacher Gift Card Holder/SVG/Teacher-gift-card-holder-02-.svg,5. Gift & Keepsakes Designs/Teacher Gift Card Holder/PNG/Teacher-gift-card-holder-02-.png
01572,Gift & Keepsakes Designs,Teacher Gift Card Holder,Teacher-gift-card-holder-03,,5. Gift & Keepsakes Designs/Teacher Gift Card Holder/SVG/Teacher-gift-card-holder-03.svg,5. Gift & Keepsakes Designs/Teacher Gift Card Holder/PNG/Teacher-gift-card-holder-03.png
01573,Gift & Keepsakes Designs,Teacher Gift Card Holder,Teacher-gift-card-holder-04,,5. Gift & Keepsakes Designs/Teacher Gift Card Holder/SVG/Teacher-gift-card-holder-04.svg,5. Gift & Keepsakes Designs/Teacher Gift Card Holder/PNG/Teacher-gift-card-holder-04.png
01574,Gift & Keepsakes Designs,Teacher Gift Card Holder,Teacher-gift-card-holder-05,,5. Gift & Keepsakes Designs/Teacher Gift Card Holder/SVG/Teacher-gift-card-holder-05.svg,5. Gift & Keepsakes Designs/Teacher Gift Card Holder/PNG/Teacher-gift-card-holder-05.png
01575,Gift & Keepsakes Designs,Teacher Gift Card Holder,Teacher-gift-card-holder-06,,5. Gift & Keepsakes Designs/Teacher Gift Card Holder/SVG/Teacher-gift-card-holder-06.svg,5. Gift & Keepsakes Designs/Teacher Gift Card Holder/PNG/Teacher-gift-card-holder-06.png
01576,Gift & Keepsakes Designs,Teacher Gift Card Holder,Teacher-gift-card-holder-07,,5. Gift & Keepsakes Designs/Teacher Gift Card Holder/SVG/Teacher-gift-card-holder-07.svg,5. Gift & Keepsakes Designs/Teacher Gift Card Holder/PNG/Teacher-gift-card-holder-07.png
01577,Gift & Keepsakes Designs,Teacher Gift Card Holder,Teacher-gift-card-holder-08,,5. Gift & Keepsakes Designs/Teacher Gift Card Holder/SVG/Teacher-gift-card-holder-08.svg,5. Gift & Keepsakes Designs/Teacher Gift Card Holder/PNG/Teacher-gift-card-holder-08.png
01578,Gift & Keepsakes Designs,Teacher Gift Card Holder,Teacher-gift-card-holder-09,,5. Gift & Keepsakes Designs/Teacher Gift Card Holder/SVG/Teacher-gift-card-holder-09.svg,5. Gift & Keepsakes Designs/Teacher Gift Card Holder/PNG/Teacher-gift-card-holder-09.png
01579,Gift & Keepsakes Designs,Teacher Gift Card Holder,Teacher-gift-card-holder-10,,5. Gift & Keepsakes Designs/Teacher Gift Card Holder/SVG/Teacher-gift-card-holder-10.svg,5. Gift & Keepsakes Designs/Teacher Gift Card Holder/PNG/Teacher-gift-card-holder-10.png
01580,Gift & Keepsakes Designs,Teacher Keychain,teacher-keychain-laser-01-SVG,,5. Gift & Keepsakes Designs/Teacher Keychain/SVG/teacher-keychain-laser-01-SVG.svg,5. Gift & Keepsakes Designs/Teacher Keychain/PNG/teacher-keychain-laser-01-SVG.png
01581,Gift & Keepsakes Designs,Teacher Keychain,teacher-keychain-laser-02-SVG,,5. Gift & Keepsakes Designs/Teacher Keychain/SVG/teacher-keychain-laser-02-SVG.svg,5. Gift & Keepsakes Designs/Teacher Keychain/PNG/teacher-keychain-laser-02-SVG.png
01582,Gift & Keepsakes Designs,Teacher Keychain,teacher-keychain-laser-03-SVG,,5. Gift & Keepsakes Designs/Teacher Keychain/SVG/teacher-keychain-laser-03-SVG.svg,5. Gift & Keepsakes Designs/Teacher Keychain/PNG/teacher-keychain-laser-03-SVG.png
01583,Gift & Keepsakes Designs,Teacher Keychain,teacher-keychain-laser-04-SVG,,5. Gift & Keepsakes Designs/Teacher Keychain/SVG/teacher-keychain-laser-04-SVG.svg,5. Gift & Keepsakes Designs/Teacher Keychain/PNG/teacher-keychain-laser-04-SVG.png
01584,Gift & Keepsakes Designs,Teacher Keychain,teacher-keychain-laser-05-SVG,,5. Gift & Keepsakes Designs/Teacher Keychain/SVG/teacher-keychain-laser-05-SVG.svg,5. Gift & Keepsakes Designs/Teacher Keychain/PNG/teacher-keychain-laser-05-SVG.png
01585,Gift & Keepsakes Designs,Teacher Keychain,teacher-keychain-laser-06-SVG,,5. Gift & Keepsakes Designs/Teacher Keychain/SVG/teacher-keychain-laser-06-SVG.svg,5. Gift & Keepsakes Designs/Teacher Keychain/PNG/teacher-keychain-laser-06-SVG.png
01586,Gift & Keepsakes Designs,Teacher Keychain,teacher-keychain-laser-07-SVG,,5. Gift & Keepsakes Designs/Teacher Keychain/SVG/teacher-keychain-laser-07-SVG.svg,5. Gift & Keepsakes Designs/Teacher Keychain/PNG/teacher-keychain-laser-07-SVG.png
01587,Gift & Keepsakes Designs,Teacher Keychain,teacher-keychain-laser-08-SVG,,5. Gift & Keepsakes Designs/Teacher Keychain/SVG/teacher-keychain-laser-08-SVG.svg,5. Gift & Keepsakes Designs/Teacher Keychain/PNG/teacher-keychain-laser-08-SVG.png
01588,Gift & Keepsakes Designs,Teacher Keychain,teacher-keychain-laser-09-SVG,,5. Gift & Keepsakes Designs/Teacher Keychain/SVG/teacher-keychain-laser-09-SVG.svg,5. Gift & Keepsakes Designs/Teacher Keychain/PNG/teacher-keychain-laser-09-SVG.png
01589,Gift & Keepsakes Designs,Teacher Keychain,teacher-keychain-laser-10-SVG,,5. Gift & Keepsakes Designs/Teacher Keychain/SVG/teacher-keychain-laser-10-SVG.svg,5. Gift & Keepsakes Designs/Teacher Keychain/PNG/teacher-keychain-laser-10-SVG.png
01590,Gift & Keepsakes Designs,Thank You Teacher,Thank-you-teacher-01-SVG,,5. Gift & Keepsakes Designs/Thank You Teacher/SVG/Thank-you-teacher-01-SVG.svg,5. Gift & Keepsakes Designs/Thank You Teacher/PNG/Thank-you-teacher-01-SVG.png
01591,Gift & Keepsakes Designs,Thank You Teacher,Thank-you-teacher-02-SVG,,5. Gift & Keepsakes Designs/Thank You Teacher/SVG/Thank-you-teacher-02-SVG.svg,5. Gift & Keepsakes Designs/Thank You Teacher/PNG/Thank-you-teacher-02-SVG.png
01592,Gift & Keepsakes Designs,Thank You Teacher,Thank-you-teacher-03-SVG,,5. Gift & Keepsakes Designs/Thank You Teacher/SVG/Thank-you-teacher-03-SVG.svg,5. Gift & Keepsakes Designs/Thank You Teacher/PNG/Thank-you-teacher-03-SVG.png
01593,Gift & Keepsakes Designs,Thank You Teacher,Thank-you-teacher-04-SVG,,5. Gift & Keepsakes Designs/Thank You Teacher/SVG/Thank-you-teacher-04-SVG.svg,5. Gift & Keepsakes Designs/Thank You Teacher/PNG/Thank-you-teacher-04-SVG.png
01594,Gift & Keepsakes Designs,Thank You Teacher,Thank-you-teacher-05-SVG,,5. Gift & Keepsakes Designs/Thank You Teacher/SVG/Thank-you-teacher-05-SVG.svg,5. Gift & Keepsakes Designs/Thank You Teacher/PNG/Thank-you-teacher-05-SVG.png
01595,Gift & Keepsakes Designs,Tik-tak-toe,Tik-tak-toe-01,,5. Gift & Keepsakes Designs/Tik-tak-toe/SVG/Tik-tak-toe-01.svg,5. Gift & Keepsakes Designs/Tik-tak-toe/PNG/Tik-tak-toe-01.png
01596,Gift & Keepsakes Designs,Tik-tak-toe,Tik-tak-toe-02,,5. Gift & Keepsakes Designs/Tik-tak-toe/SVG/Tik-tak-toe-02.svg,5. Gift & Keepsakes Designs/Tik-tak-toe/PNG/Tik-tak-toe-02.png
01597,Gift & Keepsakes Designs,Tik-tak-toe,Tik-tak-toe-03,,5. Gift & Keepsakes Designs/Tik-tak-toe/SVG/Tik-tak-toe-03.svg,5. Gift & Keepsakes Designs/Tik-tak-toe/PNG/Tik-tak-toe-03.png
01598,Gift & Keepsakes Designs,Tik-tak-toe,Tik-tak-toe-04,,5. Gift & Keepsakes Designs/Tik-tak-toe/SVG/Tik-tak-toe-04.svg,5. Gift & Keepsakes Designs/Tik-tak-toe/PNG/Tik-tak-toe-04.png
01599,Gift & Keepsakes Designs,Tik-tak-toe,Tik-tak-toe-05,,5. Gift & Keepsakes Designs/Tik-tak-toe/SVG/Tik-tak-toe-05.svg,5. Gift & Keepsakes Designs/Tik-tak-toe/PNG/Tik-tak-toe-05.png
01600,Gift & Keepsakes Designs,Tik-tak-toe,Tik-tak-toe-06,,5. Gift & Keepsakes Designs/Tik-tak-toe/SVG/Tik-tak-toe-06.svg,5. Gift & Keepsakes Designs/Tik-tak-toe/PNG/Tik-tak-toe-06.png
01601,Gift & Keepsakes Designs,Tik-tak-toe,Tik-tak-toe-07,,5. Gift & Keepsakes Designs/Tik-tak-toe/SVG/Tik-tak-toe-07.svg,5. Gift & Keepsakes Designs/Tik-tak-toe/PNG/Tik-tak-toe-07.png
01602,Gift & Keepsakes Designs,Tik-tak-toe,Tik-tak-toe-08,,5. Gift & Keepsakes Designs/Tik-tak-toe/SVG/Tik-tak-toe-08.svg,5. Gift & Keepsakes Designs/Tik-tak-toe/PNG/Tik-tak-toe-08.png
01603,Gift & Keepsakes Designs,Tik-tak-toe,Tik-tak-toe-09,,5. Gift & Keepsakes Designs/Tik-tak-toe/SVG/Tik-tak-toe-09.svg,5. Gift & Keepsakes Designs/Tik-tak-toe/PNG/Tik-tak-toe-09.png
01604,Gift & Keepsakes Designs,Tik-tak-toe,Tik-tak-toe-10,,5. Gift & Keepsakes Designs/Tik-tak-toe/SVG/Tik-tak-toe-10.svg,5. Gift & Keepsakes Designs/Tik-tak-toe/PNG/Tik-tak-toe-10.png
01605,Gift & Keepsakes Designs,Tik-tak-toe,Tik-tak-toe-11,,5. Gift & Keepsakes Designs/Tik-tak-toe/SVG/Tik-tak-toe-11.svg,5. Gift & Keepsakes Designs/Tik-tak-toe/PNG/Tik-tak-toe-11.png
01606,Gift & Keepsakes Designs,Tissue Box,tissue box-01,,5. Gift & Keepsakes Designs/Tissue Box/SVG/tissue box-01.svg,5. Gift & Keepsakes Designs/Tissue Box/PNG/tissue box-01.png
01607,Gift & Keepsakes Designs,Tissue Box,tissue box-02,,5. Gift & Keepsakes Designs/Tissue Box/SVG/tissue box-02.svg,5. Gift & Keepsakes Designs/Tissue Box/PNG/tissue box-02.png
01608,Gift & Keepsakes Designs,Tissue Box,tissue box-03,,5. Gift & Keepsakes Designs/Tissue Box/SVG/tissue box-03.svg,5. Gift & Keepsakes Designs/Tissue Box/PNG/tissue box-03.png
01609,Gift & Keepsakes Designs,Tissue Box,tissue box-04,,5. Gift & Keepsakes Designs/Tissue Box/SVG/tissue box-04.svg,5. Gift & Keepsakes Designs/Tissue Box/PNG/tissue box-04.png
01610,Gift & Keepsakes Designs,Tissue Box,tissue box-05,,5. Gift & Keepsakes Designs/Tissue Box/SVG/tissue box-05.svg,5. Gift & Keepsakes Designs/Tissue Box/PNG/tissue box-05.png
01611,Gift & Keepsakes Designs,Tissue Box,tissue box-06,,5. Gift & Keepsakes Designs/Tissue Box/SVG/tissue box-06.svg,5. Gift & Keepsakes Designs/Tissue Box/PNG/tissue box-06.png
01612,Gift & Keepsakes Designs,Zodiac Sign,Zodiac,,5. Gift & Keepsakes Designs/Zodiac Sign/SVG/Zodiac.svg,5. Gift & Keepsakes Designs/Zodiac Sign/PNG/Zodiac.png
01613,Holidays Designs,Award Trophy,Award Trophy Laser Cut 3.175mm-01,,6. Holidays Designs/Award Trophy/SVG/Award Trophy Laser Cut 3.175mm-01.svg,6. Holidays Designs/Award Trophy/PNG/Award Trophy Laser Cut 3.175mm-01.png
01614,Holidays Designs,Award Trophy,Award Trophy Laser Cut 3.175mm-02,,6. Holidays Designs/Award Trophy/SVG/Award Trophy Laser Cut 3.175mm-02.svg,6. Holidays Designs/Award Trophy/PNG/Award Trophy Laser Cut 3.175mm-02.png
01615,Holidays Designs,Award Trophy,Award Trophy Laser Cut 3.175mm-03,,6. Holidays Designs/Award Trophy/SVG/Award Trophy Laser Cut 3.175mm-03.svg,6. Holidays Designs/Award Trophy/PNG/Award Trophy Laser Cut 3.175mm-03.png
01616,Holidays Designs,Award Trophy,Award Trophy Laser Cut 3.175mm-04,,6. Holidays Designs/Award Trophy/SVG/Award Trophy Laser Cut 3.175mm-04.svg,6. Holidays Designs/Award Trophy/PNG/Award Trophy Laser Cut 3.175mm-04.png
01617,Holidays Designs,Award Trophy,Award Trophy Laser Cut 3.175mm-05,,6. Holidays Designs/Award Trophy/SVG/Award Trophy Laser Cut 3.175mm-05.svg,6. Holidays Designs/Award Trophy/PNG/Award Trophy Laser Cut 3.175mm-05.png
01618,Holidays Designs,Award Trophy,Award Trophy Laser Cut 3.175mm-06,,6. Holidays Designs/Award Trophy/SVG/Award Trophy Laser Cut 3.175mm-06.svg,6. Holidays Designs/Award Trophy/PNG/Award Trophy Laser Cut 3.175mm-06.png
01619,Holidays Designs,Award Trophy,Award Trophy Laser Cut 3.175mm-07,,6. Holidays Designs/Award Trophy/SVG/Award Trophy Laser Cut 3.175mm-07.svg,6. Holidays Designs/Award Trophy/PNG/Award Trophy Laser Cut 3.175mm-07.png
01620,Holidays Designs,Award Trophy,Award Trophy Laser Cut 3.175mm-08,,6. Holidays Designs/Award Trophy/SVG/Award Trophy Laser Cut 3.175mm-08.svg,6. Holidays Designs/Award Trophy/PNG/Award Trophy Laser Cut 3.175mm-08.png
01621,Holidays Designs,Award Trophy,Award Trophy Laser Cut 3.175mm-09,,6. Holidays Designs/Award Trophy/SVG/Award Trophy Laser Cut 3.175mm-09.svg,6. Holidays Designs/Award Trophy/PNG/Award Trophy Laser Cut 3.175mm-09.png
01622,Holidays Designs,Award Trophy,Award Trophy Laser Cut 3.175mm-10,,6. Holidays Designs/Award Trophy/SVG/Award Trophy Laser Cut 3.175mm-10.svg,6. Holidays Designs/Award Trophy/PNG/Award Trophy Laser Cut 3.175mm-10.png
01623,Holidays Designs,Award Trophy,Award Trophy Laser Cut 3mm-01,,6. Holidays Designs/Award Trophy/SVG/Award Trophy Laser Cut 3mm-01.svg,6. Holidays Designs/Award Trophy/PNG/Award Trophy Laser Cut 3mm-01.png
01624,Holidays Designs,Award Trophy,Award Trophy Laser Cut 3mm-02,,6. Holidays Designs/Award Trophy/SVG/Award Trophy Laser Cut 3mm-02.svg,6. Holidays Designs/Award Trophy/PNG/Award Trophy Laser Cut 3mm-02.png
01625,Holidays Designs,Award Trophy,Award Trophy Laser Cut 3mm-03,,6. Holidays Designs/Award Trophy/SVG/Award Trophy Laser Cut 3mm-03.svg,6. Holidays Designs/Award Trophy/PNG/Award Trophy Laser Cut 3mm-03.png
01626,Holidays Designs,Award Trophy,Award Trophy Laser Cut 3mm-04,,6. Holidays Designs/Award Trophy/SVG/Award Trophy Laser Cut 3mm-04.svg,6. Holidays Designs/Award Trophy/PNG/Award Trophy Laser Cut 3mm-04.png
01627,Holidays Designs,Award Trophy,Award Trophy Laser Cut 3mm-05,,6. Holidays Designs/Award Trophy/SVG/Award Trophy Laser Cut 3mm-05.svg,6. Holidays Designs/Award Trophy/PNG/Award Trophy Laser Cut 3mm-05.png
01628,Holidays Designs,Award Trophy,Award Trophy Laser Cut 3mm-06,,6. Holidays Designs/Award Trophy/SVG/Award Trophy Laser Cut 3mm-06.svg,6. Holidays Designs/Award Trophy/PNG/Award Trophy Laser Cut 3mm-06.png
01629,Holidays Designs,Award Trophy,Award Trophy Laser Cut 3mm-07,,6. Holidays Designs/Award Trophy/SVG/Award Trophy Laser Cut 3mm-07.svg,6. Holidays Designs/Award Trophy/PNG/Award Trophy Laser Cut 3mm-07.png
01630,Holidays Designs,Award Trophy,Award Trophy Laser Cut 3mm-08,,6. Holidays Designs/Award Trophy/SVG/Award Trophy Laser Cut 3mm-08.svg,6. Holidays Designs/Award Trophy/PNG/Award Trophy Laser Cut 3mm-08.png
01631,Holidays Designs,Award Trophy,Award Trophy Laser Cut 3mm-09,,6. Holidays Designs/Award Trophy/SVG/Award Trophy Laser Cut 3mm-09.svg,6. Holidays Designs/Award Trophy/PNG/Award Trophy Laser Cut 3mm-09.png
01632,Holidays Designs,Award Trophy,Award Trophy Laser Cut 3mm-10,,6. Holidays Designs/Award Trophy/SVG/Award Trophy Laser Cut 3mm-10.svg,6. Holidays Designs/Award Trophy/PNG/Award Trophy Laser Cut 3mm-10.png
01633,Holidays Designs,Christmas 3d Village,Christmas 3d village SVG,,6. Holidays Designs/Christmas 3d Village/SVG/Christmas 3d village SVG.svg,6. Holidays Designs/Christmas 3d Village/PNG/Christmas 3d village SVG.png
01634,Holidays Designs,Christmas Animals,Christmas Bear (1),,6. Holidays Designs/Christmas Animals/Christmas Bear/SVG/Christmas Bear (1).svg,6. Holidays Designs/Christmas Animals/Christmas Bear/PNG/Christmas Bear (1).png
01635,Holidays Designs,Christmas Animals,Christmas Bear (2),,6. Holidays Designs/Christmas Animals/Christmas Bear/SVG/Christmas Bear (2).svg,6. Holidays Designs/Christmas Animals/Christmas Bear/PNG/Christmas Bear (2).png
01636,Holidays Designs,Christmas Animals,Christmas Bear (3),,6. Holidays Designs/Christmas Animals/Christmas Bear/SVG/Christmas Bear (3).svg,6. Holidays Designs/Christmas Animals/Christmas Bear/PNG/Christmas Bear (3).png
01637,Holidays Designs,Christmas Animals,Christmas Bear (4),,6. Holidays Designs/Christmas Animals/Christmas Bear/SVG/Christmas Bear (4).svg,6. Holidays Designs/Christmas Animals/Christmas Bear/PNG/Christmas Bear (4).png
01638,Holidays Designs,Christmas Animals,Christmas Bear (5),,6. Holidays Designs/Christmas Animals/Christmas Bear/SVG/Christmas Bear (5).svg,6. Holidays Designs/Christmas Animals/Christmas Bear/PNG/Christmas Bear (5).png
01639,Holidays Designs,Christmas Animals,Christmas Bear (6),,6. Holidays Designs/Christmas Animals/Christmas Bear/SVG/Christmas Bear (6).svg,6. Holidays Designs/Christmas Animals/Christmas Bear/PNG/Christmas Bear (6).png
01640,Holidays Designs,Christmas Animals,Christmas Bear (7),,6. Holidays Designs/Christmas Animals/Christmas Bear/SVG/Christmas Bear (7).svg,6. Holidays Designs/Christmas Animals/Christmas Bear/PNG/Christmas Bear (7).png
01641,Holidays Designs,Christmas Animals,Artboard 1,,6. Holidays Designs/Christmas Animals/Christmas Deer/SVG/Artboard 1.svg,6. Holidays Designs/Christmas Animals/Christmas Deer/PNG/Artboard 1.png
01642,Holidays Designs,Christmas Animals,Artboard 10,,6. Holidays Designs/Christmas Animals/Christmas Deer/SVG/Artboard 10.svg,6. Holidays Designs/Christmas Animals/Christmas Deer/PNG/Artboard 10.png
01643,Holidays Designs,Christmas Animals,Artboard 2,,6. Holidays Designs/Christmas Animals/Christmas Deer/SVG/Artboard 2.svg,6. Holidays Designs/Christmas Animals/Christmas Deer/PNG/Artboard 2.png
01644,Holidays Designs,Christmas Animals,Artboard 3,,6. Holidays Designs/Christmas Animals/Christmas Deer/SVG/Artboard 3.svg,6. Holidays Designs/Christmas Animals/Christmas Deer/PNG/Artboard 3.png
01645,Holidays Designs,Christmas Animals,Artboard 4,,6. Holidays Designs/Christmas Animals/Christmas Deer/SVG/Artboard 4.svg,6. Holidays Designs/Christmas Animals/Christmas Deer/PNG/Artboard 4.png
01646,Holidays Designs,Christmas Animals,Artboard 5,,6. Holidays Designs/Christmas Animals/Christmas Deer/SVG/Artboard 5.svg,6. Holidays Designs/Christmas Animals/Christmas Deer/PNG/Artboard 5.png
01647,Holidays Designs,Christmas Animals,Artboard 6,,6. Holidays Designs/Christmas Animals/Christmas Deer/SVG/Artboard 6.svg,6. Holidays Designs/Christmas Animals/Christmas Deer/PNG/Artboard 6.png
01648,Holidays Designs,Christmas Animals,Artboard 7,,6. Holidays Designs/Christmas Animals/Christmas Deer/SVG/Artboard 7.svg,6. Holidays Designs/Christmas Animals/Christmas Deer/PNG/Artboard 7.png
01649,Holidays Designs,Christmas Animals,Artboard 8,,6. Holidays Designs/Christmas Animals/Christmas Deer/SVG/Artboard 8.svg,6. Holidays Designs/Christmas Animals/Christmas Deer/PNG/Artboard 8.png
01650,Holidays Designs,Christmas Animals,Artboard 9,,6. Holidays Designs/Christmas Animals/Christmas Deer/SVG/Artboard 9.svg,6. Holidays Designs/Christmas Animals/Christmas Deer/PNG/Artboard 9.png
01651,Holidays Designs,Christmas Animals,Christmas Horse (1),,6. Holidays Designs/Christmas Animals/Christmas Horse/SVG/Christmas Horse (1).svg,6. Holidays Designs/Christmas Animals/Christmas Horse/PNG/Christmas Horse (1).png
01652,Holidays Designs,Christmas Animals,Christmas Horse (2),,6. Holidays Designs/Christmas Animals/Christmas Horse/SVG/Christmas Horse (2).svg,6. Holidays Designs/Christmas Animals/Christmas Horse/PNG/Christmas Horse (2).png
01653,Holidays Designs,Christmas Animals,Christmas Horse (3),,6. Holidays Designs/Christmas Animals/Christmas Horse/SVG/Christmas Horse (3).svg,6. Holidays Designs/Christmas Animals/Christmas Horse/PNG/Christmas Horse (3).png
01654,Holidays Designs,Christmas Animals,Christmas Horse (4),,6. Holidays Designs/Christmas Animals/Christmas Horse/SVG/Christmas Horse (4).svg,6. Holidays Designs/Christmas Animals/Christmas Horse/PNG/Christmas Horse (4).png
01655,Holidays Designs,Christmas Animals,Christmas Horse (5),,6. Holidays Designs/Christmas Animals/Christmas Horse/SVG/Christmas Horse (5).svg,6. Holidays Designs/Christmas Animals/Christmas Horse/PNG/Christmas Horse (5).png
01656,Holidays Designs,Christmas Animals,Christmas Horse (6),,6. Holidays Designs/Christmas Animals/Christmas Horse/SVG/Christmas Horse (6).svg,6. Holidays Designs/Christmas Animals/Christmas Horse/PNG/Christmas Horse (6).png
01657,Holidays Designs,Christmas Animals,Christmas Horse (7),,6. Holidays Designs/Christmas Animals/Christmas Horse/SVG/Christmas Horse (7).svg,6. Holidays Designs/Christmas Animals/Christmas Horse/PNG/Christmas Horse (7).png
01658,Holidays Designs,Christmas Animals,Christmas Horse (8),,6. Holidays Designs/Christmas Animals/Christmas Horse/SVG/Christmas Horse (8).svg,6. Holidays Designs/Christmas Animals/Christmas Horse/PNG/Christmas Horse (8).png
01659,Holidays Designs,Christmas Animals,Artboard 1,,6. Holidays Designs/Christmas Animals/Christmas Rabbit/SVG/Artboard 1.svg,6. Holidays Designs/Christmas Animals/Christmas Rabbit/PNG/Artboard 1.png
01660,Holidays Designs,Christmas Animals,Artboard 10,,6. Holidays Designs/Christmas Animals/Christmas Rabbit/SVG/Artboard 10.svg,6. Holidays Designs/Christmas Animals/Christmas Rabbit/PNG/Artboard 10.png
01661,Holidays Designs,Christmas Animals,Artboard 11,,6. Holidays Designs/Christmas Animals/Christmas Rabbit/SVG/Artboard 11.svg,6. Holidays Designs/Christmas Animals/Christmas Rabbit/PNG/Artboard 11.png
01662,Holidays Designs,Christmas Animals,Artboard 2,,6. Holidays Designs/Christmas Animals/Christmas Rabbit/SVG/Artboard 2.svg,6. Holidays Designs/Christmas Animals/Christmas Rabbit/PNG/Artboard 2.png
01663,Holidays Designs,Christmas Animals,Artboard 3,,6. Holidays Designs/Christmas Animals/Christmas Rabbit/SVG/Artboard 3.svg,6. Holidays Designs/Christmas Animals/Christmas Rabbit/PNG/Artboard 3.png
01664,Holidays Designs,Christmas Animals,Artboard 4,,6. Holidays Designs/Christmas Animals/Christmas Rabbit/SVG/Artboard 4.svg,6. Holidays Designs/Christmas Animals/Christmas Rabbit/PNG/Artboard 4.png
01665,Holidays Designs,Christmas Animals,Artboard 5,,6. Holidays Designs/Christmas Animals/Christmas Rabbit/SVG/Artboard 5.svg,6. Holidays Designs/Christmas Animals/Christmas Rabbit/PNG/Artboard 5.png
01666,Holidays Designs,Christmas Animals,Artboard 6,,6. Holidays Designs/Christmas Animals/Christmas Rabbit/SVG/Artboard 6.svg,6. Holidays Designs/Christmas Animals/Christmas Rabbit/PNG/Artboard 6.png
01667,Holidays Designs,Christmas Animals,Artboard 7,,6. Holidays Designs/Christmas Animals/Christmas Rabbit/SVG/Artboard 7.svg,6. Holidays Designs/Christmas Animals/Christmas Rabbit/PNG/Artboard 7.png
01668,Holidays Designs,Christmas Animals,Artboard 8,,6. Holidays Designs/Christmas Animals/Christmas Rabbit/SVG/Artboard 8.svg,6. Holidays Designs/Christmas Animals/Christmas Rabbit/PNG/Artboard 8.png
01669,Holidays Designs,Christmas Animals,Artboard 9,,6. Holidays Designs/Christmas Animals/Christmas Rabbit/SVG/Artboard 9.svg,6. Holidays Designs/Christmas Animals/Christmas Rabbit/PNG/Artboard 9.png
01670,Holidays Designs,Christmas Animals,Artboard 1,,6. Holidays Designs/Christmas Animals/Christmas Wolf/SVG/Artboard 1.svg,6. Holidays Designs/Christmas Animals/Christmas Wolf/PNG/Artboard 1.png
01671,Holidays Designs,Christmas Animals,Artboard 10,,6. Holidays Designs/Christmas Animals/Christmas Wolf/SVG/Artboard 10.svg,6. Holidays Designs/Christmas Animals/Christmas Wolf/PNG/Artboard 10.png
01672,Holidays Designs,Christmas Animals,Artboard 2,,6. Holidays Designs/Christmas Animals/Christmas Wolf/SVG/Artboard 2.svg,6. Holidays Designs/Christmas Animals/Christmas Wolf/PNG/Artboard 2.png
01673,Holidays Designs,Christmas Animals,Artboard 3,,6. Holidays Designs/Christmas Animals/Christmas Wolf/SVG/Artboard 3.svg,6. Holidays Designs/Christmas Animals/Christmas Wolf/PNG/Artboard 3.png
01674,Holidays Designs,Christmas Animals,Artboard 4,,6. Holidays Designs/Christmas Animals/Christmas Wolf/SVG/Artboard 4.svg,6. Holidays Designs/Christmas Animals/Christmas Wolf/PNG/Artboard 4.png
01675,Holidays Designs,Christmas Animals,Artboard 5,,6. Holidays Designs/Christmas Animals/Christmas Wolf/SVG/Artboard 5.svg,6. Holidays Designs/Christmas Animals/Christmas Wolf/PNG/Artboard 5.png
01676,Holidays Designs,Christmas Animals,Artboard 6,,6. Holidays Designs/Christmas Animals/Christmas Wolf/SVG/Artboard 6.svg,6. Holidays Designs/Christmas Animals/Christmas Wolf/PNG/Artboard 6.png
01677,Holidays Designs,Christmas Animals,Artboard 7,,6. Holidays Designs/Christmas Animals/Christmas Wolf/SVG/Artboard 7.svg,6. Holidays Designs/Christmas Animals/Christmas Wolf/PNG/Artboard 7.png
01678,Holidays Designs,Christmas Animals,Artboard 8,,6. Holidays Designs/Christmas Animals/Christmas Wolf/SVG/Artboard 8.svg,6. Holidays Designs/Christmas Animals/Christmas Wolf/PNG/Artboard 8.png
01679,Holidays Designs,Christmas Animals,Artboard 9,,6. Holidays Designs/Christmas Animals/Christmas Wolf/SVG/Artboard 9.svg,6. Holidays Designs/Christmas Animals/Christmas Wolf/PNG/Artboard 9.png
01680,Holidays Designs,Christmas Animals,Deer Shadow Box-7,,6. Holidays Designs/Christmas Animals/Deer Shadow Box/SVG/Deer Shadow Box-7.svg,6. Holidays Designs/Christmas Animals/Deer Shadow Box/PNG/Deer Shadow Box-7.png
01681,Holidays Designs,Christmas Animals,Deer Shadow Box_1,,6. Holidays Designs/Christmas Animals/Deer Shadow Box/SVG/Deer Shadow Box_1.svg,6. Holidays Designs/Christmas Animals/Deer Shadow Box/PNG/Deer Shadow Box_1.png
01682,Holidays Designs,Christmas Animals,Deer Shadow Box_2,,6. Holidays Designs/Christmas Animals/Deer Shadow Box/SVG/Deer Shadow Box_2.svg,6. Holidays Designs/Christmas Animals/Deer Shadow Box/PNG/Deer Shadow Box_2.png
01683,Holidays Designs,Christmas Animals,Deer Shadow Box_3,,6. Holidays Designs/Christmas Animals/Deer Shadow Box/SVG/Deer Shadow Box_3.svg,6. Holidays Designs/Christmas Animals/Deer Shadow Box/PNG/Deer Shadow Box_3.png
01684,Holidays Designs,Christmas Animals,Deer Shadow Box_4,,6. Holidays Designs/Christmas Animals/Deer Shadow Box/SVG/Deer Shadow Box_4.svg,6. Holidays Designs/Christmas Animals/Deer Shadow Box/PNG/Deer Shadow Box_4.png
01685,Holidays Designs,Christmas Animals,Deer Shadow Box_5,,6. Holidays Designs/Christmas Animals/Deer Shadow Box/SVG/Deer Shadow Box_5.svg,6. Holidays Designs/Christmas Animals/Deer Shadow Box/PNG/Deer Shadow Box_5.png
01686,Holidays Designs,Christmas Animals,Deer Shadow Box_6,,6. Holidays Designs/Christmas Animals/Deer Shadow Box/SVG/Deer Shadow Box_6.svg,6. Holidays Designs/Christmas Animals/Deer Shadow Box/PNG/Deer Shadow Box_6.png
01687,Holidays Designs,Christmas Door Hanger,Christmas-Door-Hanger-SVG-Back_Circle 3,,6. Holidays Designs/Christmas Door Hanger/Christmas-Door-Hanger-Back/SVG/Christmas-Door-Hanger-SVG-Back_Circle 3.svg,6. Holidays Designs/Christmas Door Hanger/Christmas-Door-Hanger-Back/PNG/Christmas-Door-Hanger-SVG-Back_Circle 3.png
01688,Holidays Designs,Christmas Door Hanger,Christmas-Door-Hanger-SVG-Back_Circle 4,,6. Holidays Designs/Christmas Door Hanger/Christmas-Door-Hanger-Back/SVG/Christmas-Door-Hanger-SVG-Back_Circle 4.svg,6. Holidays Designs/Christmas Door Hanger/Christmas-Door-Hanger-Back/PNG/Christmas-Door-Hanger-SVG-Back_Circle 4.png
01689,Holidays Designs,Christmas Door Hanger,Christmas-Door-Hanger-SVG-Back_Rectangle 3,,6. Holidays Designs/Christmas Door Hanger/Christmas-Door-Hanger-Back/SVG/Christmas-Door-Hanger-SVG-Back_Rectangle 3.svg,6. Holidays Designs/Christmas Door Hanger/Christmas-Door-Hanger-Back/PNG/Christmas-Door-Hanger-SVG-Back_Rectangle 3.png
01690,Holidays Designs,Christmas Door Hanger,Christmas-Door-Hanger-SVG-Back_Rectangle 4,,6. Holidays Designs/Christmas Door Hanger/Christmas-Door-Hanger-Back/SVG/Christmas-Door-Hanger-SVG-Back_Rectangle 4.svg,6. Holidays Designs/Christmas Door Hanger/Christmas-Door-Hanger-Back/PNG/Christmas-Door-Hanger-SVG-Back_Rectangle 4.png
01691,Holidays Designs,Christmas Door Hanger,Christmas-Door-Hanger-SVG-Back_Rectangle,,6. Holidays Designs/Christmas Door Hanger/Christmas-Door-Hanger-Back/SVG/Christmas-Door-Hanger-SVG-Back_Rectangle.svg,6. Holidays Designs/Christmas Door Hanger/Christmas-Door-Hanger-Back/PNG/Christmas-Door-Hanger-SVG-Back_Rectangle.png
01692,Holidays Designs,Christmas Door Hanger,Christmas-Door-Hanger-SVG-Back_Square 2,,6. Holidays Designs/Christmas Door Hanger/Christmas-Door-Hanger-Back/SVG/Christmas-Door-Hanger-SVG-Back_Square 2.svg,6. Holidays Designs/Christmas Door Hanger/Christmas-Door-Hanger-Back/PNG/Christmas-Door-Hanger-SVG-Back_Square 2.png
01693,Holidays Designs,Christmas Door Hanger,Christmas-Door-Hanger-SVG-Back_Square,,6. Holidays Designs/Christmas Door Hanger/Christmas-Door-Hanger-Back/SVG/Christmas-Door-Hanger-SVG-Back_Square.svg,6. Holidays Designs/Christmas Door Hanger/Christmas-Door-Hanger-Back/PNG/Christmas-Door-Hanger-SVG-Back_Square.png
01694,Holidays Designs,Christmas Door Hanger,Christmas-Door-Hanger-SVG-elements_Ball 2-SVG,,6. Holidays Designs/Christmas Door Hanger/Christmas-Door-Hanger-Elements/SVG/Christmas-Door-Hanger-SVG-elements_Ball 2-SVG.svg,6. Holidays Designs/Christmas Door Hanger/Christmas-Door-Hanger-Elements/PNG/Christmas-Door-Hanger-SVG-elements_Ball 2-SVG.png
01695,Holidays Designs,Christmas Door Hanger,Christmas-Door-Hanger-SVG-elements_Ball-SVG,,6. Holidays Designs/Christmas Door Hanger/Christmas-Door-Hanger-Elements/SVG/Christmas-Door-Hanger-SVG-elements_Ball-SVG.svg,6. Holidays Designs/Christmas Door Hanger/Christmas-Door-Hanger-Elements/PNG/Christmas-Door-Hanger-SVG-elements_Ball-SVG.png
01696,Holidays Designs,Christmas Door Hanger,Christmas-Door-Hanger-SVG-elements_Bell-SVG,,6. Holidays Designs/Christmas Door Hanger/Christmas-Door-Hanger-Elements/SVG/Christmas-Door-Hanger-SVG-elements_Bell-SVG.svg,6. Holidays Designs/Christmas Door Hanger/Christmas-Door-Hanger-Elements/PNG/Christmas-Door-Hanger-SVG-elements_Bell-SVG.png
01697,Holidays Designs,Christmas Door Hanger,Christmas-Door-Hanger-SVG-elements_Christmas gnome 2-SVG,,6. Holidays Designs/Christmas Door Hanger/Christmas-Door-Hanger-Elements/SVG/Christmas-Door-Hanger-SVG-elements_Christmas gnome 2-SVG.svg,6. Holidays Designs/Christmas Door Hanger/Christmas-Door-Hanger-Elements/PNG/Christmas-Door-Hanger-SVG-elements_Christmas gnome 2-SVG.png
01698,Holidays Designs,Christmas Door Hanger,Christmas-Door-Hanger-SVG-elements_Christmas gnome 3-SVG,,6. Holidays Designs/Christmas Door Hanger/Christmas-Door-Hanger-Elements/SVG/Christmas-Door-Hanger-SVG-elements_Christmas gnome 3-SVG.svg,6. Holidays Designs/Christmas Door Hanger/Christmas-Door-Hanger-Elements/PNG/Christmas-Door-Hanger-SVG-elements_Christmas gnome 3-SVG.png
01699,Holidays Designs,Christmas Door Hanger,Christmas-Door-Hanger-SVG-elements_Christmas gnome-SVG,,6. Holidays Designs/Christmas Door Hanger/Christmas-Door-Hanger-Elements/SVG/Christmas-Door-Hanger-SVG-elements_Christmas gnome-SVG.svg,6. Holidays Designs/Christmas Door Hanger/Christmas-Door-Hanger-Elements/PNG/Christmas-Door-Hanger-SVG-elements_Christmas gnome-SVG.png
01700,Holidays Designs,Christmas Door Hanger,Christmas-Door-Hanger-SVG-elements_Christmas tree-SVG,,6. Holidays Designs/Christmas Door Hanger/Christmas-Door-Hanger-Elements/SVG/Christmas-Door-Hanger-SVG-elements_Christmas tree-SVG.svg,6. Holidays Designs/Christmas Door Hanger/Christmas-Door-Hanger-Elements/PNG/Christmas-Door-Hanger-SVG-elements_Christmas tree-SVG.png
01701,Holidays Designs,Christmas Door Hanger,Christmas-Door-Hanger-SVG-elements_Claus hat-SVG,,6. Holidays Designs/Christmas Door Hanger/Christmas-Door-Hanger-Elements/SVG/Christmas-Door-Hanger-SVG-elements_Claus hat-SVG.svg,6. Holidays Designs/Christmas Door Hanger/Christmas-Door-Hanger-Elements/PNG/Christmas-Door-Hanger-SVG-elements_Claus hat-SVG.png
01702,Holidays Designs,Christmas Door Hanger,Christmas-Door-Hanger-SVG-elements_Deer hat-SVG,,6. Holidays Designs/Christmas Door Hanger/Christmas-Door-Hanger-Elements/SVG/Christmas-Door-Hanger-SVG-elements_Deer hat-SVG.svg,6. Holidays Designs/Christmas Door Hanger/Christmas-Door-Hanger-Elements/PNG/Christmas-Door-Hanger-SVG-elements_Deer hat-SVG.png
01703,Holidays Designs,Christmas Door Hanger,Christmas-Door-Hanger-SVG-elements_Deer-SVG,,6. Holidays Designs/Christmas Door Hanger/Christmas-Door-Hanger-Elements/SVG/Christmas-Door-Hanger-SVG-elements_Deer-SVG.svg,6. Holidays Designs/Christmas Door Hanger/Christmas-Door-Hanger-Elements/PNG/Christmas-Door-Hanger-SVG-elements_Deer-SVG.png
01704,Holidays Designs,Christmas Door Hanger,Christmas-Door-Hanger-SVG-elements_Elf hat-SVG,,6. Holidays Designs/Christmas Door Hanger/Christmas-Door-Hanger-Elements/SVG/Christmas-Door-Hanger-SVG-elements_Elf hat-SVG.svg,6. Holidays Designs/Christmas Door Hanger/Christmas-Door-Hanger-Elements/PNG/Christmas-Door-Hanger-SVG-elements_Elf hat-SVG.png
01705,Holidays Designs,Christmas Door Hanger,Christmas-Door-Hanger-SVG-elements_Glove 2-SVG,,6. Holidays Designs/Christmas Door Hanger/Christmas-Door-Hanger-Elements/SVG/Christmas-Door-Hanger-SVG-elements_Glove 2-SVG.svg,6. Holidays Designs/Christmas Door Hanger/Christmas-Door-Hanger-Elements/PNG/Christmas-Door-Hanger-SVG-elements_Glove 2-SVG.png
01706,Holidays Designs,Christmas Door Hanger,Christmas-Door-Hanger-SVG-elements_Glove-SVG,,6. Holidays Designs/Christmas Door Hanger/Christmas-Door-Hanger-Elements/SVG/Christmas-Door-Hanger-SVG-elements_Glove-SVG.svg,6. Holidays Designs/Christmas Door Hanger/Christmas-Door-Hanger-Elements/PNG/Christmas-Door-Hanger-SVG-elements_Glove-SVG.png
01707,Holidays Designs,Christmas Door Hanger,Christmas-Door-Hanger-SVG-elements_Holly-SVG,,6. Holidays Designs/Christmas Door Hanger/Christmas-Door-Hanger-Elements/SVG/Christmas-Door-Hanger-SVG-elements_Holly-SVG.svg,6. Holidays Designs/Christmas Door Hanger/Christmas-Door-Hanger-Elements/PNG/Christmas-Door-Hanger-SVG-elements_Holly-SVG.png
01708,Holidays Designs,Christmas Door Hanger,Christmas-Door-Hanger-SVG-elements_Horns-SVG,,6. Holidays Designs/Christmas Door Hanger/Christmas-Door-Hanger-Elements/SVG/Christmas-Door-Hanger-SVG-elements_Horns-SVG.svg,6. Holidays Designs/Christmas Door Hanger/Christmas-Door-Hanger-Elements/PNG/Christmas-Door-Hanger-SVG-elements_Horns-SVG.png
01709,Holidays Designs,Christmas Door Hanger,Christmas-Door-Hanger-SVG-elements_Santa Claus-SVG,,6. Holidays Designs/Christmas Door Hanger/Christmas-Door-Hanger-Elements/SVG/Christmas-Door-Hanger-SVG-elements_Santa Claus-SVG.svg,6. Holidays Designs/Christmas Door Hanger/Christmas-Door-Hanger-Elements/PNG/Christmas-Door-Hanger-SVG-elements_Santa Claus-SVG.png
01710,Holidays Designs,Christmas Door Hanger,Christmas-Door-Hanger-SVG-elements_Snowflake 2-SVG,,6. Holidays Designs/Christmas Door Hanger/Christmas-Door-Hanger-Elements/SVG/Christmas-Door-Hanger-SVG-elements_Snowflake 2-SVG.svg,6. Holidays Designs/Christmas Door Hanger/Christmas-Door-Hanger-Elements/PNG/Christmas-Door-Hanger-SVG-elements_Snowflake 2-SVG.png
01711,Holidays Designs,Christmas Door Hanger,Christmas-Door-Hanger-SVG-elements_Snowflake-SVG,,6. Holidays Designs/Christmas Door Hanger/Christmas-Door-Hanger-Elements/SVG/Christmas-Door-Hanger-SVG-elements_Snowflake-SVG.svg,6. Holidays Designs/Christmas Door Hanger/Christmas-Door-Hanger-Elements/PNG/Christmas-Door-Hanger-SVG-elements_Snowflake-SVG.png
01712,Holidays Designs,Christmas Door Hanger,Christmas-Door-Hanger-SVG-elements_Snowman-SVG,,6. Holidays Designs/Christmas Door Hanger/Christmas-Door-Hanger-Elements/SVG/Christmas-Door-Hanger-SVG-elements_Snowman-SVG.svg,6. Holidays Designs/Christmas Door Hanger/Christmas-Door-Hanger-Elements/PNG/Christmas-Door-Hanger-SVG-elements_Snowman-SVG.png
01713,Holidays Designs,Christmas Door Hanger,Christmas-Door-Hanger-SVG-phrase-01-SVG,,6. Holidays Designs/Christmas Door Hanger/Christmas-Door-Hanger-Phrase/SVG/Christmas-Door-Hanger-SVG-phrase-01-SVG.svg,6. Holidays Designs/Christmas Door Hanger/Christmas-Door-Hanger-Phrase/PNG/Christmas-Door-Hanger-SVG-phrase-01-SVG.png
01714,Holidays Designs,Christmas Door Hanger,Christmas-Door-Hanger-SVG-phrase-02-SVG,,6. Holidays Designs/Christmas Door Hanger/Christmas-Door-Hanger-Phrase/SVG/Christmas-Door-Hanger-SVG-phrase-02-SVG.svg,6. Holidays Designs/Christmas Door Hanger/Christmas-Door-Hanger-Phrase/PNG/Christmas-Door-Hanger-SVG-phrase-02-SVG.png
01715,Holidays Designs,Christmas Door Hanger,Christmas-Door-Hanger-SVG-phrase-03-SVG,,6. Holidays Designs/Christmas Door Hanger/Christmas-Door-Hanger-Phrase/SVG/Christmas-Door-Hanger-SVG-phrase-03-SVG.svg,6. Holidays Designs/Christmas Door Hanger/Christmas-Door-Hanger-Phrase/PNG/Christmas-Door-Hanger-SVG-phrase-03-SVG.png
01716,Holidays Designs,Christmas Door Hanger,Christmas-Door-Hanger-SVG-phrase-04-SVG,,6. Holidays Designs/Christmas Door Hanger/Christmas-Door-Hanger-Phrase/SVG/Christmas-Door-Hanger-SVG-phrase-04-SVG.svg,6. Holidays Designs/Christmas Door Hanger/Christmas-Door-Hanger-Phrase/PNG/Christmas-Door-Hanger-SVG-phrase-04-SVG.png
01717,Holidays Designs,Christmas Door Hanger,Christmas-Door-Hanger-SVG-phrase-05-SVG,,6. Holidays Designs/Christmas Door Hanger/Christmas-Door-Hanger-Phrase/SVG/Christmas-Door-Hanger-SVG-phrase-05-SVG.svg,6. Holidays Designs/Christmas Door Hanger/Christmas-Door-Hanger-Phrase/PNG/Christmas-Door-Hanger-SVG-phrase-05-SVG.png
01718,Holidays Designs,Christmas Door Hanger,Christmas-Door-Hanger-SVG-phrase-06-SVG,,6. Holidays Designs/Christmas Door Hanger/Christmas-Door-Hanger-Phrase/SVG/Christmas-Door-Hanger-SVG-phrase-06-SVG.svg,6. Holidays Designs/Christmas Door Hanger/Christmas-Door-Hanger-Phrase/PNG/Christmas-Door-Hanger-SVG-phrase-06-SVG.png
01719,Holidays Designs,Christmas Door Hanger,Christmas-Door-Hanger-SVG-Full_Circle-2-SVG,,6. Holidays Designs/Christmas Door Hanger/pre made signs/SVG/Christmas-Door-Hanger-SVG-Full_Circle-2-SVG.svg,MISSING
01720,Holidays Designs,Christmas Door Hanger,Christmas-Door-Hanger-SVG-Full_Circle-3-SVG,,6. Holidays Designs/Christmas Door Hanger/pre made signs/SVG/Christmas-Door-Hanger-SVG-Full_Circle-3-SVG.svg,MISSING
01721,Holidays Designs,Christmas Door Hanger,Christmas-Door-Hanger-SVG-Full_Circle-4-SVG,,6. Holidays Designs/Christmas Door Hanger/pre made signs/SVG/Christmas-Door-Hanger-SVG-Full_Circle-4-SVG.svg,MISSING
01722,Holidays Designs,Christmas Door Hanger,Christmas-Door-Hanger-SVG-Full_Circle-SVG,,6. Holidays Designs/Christmas Door Hanger/pre made signs/SVG/Christmas-Door-Hanger-SVG-Full_Circle-SVG.svg,MISSING
01723,Holidays Designs,Christmas Door Hanger,Christmas-Door-Hanger-SVG-Full_Rectangle-2-SVG,,6. Holidays Designs/Christmas Door Hanger/pre made signs/SVG/Christmas-Door-Hanger-SVG-Full_Rectangle-2-SVG.svg,MISSING
01724,Holidays Designs,Christmas Door Hanger,Christmas-Door-Hanger-SVG-Full_Rectangle-3-SVG,,6. Holidays Designs/Christmas Door Hanger/pre made signs/SVG/Christmas-Door-Hanger-SVG-Full_Rectangle-3-SVG.svg,MISSING
01725,Holidays Designs,Christmas Door Hanger,Christmas-Door-Hanger-SVG-Full_Rectangle-4-SVG,,6. Holidays Designs/Christmas Door Hanger/pre made signs/SVG/Christmas-Door-Hanger-SVG-Full_Rectangle-4-SVG.svg,MISSING
01726,Holidays Designs,Christmas Door Hanger,Christmas-Door-Hanger-SVG-Full_Rectangle-SVG,,6. Holidays Designs/Christmas Door Hanger/pre made signs/SVG/Christmas-Door-Hanger-SVG-Full_Rectangle-SVG.svg,MISSING
01727,Holidays Designs,Christmas Door Hanger,Christmas-Door-Hanger-SVG-Full_Square-2-SVG,,6. Holidays Designs/Christmas Door Hanger/pre made signs/SVG/Christmas-Door-Hanger-SVG-Full_Square-2-SVG.svg,MISSING
01728,Holidays Designs,Christmas Door Hanger,Christmas-Door-Hanger-SVG-Full_Square-3-SVG,,6. Holidays Designs/Christmas Door Hanger/pre made signs/SVG/Christmas-Door-Hanger-SVG-Full_Square-3-SVG.svg,MISSING
01729,Holidays Designs,Christmas Door Hanger,Christmas-Door-Hanger-SVG-Full_Square-4-SVG,,6. Holidays Designs/Christmas Door Hanger/pre made signs/SVG/Christmas-Door-Hanger-SVG-Full_Square-4-SVG.svg,MISSING
01730,Holidays Designs,Christmas Door Hanger,Christmas-Door-Hanger-SVG-Full_Square-SVG,,6. Holidays Designs/Christmas Door Hanger/pre made signs/SVG/Christmas-Door-Hanger-SVG-Full_Square-SVG.svg,MISSING
01731,Holidays Designs,Christmas Keychain,1 Christmas Keychain,,6. Holidays Designs/Christmas Keychain/SVG/1 Christmas Keychain.svg,6. Holidays Designs/Christmas Keychain/PNG/1 Christmas Keychain.png
01732,Holidays Designs,Christmas Keychain,10 Christmas Keychain,,6. Holidays Designs/Christmas Keychain/SVG/10 Christmas Keychain.svg,6. Holidays Designs/Christmas Keychain/PNG/10 Christmas Keychain.png
01733,Holidays Designs,Christmas Keychain,11 Christmas Keychain,,6. Holidays Designs/Christmas Keychain/SVG/11 Christmas Keychain.svg,6. Holidays Designs/Christmas Keychain/PNG/11 Christmas Keychain.png
01734,Holidays Designs,Christmas Keychain,12 Christmas Keychain,,6. Holidays Designs/Christmas Keychain/SVG/12 Christmas Keychain.svg,6. Holidays Designs/Christmas Keychain/PNG/12 Christmas Keychain.png
01735,Holidays Designs,Christmas Keychain,13 Christmas Keychain,,6. Holidays Designs/Christmas Keychain/SVG/13 Christmas Keychain.svg,6. Holidays Designs/Christmas Keychain/PNG/13 Christmas Keychain.png
01736,Holidays Designs,Christmas Keychain,14 Christmas Keychain,,6. Holidays Designs/Christmas Keychain/SVG/14 Christmas Keychain.svg,6. Holidays Designs/Christmas Keychain/PNG/14 Christmas Keychain.png
01737,Holidays Designs,Christmas Keychain,15 Christmas Keychain,,6. Holidays Designs/Christmas Keychain/SVG/15 Christmas Keychain.svg,6. Holidays Designs/Christmas Keychain/PNG/15 Christmas Keychain.png
01738,Holidays Designs,Christmas Keychain,16 Christmas Keychain,,6. Holidays Designs/Christmas Keychain/SVG/16 Christmas Keychain.svg,6. Holidays Designs/Christmas Keychain/PNG/16 Christmas Keychain.png
01739,Holidays Designs,Christmas Keychain,17 Christmas Keychain,,6. Holidays Designs/Christmas Keychain/SVG/17 Christmas Keychain.svg,6. Holidays Designs/Christmas Keychain/PNG/17 Christmas Keychain.png
01740,Holidays Designs,Christmas Keychain,18 Christmas Keychain,,6. Holidays Designs/Christmas Keychain/SVG/18 Christmas Keychain.svg,6. Holidays Designs/Christmas Keychain/PNG/18 Christmas Keychain.png
01741,Holidays Designs,Christmas Keychain,19 Christmas Keychain,,6. Holidays Designs/Christmas Keychain/SVG/19 Christmas Keychain.svg,6. Holidays Designs/Christmas Keychain/PNG/19 Christmas Keychain.png
01742,Holidays Designs,Christmas Keychain,2 Christmas Keychain,,6. Holidays Designs/Christmas Keychain/SVG/2 Christmas Keychain.svg,6. Holidays Designs/Christmas Keychain/PNG/2 Christmas Keychain.png
01743,Holidays Designs,Christmas Keychain,20 Christmas Keychain,,6. Holidays Designs/Christmas Keychain/SVG/20 Christmas Keychain.svg,6. Holidays Designs/Christmas Keychain/PNG/20 Christmas Keychain.png
01744,Holidays Designs,Christmas Keychain,3 Christmas Keychain,,6. Holidays Designs/Christmas Keychain/SVG/3 Christmas Keychain.svg,6. Holidays Designs/Christmas Keychain/PNG/3 Christmas Keychain.png
01745,Holidays Designs,Christmas Keychain,4 Christmas Keychain,,6. Holidays Designs/Christmas Keychain/SVG/4 Christmas Keychain.svg,6. Holidays Designs/Christmas Keychain/PNG/4 Christmas Keychain.png
01746,Holidays Designs,Christmas Keychain,5 Christmas Keychain,,6. Holidays Designs/Christmas Keychain/SVG/5 Christmas Keychain.svg,6. Holidays Designs/Christmas Keychain/PNG/5 Christmas Keychain.png
01747,Holidays Designs,Christmas Keychain,6 Christmas Keychain,,6. Holidays Designs/Christmas Keychain/SVG/6 Christmas Keychain.svg,6. Holidays Designs/Christmas Keychain/PNG/6 Christmas Keychain.png
01748,Holidays Designs,Christmas Keychain,7 Christmas Keychain,,6. Holidays Designs/Christmas Keychain/SVG/7 Christmas Keychain.svg,6. Holidays Designs/Christmas Keychain/PNG/7 Christmas Keychain.png
01749,Holidays Designs,Christmas Keychain,8 Christmas Keychain,,6. Holidays Designs/Christmas Keychain/SVG/8 Christmas Keychain.svg,6. Holidays Designs/Christmas Keychain/PNG/8 Christmas Keychain.png
01750,Holidays Designs,Christmas Keychain,9 Christmas Keychain,,6. Holidays Designs/Christmas Keychain/SVG/9 Christmas Keychain.svg,6. Holidays Designs/Christmas Keychain/PNG/9 Christmas Keychain.png
01751,Holidays Designs,Christmas Ornaments,Christmas Ornament Cat LWH,,6. Holidays Designs/Christmas Ornaments/Christmas Ornament Cat LWH/SVG/Christmas Ornament Cat LWH.svg,6. Holidays Designs/Christmas Ornaments/Christmas Ornament Cat LWH/PNG/Christmas Ornament Cat LWH.png
01752,Holidays Designs,Christmas Ornaments,Christmas Ornament Deer LWH,,6. Holidays Designs/Christmas Ornaments/Christmas Ornament Deer LWH/SVG/Christmas Ornament Deer LWH.svg,6. Holidays Designs/Christmas Ornaments/Christmas Ornament Deer LWH/PNG/Christmas Ornament Deer LWH.png
01753,Holidays Designs,Christmas Ornaments,Christmas Ornament Snow LWH,,6. Holidays Designs/Christmas Ornaments/Christmas Ornament Snow LWH/SVG/Christmas Ornament Snow LWH.svg,6. Holidays Designs/Christmas Ornaments/Christmas Ornament Snow LWH/PNG/Christmas Ornament Snow LWH.png
01754,Holidays Designs,Christmas Ornaments,Christmas-Ornament-laser-cut-01,,6. Holidays Designs/Christmas Ornaments/Christmas Ornaments LWH/SVG/Christmas-Ornament-laser-cut-01.svg,6. Holidays Designs/Christmas Ornaments/Christmas Ornaments LWH/PNG/Christmas-Ornament-laser-cut-01.png
01755,Holidays Designs,Christmas Ornaments,Christmas-Ornament-laser-cut-02,,6. Holidays Designs/Christmas Ornaments/Christmas Ornaments LWH/SVG/Christmas-Ornament-laser-cut-02.svg,6. Holidays Designs/Christmas Ornaments/Christmas Ornaments LWH/PNG/Christmas-Ornament-laser-cut-02.png
01756,Holidays Designs,Christmas Ornaments,Christmas-Ornament-laser-cut-03,,6. Holidays Designs/Christmas Ornaments/Christmas Ornaments LWH/SVG/Christmas-Ornament-laser-cut-03.svg,6. Holidays Designs/Christmas Ornaments/Christmas Ornaments LWH/PNG/Christmas-Ornament-laser-cut-03.png
01757,Holidays Designs,Christmas Ornaments,Christmas-Ornament-laser-cut-04,,6. Holidays Designs/Christmas Ornaments/Christmas Ornaments LWH/SVG/Christmas-Ornament-laser-cut-04.svg,6. Holidays Designs/Christmas Ornaments/Christmas Ornaments LWH/PNG/Christmas-Ornament-laser-cut-04.png
01758,Holidays Designs,Christmas Ornaments,Christmas-Ornament-laser-cut-05,,6. Holidays Designs/Christmas Ornaments/Christmas Ornaments LWH/SVG/Christmas-Ornament-laser-cut-05.svg,6. Holidays Designs/Christmas Ornaments/Christmas Ornaments LWH/PNG/Christmas-Ornament-laser-cut-05.png
01759,Holidays Designs,Christmas Ornaments,Christmas-Ornament-laser-cut-06,,6. Holidays Designs/Christmas Ornaments/Christmas Ornaments LWH/SVG/Christmas-Ornament-laser-cut-06.svg,6. Holidays Designs/Christmas Ornaments/Christmas Ornaments LWH/PNG/Christmas-Ornament-laser-cut-06.png
01760,Holidays Designs,Christmas Ornaments,Christmas-Ornament-laser-cut-07,,6. Holidays Designs/Christmas Ornaments/Christmas Ornaments LWH/SVG/Christmas-Ornament-laser-cut-07.svg,6. Holidays Designs/Christmas Ornaments/Christmas Ornaments LWH/PNG/Christmas-Ornament-laser-cut-07.png
01761,Holidays Designs,Christmas Ornaments,Christmas-Ornament-laser-cut-08,,6. Holidays Designs/Christmas Ornaments/Christmas Ornaments LWH/SVG/Christmas-Ornament-laser-cut-08.svg,6. Holidays Designs/Christmas Ornaments/Christmas Ornaments LWH/PNG/Christmas-Ornament-laser-cut-08.png
01762,Holidays Designs,Christmas Ornaments,Christmas-Ornament-laser-cut-09,,6. Holidays Designs/Christmas Ornaments/Christmas Ornaments LWH/SVG/Christmas-Ornament-laser-cut-09.svg,6. Holidays Designs/Christmas Ornaments/Christmas Ornaments LWH/PNG/Christmas-Ornament-laser-cut-09.png
01763,Holidays Designs,Halloween Candy Dome,Halloween Candy 1,,6. Holidays Designs/Halloween Candy Dome/Halloween Candy  (1)/SVG/Halloween Candy 1.svg,6. Holidays Designs/Halloween Candy Dome/Halloween Candy  (1)/PNG/Halloween Candy 1.png
01764,Holidays Designs,Halloween Candy Dome,Halloween Candy 10,,6. Holidays Designs/Halloween Candy Dome/Halloween Candy  (10)/SVG/Halloween Candy 10.svg,6. Holidays Designs/Halloween Candy Dome/Halloween Candy  (10)/PNG/Halloween Candy 10.png
01765,Holidays Designs,Halloween Candy Dome,Halloween Candy 2,,6. Holidays Designs/Halloween Candy Dome/Halloween Candy  (2)/SVG/Halloween Candy 2.svg,6. Holidays Designs/Halloween Candy Dome/Halloween Candy  (2)/PNG/Halloween Candy 2.png
01766,Holidays Designs,Halloween Candy Dome,Halloween Candy 3,,6. Holidays Designs/Halloween Candy Dome/Halloween Candy  (3)/SVG/Halloween Candy 3.svg,6. Holidays Designs/Halloween Candy Dome/Halloween Candy  (3)/PNG/Halloween Candy 3.png
01767,Holidays Designs,Halloween Candy Dome,Halloween Candy 4,,6. Holidays Designs/Halloween Candy Dome/Halloween Candy  (4)/SVG/Halloween Candy 4.svg,6. Holidays Designs/Halloween Candy Dome/Halloween Candy  (4)/PNG/Halloween Candy 4.png
01768,Holidays Designs,Halloween Candy Dome,Halloween Candy 5,,6. Holidays Designs/Halloween Candy Dome/Halloween Candy  (5)/SVG/Halloween Candy 5.svg,6. Holidays Designs/Halloween Candy Dome/Halloween Candy  (5)/PNG/Halloween Candy 5.png
01769,Holidays Designs,Halloween Candy Dome,Halloween Candy 6,,6. Holidays Designs/Halloween Candy Dome/Halloween Candy  (6)/SVG/Halloween Candy 6.svg,6. Holidays Designs/Halloween Candy Dome/Halloween Candy  (6)/PNG/Halloween Candy 6.png
01770,Holidays Designs,Halloween Candy Dome,Halloween Candy 7,,6. Holidays Designs/Halloween Candy Dome/Halloween Candy  (7)/SVG/Halloween Candy 7.svg,6. Holidays Designs/Halloween Candy Dome/Halloween Candy  (7)/PNG/Halloween Candy 7.png
01771,Holidays Designs,Halloween Candy Dome,Halloween Candy 8,,6. Holidays Designs/Halloween Candy Dome/Halloween Candy  (8)/SVG/Halloween Candy 8.svg,6. Holidays Designs/Halloween Candy Dome/Halloween Candy  (8)/PNG/Halloween Candy 8.png
01772,Holidays Designs,Save the Date,save-the-date-01,,6. Holidays Designs/Save the Date/SVG/save-the-date-01.svg,6. Holidays Designs/Save the Date/PNG/save-the-date-01.png
01773,Holidays Designs,Save the Date,save-the-date-02,,6. Holidays Designs/Save the Date/SVG/save-the-date-02.svg,6. Holidays Designs/Save the Date/PNG/save-the-date-02.png
01774,Holidays Designs,Save the Date,save-the-date-03,,6. Holidays Designs/Save the Date/SVG/save-the-date-03.svg,6. Holidays Designs/Save the Date/PNG/save-the-date-03.png
01775,Holidays Designs,Save the Date,save-the-date-04,,6. Holidays Designs/Save the Date/SVG/save-the-date-04.svg,6. Holidays Designs/Save the Date/PNG/save-the-date-04.png
01776,Holidays Designs,Save the Date,save-the-date-05,,6. Holidays Designs/Save the Date/SVG/save-the-date-05.svg,6. Holidays Designs/Save the Date/PNG/save-the-date-05.png
01777,Holidays Designs,Save the Date,save-the-date-06,,6. Holidays Designs/Save the Date/SVG/save-the-date-06.svg,6. Holidays Designs/Save the Date/PNG/save-the-date-06.png
01778,Holidays Designs,Save the Date,save-the-date-07,,6. Holidays Designs/Save the Date/SVG/save-the-date-07.svg,6. Holidays Designs/Save the Date/PNG/save-the-date-07.png
01779,Holidays Designs,Save the Date,save-the-date-08,,6. Holidays Designs/Save the Date/SVG/save-the-date-08.svg,6. Holidays Designs/Save the Date/PNG/save-the-date-08.png
01780,Holidays Designs,Save the Date,save-the-date-09,,6. Holidays Designs/Save the Date/SVG/save-the-date-09.svg,6. Holidays Designs/Save the Date/PNG/save-the-date-09.png
01781,Holidays Designs,Save the Date,save-the-date-10,,6. Holidays Designs/Save the Date/SVG/save-the-date-10.svg,6. Holidays Designs/Save the Date/PNG/save-the-date-10.png
01782,Holidays Designs,Valentines Earrings,Valentines Earrings-01 SVG,,6. Holidays Designs/Valentines Earrings/SVG/Valentines Earrings-01 SVG.svg,6. Holidays Designs/Valentines Earrings/PNG/Valentines Earrings-01 SVG.png
01783,Holidays Designs,Valentines Earrings,Valentines Earrings-02 SVG,,6. Holidays Designs/Valentines Earrings/SVG/Valentines Earrings-02 SVG.svg,6. Holidays Designs/Valentines Earrings/PNG/Valentines Earrings-02 SVG.png
01784,Holidays Designs,Valentines Earrings,Valentines Earrings-03 SVG,,6. Holidays Designs/Valentines Earrings/SVG/Valentines Earrings-03 SVG.svg,6. Holidays Designs/Valentines Earrings/PNG/Valentines Earrings-03 SVG.png
01785,Holidays Designs,Valentines Earrings,Valentines Earrings-04 SVG,,6. Holidays Designs/Valentines Earrings/SVG/Valentines Earrings-04 SVG.svg,6. Holidays Designs/Valentines Earrings/PNG/Valentines Earrings-04 SVG.png
01786,Holidays Designs,Valentines Earrings,Valentines Earrings-05 SVG,,6. Holidays Designs/Valentines Earrings/SVG/Valentines Earrings-05 SVG.svg,6. Holidays Designs/Valentines Earrings/PNG/Valentines Earrings-05 SVG.png
01787,Holidays Designs,Valentines Earrings,Valentines Earrings-06 SVG,,6. Holidays Designs/Valentines Earrings/SVG/Valentines Earrings-06 SVG.svg,6. Holidays Designs/Valentines Earrings/PNG/Valentines Earrings-06 SVG.png
01788,Holidays Designs,Valentines Earrings,Valentines Earrings-07 SVG,,6. Holidays Designs/Valentines Earrings/SVG/Valentines Earrings-07 SVG.svg,6. Holidays Designs/Valentines Earrings/PNG/Valentines Earrings-07 SVG.png
01789,Holidays Designs,Valentines Earrings,Valentines Earrings-08 SVG,,6. Holidays Designs/Valentines Earrings/SVG/Valentines Earrings-08 SVG.svg,6. Holidays Designs/Valentines Earrings/PNG/Valentines Earrings-08 SVG.png
01790,Holidays Designs,Valentines Earrings,Valentines Earrings-09 SVG,,6. Holidays Designs/Valentines Earrings/SVG/Valentines Earrings-09 SVG.svg,6. Holidays Designs/Valentines Earrings/PNG/Valentines Earrings-09 SVG.png
01791,Holidays Designs,Valentines Earrings,Valentines Earrings-10 SVG,,6. Holidays Designs/Valentines Earrings/SVG/Valentines Earrings-10 SVG.svg,6. Holidays Designs/Valentines Earrings/PNG/Valentines Earrings-10 SVG.png
01792,Holidays Designs,Valentines Earrings,Valentines Earrings-11 SVG,,6. Holidays Designs/Valentines Earrings/SVG/Valentines Earrings-11 SVG.svg,6. Holidays Designs/Valentines Earrings/PNG/Valentines Earrings-11 SVG.png
01793,Holidays Designs,Valentines Earrings,Valentines Earrings-12 SVG,,6. Holidays Designs/Valentines Earrings/SVG/Valentines Earrings-12 SVG.svg,6. Holidays Designs/Valentines Earrings/PNG/Valentines Earrings-12 SVG.png
01794,Holidays Designs,Valentines Earrings,Valentines Earrings-13 SVG,,6. Holidays Designs/Valentines Earrings/SVG/Valentines Earrings-13 SVG.svg,6. Holidays Designs/Valentines Earrings/PNG/Valentines Earrings-13 SVG.png
01795,Holidays Designs,Valentines Earrings,Valentines Earrings-14 SVG,,6. Holidays Designs/Valentines Earrings/SVG/Valentines Earrings-14 SVG.svg,6. Holidays Designs/Valentines Earrings/PNG/Valentines Earrings-14 SVG.png
01796,Holidays Designs,Valentines Earrings,Valentines Earrings-15 SVG,,6. Holidays Designs/Valentines Earrings/SVG/Valentines Earrings-15 SVG.svg,6. Holidays Designs/Valentines Earrings/PNG/Valentines Earrings-15 SVG.png
01797,Holidays Designs,Valentines Earrings,Valentines Earrings-16 SVG,,6. Holidays Designs/Valentines Earrings/SVG/Valentines Earrings-16 SVG.svg,6. Holidays Designs/Valentines Earrings/PNG/Valentines Earrings-16 SVG.png
01798,Holidays Designs,Valentines Earrings,Valentines Earrings-17 SVG,,6. Holidays Designs/Valentines Earrings/SVG/Valentines Earrings-17 SVG.svg,6. Holidays Designs/Valentines Earrings/PNG/Valentines Earrings-17 SVG.png
01799,Holidays Designs,Valentines Earrings,Valentines Earrings-18 SVG,,6. Holidays Designs/Valentines Earrings/SVG/Valentines Earrings-18 SVG.svg,6. Holidays Designs/Valentines Earrings/PNG/Valentines Earrings-18 SVG.png
01800,Holidays Designs,Valentines Earrings,Valentines Earrings-19 SVG,,6. Holidays Designs/Valentines Earrings/SVG/Valentines Earrings-19 SVG.svg,6. Holidays Designs/Valentines Earrings/PNG/Valentines Earrings-19 SVG.png
01801,Holidays Designs,Valentines Earrings,Valentines Earrings-20 SVG,,6. Holidays Designs/Valentines Earrings/SVG/Valentines Earrings-20 SVG.svg,6. Holidays Designs/Valentines Earrings/PNG/Valentines Earrings-20 SVG.png
01802,Mandala Designs,Floral Mandala Coasters,Hexagon coasters01,yes,7. Mandala Designs/Floral Mandala Coasters/18 Round Mandala/SVG/Hexagon coasters01.svg,7. Mandala Designs/Floral Mandala Coasters/18 Round Mandala/PNG/Hexagon coasters01.png
01803,Mandala Designs,Floral Mandala Coasters,Hexagon coasters03,yes,7. Mandala Designs/Floral Mandala Coasters/18 Round Mandala/SVG/Hexagon coasters03.svg,7. Mandala Designs/Floral Mandala Coasters/18 Round Mandala/PNG/Hexagon coasters03.png
01804,Mandala Designs,Floral Mandala Coasters,Hexagon coasters04,yes,7. Mandala Designs/Floral Mandala Coasters/18 Round Mandala/SVG/Hexagon coasters04.svg,7. Mandala Designs/Floral Mandala Coasters/18 Round Mandala/PNG/Hexagon coasters04.png
01805,Mandala Designs,Floral Mandala Coasters,Hexagon coasters05,yes,7. Mandala Designs/Floral Mandala Coasters/18 Round Mandala/SVG/Hexagon coasters05.svg,7. Mandala Designs/Floral Mandala Coasters/18 Round Mandala/PNG/Hexagon coasters05.png
01806,Mandala Designs,Floral Mandala Coasters,Hexagon coasters08,yes,7. Mandala Designs/Floral Mandala Coasters/18 Round Mandala/SVG/Hexagon coasters08.svg,7. Mandala Designs/Floral Mandala Coasters/18 Round Mandala/PNG/Hexagon coasters08.png
01807,Mandala Designs,Floral Mandala Coasters,Hexagon coasters09,yes,7. Mandala Designs/Floral Mandala Coasters/18 Round Mandala/SVG/Hexagon coasters09.svg,7. Mandala Designs/Floral Mandala Coasters/18 Round Mandala/PNG/Hexagon coasters09.png
01808,Mandala Designs,Floral Mandala Coasters,Hexagon coasters10,yes,7. Mandala Designs/Floral Mandala Coasters/18 Round Mandala/SVG/Hexagon coasters10.svg,7. Mandala Designs/Floral Mandala Coasters/18 Round Mandala/PNG/Hexagon coasters10.png
01809,Mandala Designs,Floral Mandala Coasters,Hexagon coasters11,yes,7. Mandala Designs/Floral Mandala Coasters/18 Round Mandala/SVG/Hexagon coasters11.svg,7. Mandala Designs/Floral Mandala Coasters/18 Round Mandala/PNG/Hexagon coasters11.png
01810,Mandala Designs,Floral Mandala Coasters,mandala coasters01,yes,7. Mandala Designs/Floral Mandala Coasters/18 Round Mandala/SVG/mandala coasters01.svg,7. Mandala Designs/Floral Mandala Coasters/18 Round Mandala/PNG/mandala coasters01.png
01811,Mandala Designs,Floral Mandala Coasters,mandala coasters02,yes,7. Mandala Designs/Floral Mandala Coasters/18 Round Mandala/SVG/mandala coasters02.svg,7. Mandala Designs/Floral Mandala Coasters/18 Round Mandala/PNG/mandala coasters02.png
01812,Mandala Designs,Floral Mandala Coasters,mandala coasters03,yes,7. Mandala Designs/Floral Mandala Coasters/18 Round Mandala/SVG/mandala coasters03.svg,7. Mandala Designs/Floral Mandala Coasters/18 Round Mandala/PNG/mandala coasters03.png
01813,Mandala Designs,Floral Mandala Coasters,mandala coasters04,yes,7. Mandala Designs/Floral Mandala Coasters/18 Round Mandala/SVG/mandala coasters04.svg,7. Mandala Designs/Floral Mandala Coasters/18 Round Mandala/PNG/mandala coasters04.png
01814,Mandala Designs,Floral Mandala Coasters,mandala coasters05,yes,7. Mandala Designs/Floral Mandala Coasters/18 Round Mandala/SVG/mandala coasters05.svg,7. Mandala Designs/Floral Mandala Coasters/18 Round Mandala/PNG/mandala coasters05.png
01815,Mandala Designs,Floral Mandala Coasters,mandala coasters06,yes,7. Mandala Designs/Floral Mandala Coasters/18 Round Mandala/SVG/mandala coasters06.svg,7. Mandala Designs/Floral Mandala Coasters/18 Round Mandala/PNG/mandala coasters06.png
01816,Mandala Designs,Floral Mandala Coasters,mandala coasters07,yes,7. Mandala Designs/Floral Mandala Coasters/18 Round Mandala/SVG/mandala coasters07.svg,7. Mandala Designs/Floral Mandala Coasters/18 Round Mandala/PNG/mandala coasters07.png
01817,Mandala Designs,Floral Mandala Coasters,mandala coasters08,yes,7. Mandala Designs/Floral Mandala Coasters/18 Round Mandala/SVG/mandala coasters08.svg,7. Mandala Designs/Floral Mandala Coasters/18 Round Mandala/PNG/mandala coasters08.png
01818,Mandala Designs,Floral Mandala Coasters,mandala coasters09,yes,7. Mandala Designs/Floral Mandala Coasters/18 Round Mandala/SVG/mandala coasters09.svg,7. Mandala Designs/Floral Mandala Coasters/18 Round Mandala/PNG/mandala coasters09.png
01819,Mandala Designs,Floral Mandala Coasters,mandala coasters10,yes,7. Mandala Designs/Floral Mandala Coasters/18 Round Mandala/SVG/mandala coasters10.svg,7. Mandala Designs/Floral Mandala Coasters/18 Round Mandala/PNG/mandala coasters10.png
01820,Mandala Designs,Floral Mandala Coasters,mandala coasters11,yes,7. Mandala Designs/Floral Mandala Coasters/18 Round Mandala/SVG/mandala coasters11.svg,7. Mandala Designs/Floral Mandala Coasters/18 Round Mandala/PNG/mandala coasters11.png
01821,Mandala Designs,Floral Mandala Coasters,mandala coasters12,yes,7. Mandala Designs/Floral Mandala Coasters/18 Round Mandala/SVG/mandala coasters12.svg,7. Mandala Designs/Floral Mandala Coasters/18 Round Mandala/PNG/mandala coasters12.png
01822,Mandala Designs,Floral Mandala Coasters,mandala coasters13,yes,7. Mandala Designs/Floral Mandala Coasters/18 Round Mandala/SVG/mandala coasters13.svg,7. Mandala Designs/Floral Mandala Coasters/18 Round Mandala/PNG/mandala coasters13.png
01823,Mandala Designs,Floral Mandala Coasters,mandala coasters14,yes,7. Mandala Designs/Floral Mandala Coasters/18 Round Mandala/SVG/mandala coasters14.svg,7. Mandala Designs/Floral Mandala Coasters/18 Round Mandala/PNG/mandala coasters14.png
01824,Mandala Designs,Floral Mandala Coasters,mandala coasters15,yes,7. Mandala Designs/Floral Mandala Coasters/18 Round Mandala/SVG/mandala coasters15.svg,7. Mandala Designs/Floral Mandala Coasters/18 Round Mandala/PNG/mandala coasters15.png
01825,Mandala Designs,Floral Mandala Coasters,mandala coasters16,yes,7. Mandala Designs/Floral Mandala Coasters/18 Round Mandala/SVG/mandala coasters16.svg,7. Mandala Designs/Floral Mandala Coasters/18 Round Mandala/PNG/mandala coasters16.png
01826,Mandala Designs,Floral Mandala Coasters,mandala coasters17,yes,7. Mandala Designs/Floral Mandala Coasters/18 Round Mandala/SVG/mandala coasters17.svg,7. Mandala Designs/Floral Mandala Coasters/18 Round Mandala/PNG/mandala coasters17.png
01827,Mandala Designs,Floral Mandala Coasters,mandala coasters18,yes,7. Mandala Designs/Floral Mandala Coasters/18 Round Mandala/SVG/mandala coasters18.svg,7. Mandala Designs/Floral Mandala Coasters/18 Round Mandala/PNG/mandala coasters18.png
01828,Mandala Designs,Floral Mandala Coasters,Coasters (1),yes,7. Mandala Designs/Floral Mandala Coasters/32 Round Floral Coasters/SVG/Coasters (1).svg,7. Mandala Designs/Floral Mandala Coasters/32 Round Floral Coasters/PNG/Coasters (1).png
01829,Mandala Designs,Floral Mandala Coasters,Coasters (10),yes,7. Mandala Designs/Floral Mandala Coasters/32 Round Floral Coasters/SVG/Coasters (10).svg,7. Mandala Designs/Floral Mandala Coasters/32 Round Floral Coasters/PNG/Coasters (10).png
01830,Mandala Designs,Floral Mandala Coasters,Coasters (11),yes,7. Mandala Designs/Floral Mandala Coasters/32 Round Floral Coasters/SVG/Coasters (11).svg,7. Mandala Designs/Floral Mandala Coasters/32 Round Floral Coasters/PNG/Coasters (11).png
01831,Mandala Designs,Floral Mandala Coasters,Coasters (12),yes,7. Mandala Designs/Floral Mandala Coasters/32 Round Floral Coasters/SVG/Coasters (12).svg,7. Mandala Designs/Floral Mandala Coasters/32 Round Floral Coasters/PNG/Coasters (12).png
01832,Mandala Designs,Floral Mandala Coasters,Coasters (13),yes,7. Mandala Designs/Floral Mandala Coasters/32 Round Floral Coasters/SVG/Coasters (13).svg,7. Mandala Designs/Floral Mandala Coasters/32 Round Floral Coasters/PNG/Coasters (13).png
01833,Mandala Designs,Floral Mandala Coasters,Coasters (14),yes,7. Mandala Designs/Floral Mandala Coasters/32 Round Floral Coasters/SVG/Coasters (14).svg,7. Mandala Designs/Floral Mandala Coasters/32 Round Floral Coasters/PNG/Coasters (14).png
01834,Mandala Designs,Floral Mandala Coasters,Coasters (15),yes,7. Mandala Designs/Floral Mandala Coasters/32 Round Floral Coasters/SVG/Coasters (15).svg,7. Mandala Designs/Floral Mandala Coasters/32 Round Floral Coasters/PNG/Coasters (15).png
01835,Mandala Designs,Floral Mandala Coasters,Coasters (16),yes,7. Mandala Designs/Floral Mandala Coasters/32 Round Floral Coasters/SVG/Coasters (16).svg,7. Mandala Designs/Floral Mandala Coasters/32 Round Floral Coasters/PNG/Coasters (16).png
01836,Mandala Designs,Floral Mandala Coasters,Coasters (17),yes,7. Mandala Designs/Floral Mandala Coasters/32 Round Floral Coasters/SVG/Coasters (17).svg,7. Mandala Designs/Floral Mandala Coasters/32 Round Floral Coasters/PNG/Coasters (17).png
01837,Mandala Designs,Floral Mandala Coasters,Coasters (18),yes,7. Mandala Designs/Floral Mandala Coasters/32 Round Floral Coasters/SVG/Coasters (18).svg,7. Mandala Designs/Floral Mandala Coasters/32 Round Floral Coasters/PNG/Coasters (18).png
01838,Mandala Designs,Floral Mandala Coasters,Coasters (19),yes,7. Mandala Designs/Floral Mandala Coasters/32 Round Floral Coasters/SVG/Coasters (19).svg,7. Mandala Designs/Floral Mandala Coasters/32 Round Floral Coasters/PNG/Coasters (19).png
01839,Mandala Designs,Floral Mandala Coasters,Coasters (2),yes,7. Mandala Designs/Floral Mandala Coasters/32 Round Floral Coasters/SVG/Coasters (2).svg,7. Mandala Designs/Floral Mandala Coasters/32 Round Floral Coasters/PNG/Coasters (2).png
01840,Mandala Designs,Floral Mandala Coasters,Coasters (20),yes,7. Mandala Designs/Floral Mandala Coasters/32 Round Floral Coasters/SVG/Coasters (20).svg,7. Mandala Designs/Floral Mandala Coasters/32 Round Floral Coasters/PNG/Coasters (20).png
01841,Mandala Designs,Floral Mandala Coasters,Coasters (21),yes,7. Mandala Designs/Floral Mandala Coasters/32 Round Floral Coasters/SVG/Coasters (21).svg,7. Mandala Designs/Floral Mandala Coasters/32 Round Floral Coasters/PNG/Coasters (21).png
01842,Mandala Designs,Floral Mandala Coasters,Coasters (22),yes,7. Mandala Designs/Floral Mandala Coasters/32 Round Floral Coasters/SVG/Coasters (22).svg,7. Mandala Designs/Floral Mandala Coasters/32 Round Floral Coasters/PNG/Coasters (22).png
01843,Mandala Designs,Floral Mandala Coasters,Coasters (23),yes,7. Mandala Designs/Floral Mandala Coasters/32 Round Floral Coasters/SVG/Coasters (23).svg,7. Mandala Designs/Floral Mandala Coasters/32 Round Floral Coasters/PNG/Coasters (23).png
01844,Mandala Designs,Floral Mandala Coasters,Coasters (24),yes,7. Mandala Designs/Floral Mandala Coasters/32 Round Floral Coasters/SVG/Coasters (24).svg,7. Mandala Designs/Floral Mandala Coasters/32 Round Floral Coasters/PNG/Coasters (24).png
01845,Mandala Designs,Floral Mandala Coasters,Coasters (25),yes,7. Mandala Designs/Floral Mandala Coasters/32 Round Floral Coasters/SVG/Coasters (25).svg,7. Mandala Designs/Floral Mandala Coasters/32 Round Floral Coasters/PNG/Coasters (25).png
01846,Mandala Designs,Floral Mandala Coasters,Coasters (26),yes,7. Mandala Designs/Floral Mandala Coasters/32 Round Floral Coasters/SVG/Coasters (26).svg,7. Mandala Designs/Floral Mandala Coasters/32 Round Floral Coasters/PNG/Coasters (26).png
01847,Mandala Designs,Floral Mandala Coasters,Coasters (27),yes,7. Mandala Designs/Floral Mandala Coasters/32 Round Floral Coasters/SVG/Coasters (27).svg,7. Mandala Designs/Floral Mandala Coasters/32 Round Floral Coasters/PNG/Coasters (27).png
01848,Mandala Designs,Floral Mandala Coasters,Coasters (28),yes,7. Mandala Designs/Floral Mandala Coasters/32 Round Floral Coasters/SVG/Coasters (28).svg,7. Mandala Designs/Floral Mandala Coasters/32 Round Floral Coasters/PNG/Coasters (28).png
01849,Mandala Designs,Floral Mandala Coasters,Coasters (29),yes,7. Mandala Designs/Floral Mandala Coasters/32 Round Floral Coasters/SVG/Coasters (29).svg,7. Mandala Designs/Floral Mandala Coasters/32 Round Floral Coasters/PNG/Coasters (29).png
01850,Mandala Designs,Floral Mandala Coasters,Coasters (3),yes,7. Mandala Designs/Floral Mandala Coasters/32 Round Floral Coasters/SVG/Coasters (3).svg,7. Mandala Designs/Floral Mandala Coasters/32 Round Floral Coasters/PNG/Coasters (3).png
01851,Mandala Designs,Floral Mandala Coasters,Coasters (4),yes,7. Mandala Designs/Floral Mandala Coasters/32 Round Floral Coasters/SVG/Coasters (4).svg,7. Mandala Designs/Floral Mandala Coasters/32 Round Floral Coasters/PNG/Coasters (4).png
01852,Mandala Designs,Floral Mandala Coasters,Coasters (5),yes,7. Mandala Designs/Floral Mandala Coasters/32 Round Floral Coasters/SVG/Coasters (5).svg,7. Mandala Designs/Floral Mandala Coasters/32 Round Floral Coasters/PNG/Coasters (5).png
01853,Mandala Designs,Floral Mandala Coasters,Coasters (6),yes,7. Mandala Designs/Floral Mandala Coasters/32 Round Floral Coasters/SVG/Coasters (6).svg,7. Mandala Designs/Floral Mandala Coasters/32 Round Floral Coasters/PNG/Coasters (6).png
01854,Mandala Designs,Floral Mandala Coasters,Coasters (7),yes,7. Mandala Designs/Floral Mandala Coasters/32 Round Floral Coasters/SVG/Coasters (7).svg,7. Mandala Designs/Floral Mandala Coasters/32 Round Floral Coasters/PNG/Coasters (7).png
01855,Mandala Designs,Floral Mandala Coasters,Coasters (8),yes,7. Mandala Designs/Floral Mandala Coasters/32 Round Floral Coasters/SVG/Coasters (8).svg,7. Mandala Designs/Floral Mandala Coasters/32 Round Floral Coasters/PNG/Coasters (8).png
01856,Mandala Designs,Floral Mandala Coasters,Coasters (9),yes,7. Mandala Designs/Floral Mandala Coasters/32 Round Floral Coasters/SVG/Coasters (9).svg,7. Mandala Designs/Floral Mandala Coasters/32 Round Floral Coasters/PNG/Coasters (9).png
01857,Mandala Designs,Floral Mandala Coasters,Bear,yes,7. Mandala Designs/Floral Mandala Coasters/AnimalandGear/12 Animal coasters/Bear/Bear.svg,7. Mandala Designs/Floral Mandala Coasters/AnimalandGear/12 Animal coasters/Bear/Bear.png
01858,Mandala Designs,Floral Mandala Coasters,Coala,yes,7. Mandala Designs/Floral Mandala Coasters/AnimalandGear/12 Animal coasters/Coala/Coala.svg,7. Mandala Designs/Floral Mandala Coasters/AnimalandGear/12 Animal coasters/Coala/Coala.png
01859,Mandala Designs,Floral Mandala Coasters,Dog,yes,7. Mandala Designs/Floral Mandala Coasters/AnimalandGear/12 Animal coasters/Dog/Dog.svg,7. Mandala Designs/Floral Mandala Coasters/AnimalandGear/12 Animal coasters/Dog/Dog.png
01860,Mandala Designs,Floral Mandala Coasters,Fox,yes,7. Mandala Designs/Floral Mandala Coasters/AnimalandGear/12 Animal coasters/Fox/Fox.svg,7. Mandala Designs/Floral Mandala Coasters/AnimalandGear/12 Animal coasters/Fox/Fox.png
01861,Mandala Designs,Floral Mandala Coasters,Lion,yes,7. Mandala Designs/Floral Mandala Coasters/AnimalandGear/12 Animal coasters/Lion/Lion.svg,7. Mandala Designs/Floral Mandala Coasters/AnimalandGear/12 Animal coasters/Lion/Lion.png
01862,Mandala Designs,Floral Mandala Coasters,Monkey,yes,7. Mandala Designs/Floral Mandala Coasters/AnimalandGear/12 Animal coasters/Monkey/Monkey.svg,7. Mandala Designs/Floral Mandala Coasters/AnimalandGear/12 Animal coasters/Monkey/Monkey.png
01863,Mandala Designs,Floral Mandala Coasters,Owl,yes,7. Mandala Designs/Floral Mandala Coasters/AnimalandGear/12 Animal coasters/Owl/Owl.svg,7. Mandala Designs/Floral Mandala Coasters/AnimalandGear/12 Animal coasters/Owl/Owl.png
01864,Mandala Designs,Floral Mandala Coasters,Rabbit,yes,7. Mandala Designs/Floral Mandala Coasters/AnimalandGear/12 Animal coasters/Rabbit/Rabbit.svg,7. Mandala Designs/Floral Mandala Coasters/AnimalandGear/12 Animal coasters/Rabbit/Rabbit.png
01865,Mandala Designs,Floral Mandala Coasters,Tiger,yes,7. Mandala Designs/Floral Mandala Coasters/AnimalandGear/12 Animal coasters/Tiger/Tiger.svg,7. Mandala Designs/Floral Mandala Coasters/AnimalandGear/12 Animal coasters/Tiger/Tiger.png
01866,Mandala Designs,Floral Mandala Coasters,Wolf,yes,7. Mandala Designs/Floral Mandala Coasters/AnimalandGear/12 Animal coasters/Wolf/Wolf.svg,7. Mandala Designs/Floral Mandala Coasters/AnimalandGear/12 Animal coasters/Wolf/Wolf.png
01867,Mandala Designs,Floral Mandala Coasters,Coaster (1),yes,7. Mandala Designs/Floral Mandala Coasters/AnimalandGear/20 Gear-cog Coasters/SVG/Coaster (1).svg,7. Mandala Designs/Floral Mandala Coasters/AnimalandGear/20 Gear-cog Coasters/PNG/Coaster (1).png
01868,Mandala Designs,Floral Mandala Coasters,Coaster (10),yes,7. Mandala Designs/Floral Mandala Coasters/AnimalandGear/20 Gear-cog Coasters/SVG/Coaster (10).svg,7. Mandala Designs/Floral Mandala Coasters/AnimalandGear/20 Gear-cog Coasters/PNG/Coaster (10).png
01869,Mandala Designs,Floral Mandala Coasters,Coaster (11),yes,7. Mandala Designs/Floral Mandala Coasters/AnimalandGear/20 Gear-cog Coasters/SVG/Coaster (11).svg,7. Mandala Designs/Floral Mandala Coasters/AnimalandGear/20 Gear-cog Coasters/PNG/Coaster (11).png
01870,Mandala Designs,Floral Mandala Coasters,Coaster (12),yes,7. Mandala Designs/Floral Mandala Coasters/AnimalandGear/20 Gear-cog Coasters/SVG/Coaster (12).svg,7. Mandala Designs/Floral Mandala Coasters/AnimalandGear/20 Gear-cog Coasters/PNG/Coaster (12).png
01871,Mandala Designs,Floral Mandala Coasters,Coaster (2),yes,7. Mandala Designs/Floral Mandala Coasters/AnimalandGear/20 Gear-cog Coasters/SVG/Coaster (2).svg,7. Mandala Designs/Floral Mandala Coasters/AnimalandGear/20 Gear-cog Coasters/PNG/Coaster (2).png
01872,Mandala Designs,Floral Mandala Coasters,Coaster (3),yes,7. Mandala Designs/Floral Mandala Coasters/AnimalandGear/20 Gear-cog Coasters/SVG/Coaster (3).svg,7. Mandala Designs/Floral Mandala Coasters/AnimalandGear/20 Gear-cog Coasters/PNG/Coaster (3).png
01873,Mandala Designs,Floral Mandala Coasters,Coaster (4),yes,7. Mandala Designs/Floral Mandala Coasters/AnimalandGear/20 Gear-cog Coasters/SVG/Coaster (4).svg,7. Mandala Designs/Floral Mandala Coasters/AnimalandGear/20 Gear-cog Coasters/PNG/Coaster (4).png
01874,Mandala Designs,Floral Mandala Coasters,Coaster (5),yes,7. Mandala Designs/Floral Mandala Coasters/AnimalandGear/20 Gear-cog Coasters/SVG/Coaster (5).svg,7. Mandala Designs/Floral Mandala Coasters/AnimalandGear/20 Gear-cog Coasters/PNG/Coaster (5).png
01875,Mandala Designs,Floral Mandala Coasters,Coaster (6),yes,7. Mandala Designs/Floral Mandala Coasters/AnimalandGear/20 Gear-cog Coasters/SVG/Coaster (6).svg,7. Mandala Designs/Floral Mandala Coasters/AnimalandGear/20 Gear-cog Coasters/PNG/Coaster (6).png
01876,Mandala Designs,Floral Mandala Coasters,Coaster (7),yes,7. Mandala Designs/Floral Mandala Coasters/AnimalandGear/20 Gear-cog Coasters/SVG/Coaster (7).svg,7. Mandala Designs/Floral Mandala Coasters/AnimalandGear/20 Gear-cog Coasters/PNG/Coaster (7).png
01877,Mandala Designs,Floral Mandala Coasters,Coaster (8),yes,7. Mandala Designs/Floral Mandala Coasters/AnimalandGear/20 Gear-cog Coasters/SVG/Coaster (8).svg,7. Mandala Designs/Floral Mandala Coasters/AnimalandGear/20 Gear-cog Coasters/PNG/Coaster (8).png
01878,Mandala Designs,Floral Mandala Coasters,Coaster (9),yes,7. Mandala Designs/Floral Mandala Coasters/AnimalandGear/20 Gear-cog Coasters/SVG/Coaster (9).svg,7. Mandala Designs/Floral Mandala Coasters/AnimalandGear/20 Gear-cog Coasters/PNG/Coaster (9).png
01879,Mandala Designs,Floral Mandala Coasters,Halloween coasters (1),yes,7. Mandala Designs/Floral Mandala Coasters/HalloweenandFathersDay/15 Halloween Coasters/SVG/Halloween coasters (1).svg,7. Mandala Designs/Floral Mandala Coasters/HalloweenandFathersDay/15 Halloween Coasters/PNG/Halloween coasters (1).png
01880,Mandala Designs,Floral Mandala Coasters,Halloween coasters (2),yes,7. Mandala Designs/Floral Mandala Coasters/HalloweenandFathersDay/15 Halloween Coasters/SVG/Halloween coasters (2).svg,7. Mandala Designs/Floral Mandala Coasters/HalloweenandFathersDay/15 Halloween Coasters/PNG/Halloween coasters (2).png
01881,Mandala Designs,Floral Mandala Coasters,Halloween coasters (3),yes,7. Mandala Designs/Floral Mandala Coasters/HalloweenandFathersDay/15 Halloween Coasters/SVG/Halloween coasters (3).svg,7. Mandala Designs/Floral Mandala Coasters/HalloweenandFathersDay/15 Halloween Coasters/PNG/Halloween coasters (3).png
01882,Mandala Designs,Floral Mandala Coasters,Halloween coasters (4),yes,7. Mandala Designs/Floral Mandala Coasters/HalloweenandFathersDay/15 Halloween Coasters/SVG/Halloween coasters (4).svg,7. Mandala Designs/Floral Mandala Coasters/HalloweenandFathersDay/15 Halloween Coasters/PNG/Halloween coasters (4).png
01883,Mandala Designs,Floral Mandala Coasters,Coaster (1),yes,7. Mandala Designs/Floral Mandala Coasters/HalloweenandFathersDay/16 Squre Geometric Coasters/SVG/Coaster (1).svg,7. Mandala Designs/Floral Mandala Coasters/HalloweenandFathersDay/16 Squre Geometric Coasters/PNG/Coaster (1).png
01884,Mandala Designs,Floral Mandala Coasters,Coaster (10),yes,7. Mandala Designs/Floral Mandala Coasters/HalloweenandFathersDay/16 Squre Geometric Coasters/SVG/Coaster (10).svg,7. Mandala Designs/Floral Mandala Coasters/HalloweenandFathersDay/16 Squre Geometric Coasters/PNG/Coaster (10).png
01885,Mandala Designs,Floral Mandala Coasters,Coaster (11),yes,7. Mandala Designs/Floral Mandala Coasters/HalloweenandFathersDay/16 Squre Geometric Coasters/SVG/Coaster (11).svg,7. Mandala Designs/Floral Mandala Coasters/HalloweenandFathersDay/16 Squre Geometric Coasters/PNG/Coaster (11).png
01886,Mandala Designs,Floral Mandala Coasters,Coaster (12),yes,7. Mandala Designs/Floral Mandala Coasters/HalloweenandFathersDay/16 Squre Geometric Coasters/SVG/Coaster (12).svg,7. Mandala Designs/Floral Mandala Coasters/HalloweenandFathersDay/16 Squre Geometric Coasters/PNG/Coaster (12).png
01887,Mandala Designs,Floral Mandala Coasters,Coaster (2),yes,7. Mandala Designs/Floral Mandala Coasters/HalloweenandFathersDay/16 Squre Geometric Coasters/SVG/Coaster (2).svg,7. Mandala Designs/Floral Mandala Coasters/HalloweenandFathersDay/16 Squre Geometric Coasters/PNG/Coaster (2).png
01888,Mandala Designs,Floral Mandala Coasters,Coaster (3),yes,7. Mandala Designs/Floral Mandala Coasters/HalloweenandFathersDay/16 Squre Geometric Coasters/SVG/Coaster (3).svg,7. Mandala Designs/Floral Mandala Coasters/HalloweenandFathersDay/16 Squre Geometric Coasters/PNG/Coaster (3).png
01889,Mandala Designs,Floral Mandala Coasters,Coaster (4),yes,7. Mandala Designs/Floral Mandala Coasters/HalloweenandFathersDay/16 Squre Geometric Coasters/SVG/Coaster (4).svg,7. Mandala Designs/Floral Mandala Coasters/HalloweenandFathersDay/16 Squre Geometric Coasters/PNG/Coaster (4).png
01890,Mandala Designs,Floral Mandala Coasters,Coaster (5),yes,7. Mandala Designs/Floral Mandala Coasters/HalloweenandFathersDay/16 Squre Geometric Coasters/SVG/Coaster (5).svg,7. Mandala Designs/Floral Mandala Coasters/HalloweenandFathersDay/16 Squre Geometric Coasters/PNG/Coaster (5).png
01891,Mandala Designs,Floral Mandala Coasters,Coaster (6),yes,7. Mandala Designs/Floral Mandala Coasters/HalloweenandFathersDay/16 Squre Geometric Coasters/SVG/Coaster (6).svg,7. Mandala Designs/Floral Mandala Coasters/HalloweenandFathersDay/16 Squre Geometric Coasters/PNG/Coaster (6).png
01892,Mandala Designs,Floral Mandala Coasters,Coaster (7),yes,7. Mandala Designs/Floral Mandala Coasters/HalloweenandFathersDay/16 Squre Geometric Coasters/SVG/Coaster (7).svg,7. Mandala Designs/Floral Mandala Coasters/HalloweenandFathersDay/16 Squre Geometric Coasters/PNG/Coaster (7).png
01893,Mandala Designs,Floral Mandala Coasters,Coaster (8),yes,7. Mandala Designs/Floral Mandala Coasters/HalloweenandFathersDay/16 Squre Geometric Coasters/SVG/Coaster (8).svg,7. Mandala Designs/Floral Mandala Coasters/HalloweenandFathersDay/16 Squre Geometric Coasters/PNG/Coaster (8).png
01894,Mandala Designs,Floral Mandala Coasters,Coaster (9),yes,7. Mandala Designs/Floral Mandala Coasters/HalloweenandFathersDay/16 Squre Geometric Coasters/SVG/Coaster (9).svg,7. Mandala Designs/Floral Mandala Coasters/HalloweenandFathersDay/16 Squre Geometric Coasters/PNG/Coaster (9).png
01895,Mandala Designs,Floral Mandala Coasters,Fathers day01,yes,7. Mandala Designs/Floral Mandala Coasters/HalloweenandFathersDay/6 Fathers day Coasters/SVG/Fathers day01.svg,7. Mandala Designs/Floral Mandala Coasters/HalloweenandFathersDay/6 Fathers day Coasters/PNG/Fathers day01.png
01896,Mandala Designs,Floral Mandala Coasters,Fathers day02,yes,7. Mandala Designs/Floral Mandala Coasters/HalloweenandFathersDay/6 Fathers day Coasters/SVG/Fathers day02.svg,7. Mandala Designs/Floral Mandala Coasters/HalloweenandFathersDay/6 Fathers day Coasters/PNG/Fathers day02.png
01897,Mandala Designs,Floral Mandala Coasters,Fathers day03,yes,7. Mandala Designs/Floral Mandala Coasters/HalloweenandFathersDay/6 Fathers day Coasters/SVG/Fathers day03.svg,7. Mandala Designs/Floral Mandala Coasters/HalloweenandFathersDay/6 Fathers day Coasters/PNG/Fathers day03.png
01898,Mandala Designs,Floral Mandala Coasters,Fathers day04,yes,7. Mandala Designs/Floral Mandala Coasters/HalloweenandFathersDay/6 Fathers day Coasters/SVG/Fathers day04.svg,7. Mandala Designs/Floral Mandala Coasters/HalloweenandFathersDay/6 Fathers day Coasters/PNG/Fathers day04.png
01899,Mandala Designs,Floral Mandala Coasters,Fathers day05,yes,7. Mandala Designs/Floral Mandala Coasters/HalloweenandFathersDay/6 Fathers day Coasters/SVG/Fathers day05.svg,7. Mandala Designs/Floral Mandala Coasters/HalloweenandFathersDay/6 Fathers day Coasters/PNG/Fathers day05.png
01900,Mandala Designs,Floral Mandala Coasters,Fathers day06,yes,7. Mandala Designs/Floral Mandala Coasters/HalloweenandFathersDay/6 Fathers day Coasters/SVG/Fathers day06.svg,7. Mandala Designs/Floral Mandala Coasters/HalloweenandFathersDay/6 Fathers day Coasters/PNG/Fathers day06.png
01901,Mandala Designs,Mandala,mandala-01-SVG,,7. Mandala Designs/Mandala/SVG/mandala-01-SVG.svg,7. Mandala Designs/Mandala/PNG/mandala-01-SVG.png
01902,Mandala Designs,Mandala,mandala-02-SVG,,7. Mandala Designs/Mandala/SVG/mandala-02-SVG.svg,7. Mandala Designs/Mandala/PNG/mandala-02-SVG.png
01903,Mandala Designs,Mandala,mandala-03-SVG,,7. Mandala Designs/Mandala/SVG/mandala-03-SVG.svg,7. Mandala Designs/Mandala/PNG/mandala-03-SVG.png
01904,Mandala Designs,Mandala,mandala-04-SVG,,7. Mandala Designs/Mandala/SVG/mandala-04-SVG.svg,7. Mandala Designs/Mandala/PNG/mandala-04-SVG.png
01905,Mandala Designs,Mandala,mandala-05-SVG,,7. Mandala Designs/Mandala/SVG/mandala-05-SVG.svg,7. Mandala Designs/Mandala/PNG/mandala-05-SVG.png
01906,Mandala Designs,Mandala,mandala-06-SVG,,7. Mandala Designs/Mandala/SVG/mandala-06-SVG.svg,7. Mandala Designs/Mandala/PNG/mandala-06-SVG.png
01907,Mandala Designs,Multilayer Mandalas,00101,,7. Mandala Designs/Multilayer Mandalas/1/SVG/00101.svg,7. Mandala Designs/Multilayer Mandalas/1/PNG/00101.png
01908,Mandala Designs,Multilayer Mandalas,00102,,7. Mandala Designs/Multilayer Mandalas/1/SVG/00102.svg,7. Mandala Designs/Multilayer Mandalas/1/PNG/00102.png
01909,Mandala Designs,Multilayer Mandalas,00103,,7. Mandala Designs/Multilayer Mandalas/1/SVG/00103.svg,7. Mandala Designs/Multilayer Mandalas/1/PNG/00103.png
01910,Mandala Designs,Multilayer Mandalas,00104,,7. Mandala Designs/Multilayer Mandalas/1/SVG/00104.svg,7. Mandala Designs/Multilayer Mandalas/1/PNG/00104.png
01911,Mandala Designs,Multilayer Mandalas,00105,,7. Mandala Designs/Multilayer Mandalas/1/SVG/00105.svg,7. Mandala Designs/Multilayer Mandalas/1/PNG/00105.png
01912,Mandala Designs,Multilayer Mandalas,00106,,7. Mandala Designs/Multilayer Mandalas/1/SVG/00106.svg,7. Mandala Designs/Multilayer Mandalas/1/PNG/00106.png
01913,Mandala Designs,Multilayer Mandalas,01001,,7. Mandala Designs/Multilayer Mandalas/10/SVG/01001.svg,7. Mandala Designs/Multilayer Mandalas/10/PNG/01001.png
01914,Mandala Designs,Multilayer Mandalas,01002,,7. Mandala Designs/Multilayer Mandalas/10/SVG/01002.svg,7. Mandala Designs/Multilayer Mandalas/10/PNG/01002.png
01915,Mandala Designs,Multilayer Mandalas,01003,,7. Mandala Designs/Multilayer Mandalas/10/SVG/01003.svg,7. Mandala Designs/Multilayer Mandalas/10/PNG/01003.png
01916,Mandala Designs,Multilayer Mandalas,01004,,7. Mandala Designs/Multilayer Mandalas/10/SVG/01004.svg,7. Mandala Designs/Multilayer Mandalas/10/PNG/01004.png
01917,Mandala Designs,Multilayer Mandalas,01005,,7. Mandala Designs/Multilayer Mandalas/10/SVG/01005.svg,7. Mandala Designs/Multilayer Mandalas/10/PNG/01005.png
01918,Mandala Designs,Multilayer Mandalas,01007,,7. Mandala Designs/Multilayer Mandalas/10/SVG/01007.svg,7. Mandala Designs/Multilayer Mandalas/10/PNG/01007.png
01919,Mandala Designs,Multilayer Mandalas,01101,,7. Mandala Designs/Multilayer Mandalas/11/SVG/01101.svg,7. Mandala Designs/Multilayer Mandalas/11/PNG/01101.png
01920,Mandala Designs,Multilayer Mandalas,01102,,7. Mandala Designs/Multilayer Mandalas/11/SVG/01102.svg,7. Mandala Designs/Multilayer Mandalas/11/PNG/01102.png
01921,Mandala Designs,Multilayer Mandalas,01103,,7. Mandala Designs/Multilayer Mandalas/11/SVG/01103.svg,7. Mandala Designs/Multilayer Mandalas/11/PNG/01103.png
01922,Mandala Designs,Multilayer Mandalas,01104,,7. Mandala Designs/Multilayer Mandalas/11/SVG/01104.svg,7. Mandala Designs/Multilayer Mandalas/11/PNG/01104.png
01923,Mandala Designs,Multilayer Mandalas,01105,,7. Mandala Designs/Multilayer Mandalas/11/SVG/01105.svg,7. Mandala Designs/Multilayer Mandalas/11/PNG/01105.png
01924,Mandala Designs,Multilayer Mandalas,01106,,7. Mandala Designs/Multilayer Mandalas/11/SVG/01106.svg,7. Mandala Designs/Multilayer Mandalas/11/PNG/01106.png
01925,Mandala Designs,Multilayer Mandalas,01107,,7. Mandala Designs/Multilayer Mandalas/11/SVG/01107.svg,7. Mandala Designs/Multilayer Mandalas/11/PNG/01107.png
01926,Mandala Designs,Multilayer Mandalas,01201,,7. Mandala Designs/Multilayer Mandalas/12/SVG/01201.svg,7. Mandala Designs/Multilayer Mandalas/12/PNG/01201.png
01927,Mandala Designs,Multilayer Mandalas,01202,,7. Mandala Designs/Multilayer Mandalas/12/SVG/01202.svg,7. Mandala Designs/Multilayer Mandalas/12/PNG/01202.png
01928,Mandala Designs,Multilayer Mandalas,01203,,7. Mandala Designs/Multilayer Mandalas/12/SVG/01203.svg,7. Mandala Designs/Multilayer Mandalas/12/PNG/01203.png
01929,Mandala Designs,Multilayer Mandalas,01204,,7. Mandala Designs/Multilayer Mandalas/12/SVG/01204.svg,7. Mandala Designs/Multilayer Mandalas/12/PNG/01204.png
01930,Mandala Designs,Multilayer Mandalas,1301,,7. Mandala Designs/Multilayer Mandalas/13/SVG/1301.svg,7. Mandala Designs/Multilayer Mandalas/13/PNG/1301.png
01931,Mandala Designs,Multilayer Mandalas,1307,,7. Mandala Designs/Multilayer Mandalas/13/SVG/1307.svg,7. Mandala Designs/Multilayer Mandalas/13/PNG/1307.png
01932,Mandala Designs,Multilayer Mandalas,1403,,7. Mandala Designs/Multilayer Mandalas/14/SVG/1403.svg,7. Mandala Designs/Multilayer Mandalas/14/PNG/1403.png
01933,Mandala Designs,Multilayer Mandalas,1501,,7. Mandala Designs/Multilayer Mandalas/15/SVG/1501.svg,7. Mandala Designs/Multilayer Mandalas/15/PNG/1501.png
01934,Mandala Designs,Multilayer Mandalas,1502,,7. Mandala Designs/Multilayer Mandalas/15/SVG/1502.svg,7. Mandala Designs/Multilayer Mandalas/15/PNG/1502.png
01935,Mandala Designs,Multilayer Mandalas,1506,,7. Mandala Designs/Multilayer Mandalas/15/SVG/1506.svg,7. Mandala Designs/Multilayer Mandalas/15/PNG/1506.png
01936,Mandala Designs,Multilayer Mandalas,1508,,7. Mandala Designs/Multilayer Mandalas/15/SVG/1508.svg,7. Mandala Designs/Multilayer Mandalas/15/PNG/1508.png
01937,Mandala Designs,Multilayer Mandalas,1607,,7. Mandala Designs/Multilayer Mandalas/16/SVG/1607.svg,7. Mandala Designs/Multilayer Mandalas/16/PNG/1607.png
01938,Mandala Designs,Multilayer Mandalas,1701,,7. Mandala Designs/Multilayer Mandalas/17/SVG/1701.svg,7. Mandala Designs/Multilayer Mandalas/17/PNG/1701.png
01939,Mandala Designs,Multilayer Mandalas,1703,,7. Mandala Designs/Multilayer Mandalas/17/SVG/1703.svg,7. Mandala Designs/Multilayer Mandalas/17/PNG/1703.png
01940,Mandala Designs,Multilayer Mandalas,1704,,7. Mandala Designs/Multilayer Mandalas/17/SVG/1704.svg,7. Mandala Designs/Multilayer Mandalas/17/PNG/1704.png
01941,Mandala Designs,Multilayer Mandalas,1705,,7. Mandala Designs/Multilayer Mandalas/17/SVG/1705.svg,7. Mandala Designs/Multilayer Mandalas/17/PNG/1705.png
01942,Mandala Designs,Multilayer Mandalas,1706,,7. Mandala Designs/Multilayer Mandalas/17/SVG/1706.svg,7. Mandala Designs/Multilayer Mandalas/17/PNG/1706.png
01943,Mandala Designs,Multilayer Mandalas,1707,,7. Mandala Designs/Multilayer Mandalas/17/SVG/1707.svg,7. Mandala Designs/Multilayer Mandalas/17/PNG/1707.png
01944,Mandala Designs,Multilayer Mandalas,1708,,7. Mandala Designs/Multilayer Mandalas/17/SVG/1708.svg,7. Mandala Designs/Multilayer Mandalas/17/PNG/1708.png
01945,Mandala Designs,Multilayer Mandalas,1801,,7. Mandala Designs/Multilayer Mandalas/18/SVG/1801.svg,7. Mandala Designs/Multilayer Mandalas/18/PNG/1801.png
01946,Mandala Designs,Multilayer Mandalas,1802,,7. Mandala Designs/Multilayer Mandalas/18/SVG/1802.svg,7. Mandala Designs/Multilayer Mandalas/18/PNG/1802.png
01947,Mandala Designs,Multilayer Mandalas,1803,,7. Mandala Designs/Multilayer Mandalas/18/SVG/1803.svg,7. Mandala Designs/Multilayer Mandalas/18/PNG/1803.png
01948,Mandala Designs,Multilayer Mandalas,1804,,7. Mandala Designs/Multilayer Mandalas/18/SVG/1804.svg,7. Mandala Designs/Multilayer Mandalas/18/PNG/1804.png
01949,Mandala Designs,Multilayer Mandalas,1805,,7. Mandala Designs/Multilayer Mandalas/18/SVG/1805.svg,7. Mandala Designs/Multilayer Mandalas/18/PNG/1805.png
01950,Mandala Designs,Multilayer Mandalas,1806,,7. Mandala Designs/Multilayer Mandalas/18/SVG/1806.svg,7. Mandala Designs/Multilayer Mandalas/18/PNG/1806.png
01951,Mandala Designs,Multilayer Mandalas,1807,,7. Mandala Designs/Multilayer Mandalas/18/SVG/1807.svg,7. Mandala Designs/Multilayer Mandalas/18/PNG/1807.png
01952,Mandala Designs,Multilayer Mandalas,1808,,7. Mandala Designs/Multilayer Mandalas/18/SVG/1808.svg,7. Mandala Designs/Multilayer Mandalas/18/PNG/1808.png
01953,Mandala Designs,Multilayer Mandalas,1903,,7. Mandala Designs/Multilayer Mandalas/19/SVG/1903.svg,7. Mandala Designs/Multilayer Mandalas/19/PNG/1903.png
01954,Mandala Designs,Multilayer Mandalas,1904,,7. Mandala Designs/Multilayer Mandalas/19/SVG/1904.svg,7. Mandala Designs/Multilayer Mandalas/19/PNG/1904.png
01955,Mandala Designs,Multilayer Mandalas,1906,,7. Mandala Designs/Multilayer Mandalas/19/SVG/1906.svg,7. Mandala Designs/Multilayer Mandalas/19/PNG/1906.png
01956,Mandala Designs,Multilayer Mandalas,00201,,7. Mandala Designs/Multilayer Mandalas/2/SVG/00201.svg,7. Mandala Designs/Multilayer Mandalas/2/PNG/00201.png
01957,Mandala Designs,Multilayer Mandalas,00202,,7. Mandala Designs/Multilayer Mandalas/2/SVG/00202.svg,7. Mandala Designs/Multilayer Mandalas/2/PNG/00202.png
01958,Mandala Designs,Multilayer Mandalas,00203,,7. Mandala Designs/Multilayer Mandalas/2/SVG/00203.svg,7. Mandala Designs/Multilayer Mandalas/2/PNG/00203.png
01959,Mandala Designs,Multilayer Mandalas,00204,,7. Mandala Designs/Multilayer Mandalas/2/SVG/00204.svg,7. Mandala Designs/Multilayer Mandalas/2/PNG/00204.png
01960,Mandala Designs,Multilayer Mandalas,00205,,7. Mandala Designs/Multilayer Mandalas/2/SVG/00205.svg,7. Mandala Designs/Multilayer Mandalas/2/PNG/00205.png
01961,Mandala Designs,Multilayer Mandalas,00206,,7. Mandala Designs/Multilayer Mandalas/2/SVG/00206.svg,7. Mandala Designs/Multilayer Mandalas/2/PNG/00206.png
01962,Mandala Designs,Multilayer Mandalas,00207,,7. Mandala Designs/Multilayer Mandalas/2/SVG/00207.svg,7. Mandala Designs/Multilayer Mandalas/2/PNG/00207.png
01963,Mandala Designs,Multilayer Mandalas,00208,,7. Mandala Designs/Multilayer Mandalas/2/SVG/00208.svg,7. Mandala Designs/Multilayer Mandalas/2/PNG/00208.png
01964,Mandala Designs,Multilayer Mandalas,2001,,7. Mandala Designs/Multilayer Mandalas/20/SVG/2001.svg,7. Mandala Designs/Multilayer Mandalas/20/PNG/2001.png
01965,Mandala Designs,Multilayer Mandalas,2002,,7. Mandala Designs/Multilayer Mandalas/20/SVG/2002.svg,7. Mandala Designs/Multilayer Mandalas/20/PNG/2002.png
01966,Mandala Designs,Multilayer Mandalas,2003,,7. Mandala Designs/Multilayer Mandalas/20/SVG/2003.svg,7. Mandala Designs/Multilayer Mandalas/20/PNG/2003.png
01967,Mandala Designs,Multilayer Mandalas,2004,,7. Mandala Designs/Multilayer Mandalas/20/SVG/2004.svg,7. Mandala Designs/Multilayer Mandalas/20/PNG/2004.png
01968,Mandala Designs,Multilayer Mandalas,2005,,7. Mandala Designs/Multilayer Mandalas/20/SVG/2005.svg,7. Mandala Designs/Multilayer Mandalas/20/PNG/2005.png
01969,Mandala Designs,Multilayer Mandalas,2006,,7. Mandala Designs/Multilayer Mandalas/20/SVG/2006.svg,7. Mandala Designs/Multilayer Mandalas/20/PNG/2006.png
01970,Mandala Designs,Multilayer Mandalas,2007,,7. Mandala Designs/Multilayer Mandalas/20/SVG/2007.svg,7. Mandala Designs/Multilayer Mandalas/20/PNG/2007.png
01971,Mandala Designs,Multilayer Mandalas,2008,,7. Mandala Designs/Multilayer Mandalas/20/SVG/2008.svg,7. Mandala Designs/Multilayer Mandalas/20/PNG/2008.png
01972,Mandala Designs,Multilayer Mandalas,00301,,7. Mandala Designs/Multilayer Mandalas/3/SVG/00301.svg,7. Mandala Designs/Multilayer Mandalas/3/PNG/00301.png
01973,Mandala Designs,Multilayer Mandalas,00302,,7. Mandala Designs/Multilayer Mandalas/3/SVG/00302.svg,7. Mandala Designs/Multilayer Mandalas/3/PNG/00302.png
01974,Mandala Designs,Multilayer Mandalas,00408,,7. Mandala Designs/Multilayer Mandalas/4/SVG/00408.svg,7. Mandala Designs/Multilayer Mandalas/4/PNG/00408.png
01975,Mandala Designs,Multilayer Mandalas,00501,,7. Mandala Designs/Multilayer Mandalas/5/SVG/00501.svg,7. Mandala Designs/Multilayer Mandalas/5/PNG/00501.png
01976,Mandala Designs,Multilayer Mandalas,00502,,7. Mandala Designs/Multilayer Mandalas/5/SVG/00502.svg,7. Mandala Designs/Multilayer Mandalas/5/PNG/00502.png
01977,Mandala Designs,Multilayer Mandalas,00601,,7. Mandala Designs/Multilayer Mandalas/6/SVG/00601.svg,7. Mandala Designs/Multilayer Mandalas/6/PNG/00601.png
01978,Mandala Designs,Multilayer Mandalas,00602,,7. Mandala Designs/Multilayer Mandalas/6/SVG/00602.svg,7. Mandala Designs/Multilayer Mandalas/6/PNG/00602.png
01979,Mandala Designs,Multilayer Mandalas,00605,,7. Mandala Designs/Multilayer Mandalas/6/SVG/00605.svg,7. Mandala Designs/Multilayer Mandalas/6/PNG/00605.png
01980,Mandala Designs,Multilayer Mandalas,00606,,7. Mandala Designs/Multilayer Mandalas/6/SVG/00606.svg,7. Mandala Designs/Multilayer Mandalas/6/PNG/00606.png
01981,Mandala Designs,Multilayer Mandalas,00608,,7. Mandala Designs/Multilayer Mandalas/6/SVG/00608.svg,7. Mandala Designs/Multilayer Mandalas/6/PNG/00608.png
01982,Mandala Designs,Multilayer Mandalas,00701,,7. Mandala Designs/Multilayer Mandalas/7/SVG/00701.svg,7. Mandala Designs/Multilayer Mandalas/7/PNG/00701.png
01983,Mandala Designs,Multilayer Mandalas,00707,,7. Mandala Designs/Multilayer Mandalas/7/SVG/00707.svg,7. Mandala Designs/Multilayer Mandalas/7/PNG/00707.png
01984,Mandala Designs,Multilayer Mandalas,00801,,7. Mandala Designs/Multilayer Mandalas/8/SVG/00801.svg,7. Mandala Designs/Multilayer Mandalas/8/PNG/00801.png
01985,Mandala Designs,Multilayer Mandalas,00803,,7. Mandala Designs/Multilayer Mandalas/8/SVG/00803.svg,7. Mandala Designs/Multilayer Mandalas/8/PNG/00803.png
01986,Mandala Designs,Multilayer Mandalas,00805,,7. Mandala Designs/Multilayer Mandalas/8/SVG/00805.svg,7. Mandala Designs/Multilayer Mandalas/8/PNG/00805.png
01987,Mandala Designs,Multilayer Mandalas,00806,,7. Mandala Designs/Multilayer Mandalas/8/SVG/00806.svg,7. Mandala Designs/Multilayer Mandalas/8/PNG/00806.png
01988,Mandala Designs,Multilayer Mandalas,00807,,7. Mandala Designs/Multilayer Mandalas/8/SVG/00807.svg,7. Mandala Designs/Multilayer Mandalas/8/PNG/00807.png
01989,Mandala Designs,Wall Decor Mandala Panel,mandala Panel,,7. Mandala Designs/Wall Decor Mandala Panel/Wall Decor mandala panel-1/SVG/mandala Panel.svg,7. Mandala Designs/Wall Decor Mandala Panel/Wall Decor mandala panel-1/PNG/mandala Panel.png
01990,Mandala Designs,Wall Decor Mandala Panel,mandala Panel,,7. Mandala Designs/Wall Decor Mandala Panel/Wall Decor mandala panel-10/SVG/mandala Panel.svg,7. Mandala Designs/Wall Decor Mandala Panel/Wall Decor mandala panel-10/PNG/mandala Panel.png
01991,Mandala Designs,Wall Decor Mandala Panel,mandala Panel,,7. Mandala Designs/Wall Decor Mandala Panel/Wall Decor mandala panel-11/SVG/mandala Panel.svg,7. Mandala Designs/Wall Decor Mandala Panel/Wall Decor mandala panel-11/PNG/mandala Panel.png
01992,Mandala Designs,Wall Decor Mandala Panel,mandala Panel,,7. Mandala Designs/Wall Decor Mandala Panel/Wall Decor mandala panel-12/SVG/mandala Panel.svg,7. Mandala Designs/Wall Decor Mandala Panel/Wall Decor mandala panel-12/PNG/mandala Panel.png
01993,Mandala Designs,Wall Decor Mandala Panel,mandala Panel,,7. Mandala Designs/Wall Decor Mandala Panel/Wall Decor mandala panel-2/SVG/mandala Panel.svg,7. Mandala Designs/Wall Decor Mandala Panel/Wall Decor mandala panel-2/PNG/mandala Panel.png
01994,Mandala Designs,Wall Decor Mandala Panel,mandala Panel,,7. Mandala Designs/Wall Decor Mandala Panel/Wall Decor mandala panel-3/SVG/mandala Panel.svg,7. Mandala Designs/Wall Decor Mandala Panel/Wall Decor mandala panel-3/PNG/mandala Panel.png
01995,Mandala Designs,Wall Decor Mandala Panel,mandala Panel,,7. Mandala Designs/Wall Decor Mandala Panel/Wall Decor mandala panel-4/SVG/mandala Panel.svg,7. Mandala Designs/Wall Decor Mandala Panel/Wall Decor mandala panel-4/PNG/mandala Panel.png
01996,Mandala Designs,Wall Decor Mandala Panel,mandala Panel,,7. Mandala Designs/Wall Decor Mandala Panel/Wall Decor mandala panel-5/SVG/mandala Panel.svg,7. Mandala Designs/Wall Decor Mandala Panel/Wall Decor mandala panel-5/PNG/mandala Panel.png
01997,Mandala Designs,Wall Decor Mandala Panel,mandala Panel,,7. Mandala Designs/Wall Decor Mandala Panel/Wall Decor mandala panel-6/SVG/mandala Panel.svg,7. Mandala Designs/Wall Decor Mandala Panel/Wall Decor mandala panel-6/PNG/mandala Panel.png
01998,Mandala Designs,Wall Decor Mandala Panel,mandala Panel,,7. Mandala Designs/Wall Decor Mandala Panel/Wall Decor mandala panel-7/SVG/mandala Panel.svg,7. Mandala Designs/Wall Decor Mandala Panel/Wall Decor mandala panel-7/PNG/mandala Panel.png
01999,Mandala Designs,Wall Decor Mandala Panel,mandala Panel,,7. Mandala Designs/Wall Decor Mandala Panel/Wall Decor mandala panel-8/SVG/mandala Panel.svg,7. Mandala Designs/Wall Decor Mandala Panel/Wall Decor mandala panel-8/PNG/mandala Panel.png
02000,Mandala Designs,Wall Decor Mandala Panel,mandala Panel,,7. Mandala Designs/Wall Decor Mandala Panel/Wall Decor mandala panel-9/SVG/mandala Panel.svg,7. Mandala Designs/Wall Decor Mandala Panel/Wall Decor mandala panel-9/PNG/mandala Panel.png
02001,Geometric Designs,Coasters,1-1 - Coasters Laser Cut,yes,8. Geometric Designs/Coasters/SVG/1-1 - Coasters Laser Cut.svg,8. Geometric Designs/Coasters/PNG/1-1 - Coasters Laser Cut.png
02002,Geometric Designs,Coasters,1-2 - Coasters Laser Cut,yes,8. Geometric Designs/Coasters/SVG/1-2 - Coasters Laser Cut.svg,8. Geometric Designs/Coasters/PNG/1-2 - Coasters Laser Cut.png
02003,Geometric Designs,Coasters,10-1 - Coasters Laser Cut,yes,8. Geometric Designs/Coasters/SVG/10-1 - Coasters Laser Cut.svg,8. Geometric Designs/Coasters/PNG/10-1 - Coasters Laser Cut.png
02004,Geometric Designs,Coasters,10-2 - Coasters Laser Cut,yes,8. Geometric Designs/Coasters/SVG/10-2 - Coasters Laser Cut.svg,8. Geometric Designs/Coasters/PNG/10-2 - Coasters Laser Cut.png
02005,Geometric Designs,Coasters,11-1 - Coasters Laser Cut,yes,8. Geometric Designs/Coasters/SVG/11-1 - Coasters Laser Cut.svg,8. Geometric Designs/Coasters/PNG/11-1 - Coasters Laser Cut.png
02006,Geometric Designs,Coasters,11-2 - Coasters Laser Cut,yes,8. Geometric Designs/Coasters/SVG/11-2 - Coasters Laser Cut.svg,8. Geometric Designs/Coasters/PNG/11-2 - Coasters Laser Cut.png
02007,Geometric Designs,Coasters,12-1 - Coasters Laser Cut,yes,8. Geometric Designs/Coasters/SVG/12-1 - Coasters Laser Cut.svg,8. Geometric Designs/Coasters/PNG/12-1 - Coasters Laser Cut.png
02008,Geometric Designs,Coasters,12-2 - Coasters Laser Cut,yes,8. Geometric Designs/Coasters/SVG/12-2 - Coasters Laser Cut.svg,8. Geometric Designs/Coasters/PNG/12-2 - Coasters Laser Cut.png
02009,Geometric Designs,Coasters,13-1 - Coasters Laser Cut,yes,8. Geometric Designs/Coasters/SVG/13-1 - Coasters Laser Cut.svg,8. Geometric Designs/Coasters/PNG/13-1 - Coasters Laser Cut.png
02010,Geometric Designs,Coasters,13-2 - Coasters Laser Cut,yes,8. Geometric Designs/Coasters/SVG/13-2 - Coasters Laser Cut.svg,8. Geometric Designs/Coasters/PNG/13-2 - Coasters Laser Cut.png
02011,Geometric Designs,Coasters,14-1 - Coasters Laser Cut,yes,8. Geometric Designs/Coasters/SVG/14-1 - Coasters Laser Cut.svg,8. Geometric Designs/Coasters/PNG/14-1 - Coasters Laser Cut.png
02012,Geometric Designs,Coasters,14-2 - Coasters Laser Cut,yes,8. Geometric Designs/Coasters/SVG/14-2 - Coasters Laser Cut.svg,8. Geometric Designs/Coasters/PNG/14-2 - Coasters Laser Cut.png
02013,Geometric Designs,Coasters,15-1 - Coasters Laser Cut,yes,8. Geometric Designs/Coasters/SVG/15-1 - Coasters Laser Cut.svg,8. Geometric Designs/Coasters/PNG/15-1 - Coasters Laser Cut.png
02014,Geometric Designs,Coasters,15-2 - Coasters Laser Cut,yes,8. Geometric Designs/Coasters/SVG/15-2 - Coasters Laser Cut.svg,8. Geometric Designs/Coasters/PNG/15-2 - Coasters Laser Cut.png
02015,Geometric Designs,Coasters,16-1 - Coasters Laser Cut,yes,8. Geometric Designs/Coasters/SVG/16-1 - Coasters Laser Cut.svg,8. Geometric Designs/Coasters/PNG/16-1 - Coasters Laser Cut.png
02016,Geometric Designs,Coasters,16-2 - Coasters Laser Cut,yes,8. Geometric Designs/Coasters/SVG/16-2 - Coasters Laser Cut.svg,8. Geometric Designs/Coasters/PNG/16-2 - Coasters Laser Cut.png
02017,Geometric Designs,Coasters,17-1 - Coasters Laser Cut,yes,8. Geometric Designs/Coasters/SVG/17-1 - Coasters Laser Cut.svg,8. Geometric Designs/Coasters/PNG/17-1 - Coasters Laser Cut.png
02018,Geometric Designs,Coasters,17-2 - Coasters Laser Cut,yes,8. Geometric Designs/Coasters/SVG/17-2 - Coasters Laser Cut.svg,8. Geometric Designs/Coasters/PNG/17-2 - Coasters Laser Cut.png
02019,Geometric Designs,Coasters,18-1 - Coasters Laser Cut,yes,8. Geometric Designs/Coasters/SVG/18-1 - Coasters Laser Cut.svg,8. Geometric Designs/Coasters/PNG/18-1 - Coasters Laser Cut.png
02020,Geometric Designs,Coasters,18-2 - Coasters Laser Cut,yes,8. Geometric Designs/Coasters/SVG/18-2 - Coasters Laser Cut.svg,8. Geometric Designs/Coasters/PNG/18-2 - Coasters Laser Cut.png
02021,Geometric Designs,Coasters,19-1 - Coasters Laser Cut,yes,8. Geometric Designs/Coasters/SVG/19-1 - Coasters Laser Cut.svg,8. Geometric Designs/Coasters/PNG/19-1 - Coasters Laser Cut.png
02022,Geometric Designs,Coasters,19-2 - Coasters Laser Cut,yes,8. Geometric Designs/Coasters/SVG/19-2 - Coasters Laser Cut.svg,8. Geometric Designs/Coasters/PNG/19-2 - Coasters Laser Cut.png
02023,Geometric Designs,Coasters,2-1 - Coasters Laser Cut,yes,8. Geometric Designs/Coasters/SVG/2-1 - Coasters Laser Cut.svg,8. Geometric Designs/Coasters/PNG/2-1 - Coasters Laser Cut.png
02024,Geometric Designs,Coasters,2-2 - Coasters Laser Cut,yes,8. Geometric Designs/Coasters/SVG/2-2 - Coasters Laser Cut.svg,8. Geometric Designs/Coasters/PNG/2-2 - Coasters Laser Cut.png
02025,Geometric Designs,Coasters,20-1 - Coasters Laser Cut,yes,8. Geometric Designs/Coasters/SVG/20-1 - Coasters Laser Cut.svg,8. Geometric Designs/Coasters/PNG/20-1 - Coasters Laser Cut.png
02026,Geometric Designs,Coasters,20-2 - Coasters Laser Cut,yes,8. Geometric Designs/Coasters/SVG/20-2 - Coasters Laser Cut.svg,8. Geometric Designs/Coasters/PNG/20-2 - Coasters Laser Cut.png
02027,Geometric Designs,Coasters,3-1 - Coasters Laser Cut,yes,8. Geometric Designs/Coasters/SVG/3-1 - Coasters Laser Cut.svg,8. Geometric Designs/Coasters/PNG/3-1 - Coasters Laser Cut.png
02028,Geometric Designs,Coasters,3-2 - Coasters Laser Cut,yes,8. Geometric Designs/Coasters/SVG/3-2 - Coasters Laser Cut.svg,8. Geometric Designs/Coasters/PNG/3-2 - Coasters Laser Cut.png
02029,Geometric Designs,Coasters,4-1 - Coasters Laser Cut,yes,8. Geometric Designs/Coasters/SVG/4-1 - Coasters Laser Cut.svg,8. Geometric Designs/Coasters/PNG/4-1 - Coasters Laser Cut.png
02030,Geometric Designs,Coasters,4-2 - Coasters Laser Cut,yes,8. Geometric Designs/Coasters/SVG/4-2 - Coasters Laser Cut.svg,8. Geometric Designs/Coasters/PNG/4-2 - Coasters Laser Cut.png
02031,Geometric Designs,Coasters,5-1 - Coasters Laser Cut,yes,8. Geometric Designs/Coasters/SVG/5-1 - Coasters Laser Cut.svg,8. Geometric Designs/Coasters/PNG/5-1 - Coasters Laser Cut.png
02032,Geometric Designs,Coasters,5-2 - Coasters Laser Cut,yes,8. Geometric Designs/Coasters/SVG/5-2 - Coasters Laser Cut.svg,8. Geometric Designs/Coasters/PNG/5-2 - Coasters Laser Cut.png
02033,Geometric Designs,Coasters,6-1- Coasters Laser Cut,yes,8. Geometric Designs/Coasters/SVG/6-1- Coasters Laser Cut.svg,8. Geometric Designs/Coasters/PNG/6-1- Coasters Laser Cut.png
02034,Geometric Designs,Coasters,6-2- Coasters Laser Cut,yes,8. Geometric Designs/Coasters/SVG/6-2- Coasters Laser Cut.svg,8. Geometric Designs/Coasters/PNG/6-2- Coasters Laser Cut.png
02035,Geometric Designs,Coasters,7-1- Coasters Laser Cut,yes,8. Geometric Designs/Coasters/SVG/7-1- Coasters Laser Cut.svg,8. Geometric Designs/Coasters/PNG/7-1- Coasters Laser Cut.png
02036,Geometric Designs,Coasters,7-2- Coasters Laser Cut,yes,8. Geometric Designs/Coasters/SVG/7-2- Coasters Laser Cut.svg,8. Geometric Designs/Coasters/PNG/7-2- Coasters Laser Cut.png
02037,Geometric Designs,Coasters,8-1- Coasters Laser Cut,yes,8. Geometric Designs/Coasters/SVG/8-1- Coasters Laser Cut.svg,8. Geometric Designs/Coasters/PNG/8-1- Coasters Laser Cut.png
02038,Geometric Designs,Coasters,8-2- Coasters Laser Cut,yes,8. Geometric Designs/Coasters/SVG/8-2- Coasters Laser Cut.svg,8. Geometric Designs/Coasters/PNG/8-2- Coasters Laser Cut.png
02039,Geometric Designs,Coasters,9-1 - Coasters Laser Cut,yes,8. Geometric Designs/Coasters/SVG/9-1 - Coasters Laser Cut.svg,8. Geometric Designs/Coasters/PNG/9-1 - Coasters Laser Cut.png
02040,Geometric Designs,Coasters,9-2 - Coasters Laser Cut,yes,8. Geometric Designs/Coasters/SVG/9-2 - Coasters Laser Cut.svg,8. Geometric Designs/Coasters/PNG/9-2 - Coasters Laser Cut.png
02041,Geometric Designs,Geometric Animal,img (1),,8. Geometric Designs/Geometric Animal/All animals/SVG/img (1).svg,8. Geometric Designs/Geometric Animal/All animals/PNG/img (1).png
02042,Geometric Designs,Geometric Animal,img (10),,8. Geometric Designs/Geometric Animal/All animals/SVG/img (10).svg,8. Geometric Designs/Geometric Animal/All animals/PNG/img (10).png
02043,Geometric Designs,Geometric Animal,img (100),,8. Geometric Designs/Geometric Animal/All animals/SVG/img (100).svg,8. Geometric Designs/Geometric Animal/All animals/PNG/img (100).png
02044,Geometric Designs,Geometric Animal,img (101),,8. Geometric Designs/Geometric Animal/All animals/SVG/img (101).svg,8. Geometric Designs/Geometric Animal/All animals/PNG/img (101).png
02045,Geometric Designs,Geometric Animal,img (102),,8. Geometric Designs/Geometric Animal/All animals/SVG/img (102).svg,8. Geometric Designs/Geometric Animal/All animals/PNG/img (102).png
02046,Geometric Designs,Geometric Animal,img (103),,8. Geometric Designs/Geometric Animal/All animals/SVG/img (103).svg,8. Geometric Designs/Geometric Animal/All animals/PNG/img (103).png
02047,Geometric Designs,Geometric Animal,img (104),,8. Geometric Designs/Geometric Animal/All animals/SVG/img (104).svg,8. Geometric Designs/Geometric Animal/All animals/PNG/img (104).png
02048,Geometric Designs,Geometric Animal,img (105),,8. Geometric Designs/Geometric Animal/All animals/SVG/img (105).svg,8. Geometric Designs/Geometric Animal/All animals/PNG/img (105).png
02049,Geometric Designs,Geometric Animal,img (106),,8. Geometric Designs/Geometric Animal/All animals/SVG/img (106).svg,8. Geometric Designs/Geometric Animal/All animals/PNG/img (106).png
02050,Geometric Designs,Geometric Animal,img (107),,8. Geometric Designs/Geometric Animal/All animals/SVG/img (107).svg,8. Geometric Designs/Geometric Animal/All animals/PNG/img (107).png
02051,Geometric Designs,Geometric Animal,img (108),,8. Geometric Designs/Geometric Animal/All animals/SVG/img (108).svg,8. Geometric Designs/Geometric Animal/All animals/PNG/img (108).png
02052,Geometric Designs,Geometric Animal,img (109),,8. Geometric Designs/Geometric Animal/All animals/SVG/img (109).svg,8. Geometric Designs/Geometric Animal/All animals/PNG/img (109).png
02053,Geometric Designs,Geometric Animal,img (11),,8. Geometric Designs/Geometric Animal/All animals/SVG/img (11).svg,8. Geometric Designs/Geometric Animal/All animals/PNG/img (11).png
02054,Geometric Designs,Geometric Animal,img (110),,8. Geometric Designs/Geometric Animal/All animals/SVG/img (110).svg,8. Geometric Designs/Geometric Animal/All animals/PNG/img (110).png
02055,Geometric Designs,Geometric Animal,img (111),,8. Geometric Designs/Geometric Animal/All animals/SVG/img (111).svg,8. Geometric Designs/Geometric Animal/All animals/PNG/img (111).png
02056,Geometric Designs,Geometric Animal,img (112),,8. Geometric Designs/Geometric Animal/All animals/SVG/img (112).svg,8. Geometric Designs/Geometric Animal/All animals/PNG/img (112).png
02057,Geometric Designs,Geometric Animal,img (113),,8. Geometric Designs/Geometric Animal/All animals/SVG/img (113).svg,8. Geometric Designs/Geometric Animal/All animals/PNG/img (113).png
02058,Geometric Designs,Geometric Animal,img (114),,8. Geometric Designs/Geometric Animal/All animals/SVG/img (114).svg,8. Geometric Designs/Geometric Animal/All animals/PNG/img (114).png
02059,Geometric Designs,Geometric Animal,img (115),,8. Geometric Designs/Geometric Animal/All animals/SVG/img (115).svg,8. Geometric Designs/Geometric Animal/All animals/PNG/img (115).png
02060,Geometric Designs,Geometric Animal,img (116),,8. Geometric Designs/Geometric Animal/All animals/SVG/img (116).svg,8. Geometric Designs/Geometric Animal/All animals/PNG/img (116).png
02061,Geometric Designs,Geometric Animal,img (117),,8. Geometric Designs/Geometric Animal/All animals/SVG/img (117).svg,8. Geometric Designs/Geometric Animal/All animals/PNG/img (117).png
02062,Geometric Designs,Geometric Animal,img (118),,8. Geometric Designs/Geometric Animal/All animals/SVG/img (118).svg,8. Geometric Designs/Geometric Animal/All animals/PNG/img (118).png
02063,Geometric Designs,Geometric Animal,img (119),,8. Geometric Designs/Geometric Animal/All animals/SVG/img (119).svg,8. Geometric Designs/Geometric Animal/All animals/PNG/img (119).png
02064,Geometric Designs,Geometric Animal,img (12),,8. Geometric Designs/Geometric Animal/All animals/SVG/img (12).svg,8. Geometric Designs/Geometric Animal/All animals/PNG/img (12).png
02065,Geometric Designs,Geometric Animal,img (120),,8. Geometric Designs/Geometric Animal/All animals/SVG/img (120).svg,8. Geometric Designs/Geometric Animal/All animals/PNG/img (120).png
02066,Geometric Designs,Geometric Animal,img (121),,8. Geometric Designs/Geometric Animal/All animals/SVG/img (121).svg,8. Geometric Designs/Geometric Animal/All animals/PNG/img (121).png
02067,Geometric Designs,Geometric Animal,img (122),,8. Geometric Designs/Geometric Animal/All animals/SVG/img (122).svg,8. Geometric Designs/Geometric Animal/All animals/PNG/img (122).png
02068,Geometric Designs,Geometric Animal,img (123),,8. Geometric Designs/Geometric Animal/All animals/SVG/img (123).svg,8. Geometric Designs/Geometric Animal/All animals/PNG/img (123).png
02069,Geometric Designs,Geometric Animal,img (124),,8. Geometric Designs/Geometric Animal/All animals/SVG/img (124).svg,8. Geometric Designs/Geometric Animal/All animals/PNG/img (124).png
02070,Geometric Designs,Geometric Animal,img (125),,8. Geometric Designs/Geometric Animal/All animals/SVG/img (125).svg,8. Geometric Designs/Geometric Animal/All animals/PNG/img (125).png
02071,Geometric Designs,Geometric Animal,img (126),,8. Geometric Designs/Geometric Animal/All animals/SVG/img (126).svg,8. Geometric Designs/Geometric Animal/All animals/PNG/img (126).png
02072,Geometric Designs,Geometric Animal,img (127),,8. Geometric Designs/Geometric Animal/All animals/SVG/img (127).svg,8. Geometric Designs/Geometric Animal/All animals/PNG/img (127).png
02073,Geometric Designs,Geometric Animal,img (128),,8. Geometric Designs/Geometric Animal/All animals/SVG/img (128).svg,8. Geometric Designs/Geometric Animal/All animals/PNG/img (128).png
02074,Geometric Designs,Geometric Animal,img (129),,8. Geometric Designs/Geometric Animal/All animals/SVG/img (129).svg,8. Geometric Designs/Geometric Animal/All animals/PNG/img (129).png
02075,Geometric Designs,Geometric Animal,img (13),,8. Geometric Designs/Geometric Animal/All animals/SVG/img (13).svg,8. Geometric Designs/Geometric Animal/All animals/PNG/img (13).png
02076,Geometric Designs,Geometric Animal,img (130),,8. Geometric Designs/Geometric Animal/All animals/SVG/img (130).svg,8. Geometric Designs/Geometric Animal/All animals/PNG/img (130).png
02077,Geometric Designs,Geometric Animal,img (131),,8. Geometric Designs/Geometric Animal/All animals/SVG/img (131).svg,8. Geometric Designs/Geometric Animal/All animals/PNG/img (131).png
02078,Geometric Designs,Geometric Animal,img (132),,8. Geometric Designs/Geometric Animal/All animals/SVG/img (132).svg,8. Geometric Designs/Geometric Animal/All animals/PNG/img (132).png
02079,Geometric Designs,Geometric Animal,img (133),,8. Geometric Designs/Geometric Animal/All animals/SVG/img (133).svg,8. Geometric Designs/Geometric Animal/All animals/PNG/img (133).png
02080,Geometric Designs,Geometric Animal,img (134),,8. Geometric Designs/Geometric Animal/All animals/SVG/img (134).svg,8. Geometric Designs/Geometric Animal/All animals/PNG/img (134).png
02081,Geometric Designs,Geometric Animal,img (135),,8. Geometric Designs/Geometric Animal/All animals/SVG/img (135).svg,8. Geometric Designs/Geometric Animal/All animals/PNG/img (135).png
02082,Geometric Designs,Geometric Animal,img (136),,8. Geometric Designs/Geometric Animal/All animals/SVG/img (136).svg,8. Geometric Designs/Geometric Animal/All animals/PNG/img (136).png
02083,Geometric Designs,Geometric Animal,img (137),,8. Geometric Designs/Geometric Animal/All animals/SVG/img (137).svg,8. Geometric Designs/Geometric Animal/All animals/PNG/img (137).png
02084,Geometric Designs,Geometric Animal,img (138),,8. Geometric Designs/Geometric Animal/All animals/SVG/img (138).svg,8. Geometric Designs/Geometric Animal/All animals/PNG/img (138).png
02085,Geometric Designs,Geometric Animal,img (139),,8. Geometric Designs/Geometric Animal/All animals/SVG/img (139).svg,8. Geometric Designs/Geometric Animal/All animals/PNG/img (139).png
02086,Geometric Designs,Geometric Animal,img (14),,8. Geometric Designs/Geometric Animal/All animals/SVG/img (14).svg,8. Geometric Designs/Geometric Animal/All animals/PNG/img (14).png
02087,Geometric Designs,Geometric Animal,img (140),,8. Geometric Designs/Geometric Animal/All animals/SVG/img (140).svg,8. Geometric Designs/Geometric Animal/All animals/PNG/img (140).png
02088,Geometric Designs,Geometric Animal,img (141),,8. Geometric Designs/Geometric Animal/All animals/SVG/img (141).svg,8. Geometric Designs/Geometric Animal/All animals/PNG/img (141).png
02089,Geometric Designs,Geometric Animal,img (142),,8. Geometric Designs/Geometric Animal/All animals/SVG/img (142).svg,8. Geometric Designs/Geometric Animal/All animals/PNG/img (142).png
02090,Geometric Designs,Geometric Animal,img (143),,8. Geometric Designs/Geometric Animal/All animals/SVG/img (143).svg,8. Geometric Designs/Geometric Animal/All animals/PNG/img (143).png
02091,Geometric Designs,Geometric Animal,img (144),,8. Geometric Designs/Geometric Animal/All animals/SVG/img (144).svg,8. Geometric Designs/Geometric Animal/All animals/PNG/img (144).png
02092,Geometric Designs,Geometric Animal,img (145),,8. Geometric Designs/Geometric Animal/All animals/SVG/img (145).svg,8. Geometric Designs/Geometric Animal/All animals/PNG/img (145).png
02093,Geometric Designs,Geometric Animal,img (146),,8. Geometric Designs/Geometric Animal/All animals/SVG/img (146).svg,8. Geometric Designs/Geometric Animal/All animals/PNG/img (146).png
02094,Geometric Designs,Geometric Animal,img (147),,8. Geometric Designs/Geometric Animal/All animals/SVG/img (147).svg,8. Geometric Designs/Geometric Animal/All animals/PNG/img (147).png
02095,Geometric Designs,Geometric Animal,img (148),,8. Geometric Designs/Geometric Animal/All animals/SVG/img (148).svg,8. Geometric Designs/Geometric Animal/All animals/PNG/img (148).png
02096,Geometric Designs,Geometric Animal,img (149),,8. Geometric Designs/Geometric Animal/All animals/SVG/img (149).svg,8. Geometric Designs/Geometric Animal/All animals/PNG/img (149).png
02097,Geometric Designs,Geometric Animal,img (15),,8. Geometric Designs/Geometric Animal/All animals/SVG/img (15).svg,8. Geometric Designs/Geometric Animal/All animals/PNG/img (15).png
02098,Geometric Designs,Geometric Animal,img (150),,8. Geometric Designs/Geometric Animal/All animals/SVG/img (150).svg,8. Geometric Designs/Geometric Animal/All animals/PNG/img (150).png
02099,Geometric Designs,Geometric Animal,img (151),,8. Geometric Designs/Geometric Animal/All animals/SVG/img (151).svg,8. Geometric Designs/Geometric Animal/All animals/PNG/img (151).png
02100,Geometric Designs,Geometric Animal,img (152),,8. Geometric Designs/Geometric Animal/All animals/SVG/img (152).svg,8. Geometric Designs/Geometric Animal/All animals/PNG/img (152).png
02101,Geometric Designs,Geometric Animal,img (153),,8. Geometric Designs/Geometric Animal/All animals/SVG/img (153).svg,8. Geometric Designs/Geometric Animal/All animals/PNG/img (153).png
02102,Geometric Designs,Geometric Animal,img (154),,8. Geometric Designs/Geometric Animal/All animals/SVG/img (154).svg,8. Geometric Designs/Geometric Animal/All animals/PNG/img (154).png
02103,Geometric Designs,Geometric Animal,img (155),,8. Geometric Designs/Geometric Animal/All animals/SVG/img (155).svg,8. Geometric Designs/Geometric Animal/All animals/PNG/img (155).png
02104,Geometric Designs,Geometric Animal,img (156),,8. Geometric Designs/Geometric Animal/All animals/SVG/img (156).svg,8. Geometric Designs/Geometric Animal/All animals/PNG/img (156).png
02105,Geometric Designs,Geometric Animal,img (157),,8. Geometric Designs/Geometric Animal/All animals/SVG/img (157).svg,8. Geometric Designs/Geometric Animal/All animals/PNG/img (157).png
02106,Geometric Designs,Geometric Animal,img (158),,8. Geometric Designs/Geometric Animal/All animals/SVG/img (158).svg,8. Geometric Designs/Geometric Animal/All animals/PNG/img (158).png
02107,Geometric Designs,Geometric Animal,img (159),,8. Geometric Designs/Geometric Animal/All animals/SVG/img (159).svg,8. Geometric Designs/Geometric Animal/All animals/PNG/img (159).png
02108,Geometric Designs,Geometric Animal,img (16),,8. Geometric Designs/Geometric Animal/All animals/SVG/img (16).svg,8. Geometric Designs/Geometric Animal/All animals/PNG/img (16).png
02109,Geometric Designs,Geometric Animal,img (160),,8. Geometric Designs/Geometric Animal/All animals/SVG/img (160).svg,8. Geometric Designs/Geometric Animal/All animals/PNG/img (160).png
02110,Geometric Designs,Geometric Animal,img (161),,8. Geometric Designs/Geometric Animal/All animals/SVG/img (161).svg,8. Geometric Designs/Geometric Animal/All animals/PNG/img (161).png
02111,Geometric Designs,Geometric Animal,img (162),,8. Geometric Designs/Geometric Animal/All animals/SVG/img (162).svg,8. Geometric Designs/Geometric Animal/All animals/PNG/img (162).png
02112,Geometric Designs,Geometric Animal,img (163),,8. Geometric Designs/Geometric Animal/All animals/SVG/img (163).svg,8. Geometric Designs/Geometric Animal/All animals/PNG/img (163).png
02113,Geometric Designs,Geometric Animal,img (164),,8. Geometric Designs/Geometric Animal/All animals/SVG/img (164).svg,8. Geometric Designs/Geometric Animal/All animals/PNG/img (164).png
02114,Geometric Designs,Geometric Animal,img (165),,8. Geometric Designs/Geometric Animal/All animals/SVG/img (165).svg,8. Geometric Designs/Geometric Animal/All animals/PNG/img (165).png
02115,Geometric Designs,Geometric Animal,img (166),,8. Geometric Designs/Geometric Animal/All animals/SVG/img (166).svg,8. Geometric Designs/Geometric Animal/All animals/PNG/img (166).png
02116,Geometric Designs,Geometric Animal,img (167),,8. Geometric Designs/Geometric Animal/All animals/SVG/img (167).svg,8. Geometric Designs/Geometric Animal/All animals/PNG/img (167).png
02117,Geometric Designs,Geometric Animal,img (168),,8. Geometric Designs/Geometric Animal/All animals/SVG/img (168).svg,8. Geometric Designs/Geometric Animal/All animals/PNG/img (168).png
02118,Geometric Designs,Geometric Animal,img (169),,8. Geometric Designs/Geometric Animal/All animals/SVG/img (169).svg,8. Geometric Designs/Geometric Animal/All animals/PNG/img (169).png
02119,Geometric Designs,Geometric Animal,img (17),,8. Geometric Designs/Geometric Animal/All animals/SVG/img (17).svg,8. Geometric Designs/Geometric Animal/All animals/PNG/img (17).png
02120,Geometric Designs,Geometric Animal,img (170),,8. Geometric Designs/Geometric Animal/All animals/SVG/img (170).svg,8. Geometric Designs/Geometric Animal/All animals/PNG/img (170).png
02121,Geometric Designs,Geometric Animal,img (171),,8. Geometric Designs/Geometric Animal/All animals/SVG/img (171).svg,8. Geometric Designs/Geometric Animal/All animals/PNG/img (171).png
02122,Geometric Designs,Geometric Animal,img (172),,8. Geometric Designs/Geometric Animal/All animals/SVG/img (172).svg,8. Geometric Designs/Geometric Animal/All animals/PNG/img (172).png
02123,Geometric Designs,Geometric Animal,img (173),,8. Geometric Designs/Geometric Animal/All animals/SVG/img (173).svg,8. Geometric Designs/Geometric Animal/All animals/PNG/img (173).png
02124,Geometric Designs,Geometric Animal,img (174),,8. Geometric Designs/Geometric Animal/All animals/SVG/img (174).svg,8. Geometric Designs/Geometric Animal/All animals/PNG/img (174).png
02125,Geometric Designs,Geometric Animal,img (175),,8. Geometric Designs/Geometric Animal/All animals/SVG/img (175).svg,8. Geometric Designs/Geometric Animal/All animals/PNG/img (175).png
02126,Geometric Designs,Geometric Animal,img (176),,8. Geometric Designs/Geometric Animal/All animals/SVG/img (176).svg,8. Geometric Designs/Geometric Animal/All animals/PNG/img (176).png
02127,Geometric Designs,Geometric Animal,img (177),,8. Geometric Designs/Geometric Animal/All animals/SVG/img (177).svg,8. Geometric Designs/Geometric Animal/All animals/PNG/img (177).png
02128,Geometric Designs,Geometric Animal,img (178),,8. Geometric Designs/Geometric Animal/All animals/SVG/img (178).svg,8. Geometric Designs/Geometric Animal/All animals/PNG/img (178).png
02129,Geometric Designs,Geometric Animal,img (179),,8. Geometric Designs/Geometric Animal/All animals/SVG/img (179).svg,8. Geometric Designs/Geometric Animal/All animals/PNG/img (179).png
02130,Geometric Designs,Geometric Animal,img (18),,8. Geometric Designs/Geometric Animal/All animals/SVG/img (18).svg,8. Geometric Designs/Geometric Animal/All animals/PNG/img (18).png
02131,Geometric Designs,Geometric Animal,img (180),,8. Geometric Designs/Geometric Animal/All animals/SVG/img (180).svg,8. Geometric Designs/Geometric Animal/All animals/PNG/img (180).png
02132,Geometric Designs,Geometric Animal,img (181),,8. Geometric Designs/Geometric Animal/All animals/SVG/img (181).svg,8. Geometric Designs/Geometric Animal/All animals/PNG/img (181).png
02133,Geometric Designs,Geometric Animal,img (182),,8. Geometric Designs/Geometric Animal/All animals/SVG/img (182).svg,8. Geometric Designs/Geometric Animal/All animals/PNG/img (182).png
02134,Geometric Designs,Geometric Animal,img (183),,8. Geometric Designs/Geometric Animal/All animals/SVG/img (183).svg,8. Geometric Designs/Geometric Animal/All animals/PNG/img (183).png
02135,Geometric Designs,Geometric Animal,img (184),,8. Geometric Designs/Geometric Animal/All animals/SVG/img (184).svg,8. Geometric Designs/Geometric Animal/All animals/PNG/img (184).png
02136,Geometric Designs,Geometric Animal,img (185),,8. Geometric Designs/Geometric Animal/All animals/SVG/img (185).svg,8. Geometric Designs/Geometric Animal/All animals/PNG/img (185).png
02137,Geometric Designs,Geometric Animal,img (186),,8. Geometric Designs/Geometric Animal/All animals/SVG/img (186).svg,8. Geometric Designs/Geometric Animal/All animals/PNG/img (186).png
02138,Geometric Designs,Geometric Animal,img (187),,8. Geometric Designs/Geometric Animal/All animals/SVG/img (187).svg,8. Geometric Designs/Geometric Animal/All animals/PNG/img (187).png
02139,Geometric Designs,Geometric Animal,img (188),,8. Geometric Designs/Geometric Animal/All animals/SVG/img (188).svg,8. Geometric Designs/Geometric Animal/All animals/PNG/img (188).png
02140,Geometric Designs,Geometric Animal,img (189),,8. Geometric Designs/Geometric Animal/All animals/SVG/img (189).svg,8. Geometric Designs/Geometric Animal/All animals/PNG/img (189).png
02141,Geometric Designs,Geometric Animal,img (19),,8. Geometric Designs/Geometric Animal/All animals/SVG/img (19).svg,8. Geometric Designs/Geometric Animal/All animals/PNG/img (19).png
02142,Geometric Designs,Geometric Animal,img (190),,8. Geometric Designs/Geometric Animal/All animals/SVG/img (190).svg,8. Geometric Designs/Geometric Animal/All animals/PNG/img (190).png
02143,Geometric Designs,Geometric Animal,img (191),,8. Geometric Designs/Geometric Animal/All animals/SVG/img (191).svg,8. Geometric Designs/Geometric Animal/All animals/PNG/img (191).png
02144,Geometric Designs,Geometric Animal,img (192),,8. Geometric Designs/Geometric Animal/All animals/SVG/img (192).svg,8. Geometric Designs/Geometric Animal/All animals/PNG/img (192).png
02145,Geometric Designs,Geometric Animal,img (193),,8. Geometric Designs/Geometric Animal/All animals/SVG/img (193).svg,8. Geometric Designs/Geometric Animal/All animals/PNG/img (193).png
02146,Geometric Designs,Geometric Animal,img (194),,8. Geometric Designs/Geometric Animal/All animals/SVG/img (194).svg,8. Geometric Designs/Geometric Animal/All animals/PNG/img (194).png
02147,Geometric Designs,Geometric Animal,img (195),,8. Geometric Designs/Geometric Animal/All animals/SVG/img (195).svg,8. Geometric Designs/Geometric Animal/All animals/PNG/img (195).png
02148,Geometric Designs,Geometric Animal,img (196),,8. Geometric Designs/Geometric Animal/All animals/SVG/img (196).svg,8. Geometric Designs/Geometric Animal/All animals/PNG/img (196).png
02149,Geometric Designs,Geometric Animal,img (197),,8. Geometric Designs/Geometric Animal/All animals/SVG/img (197).svg,8. Geometric Designs/Geometric Animal/All animals/PNG/img (197).png
02150,Geometric Designs,Geometric Animal,img (198),,8. Geometric Designs/Geometric Animal/All animals/SVG/img (198).svg,8. Geometric Designs/Geometric Animal/All animals/PNG/img (198).png
02151,Geometric Designs,Geometric Animal,img (199),,8. Geometric Designs/Geometric Animal/All animals/SVG/img (199).svg,8. Geometric Designs/Geometric Animal/All animals/PNG/img (199).png
02152,Geometric Designs,Geometric Animal,img (2),,8. Geometric Designs/Geometric Animal/All animals/SVG/img (2).svg,8. Geometric Designs/Geometric Animal/All animals/PNG/img (2).png
02153,Geometric Designs,Geometric Animal,img (20),,8. Geometric Designs/Geometric Animal/All animals/SVG/img (20).svg,8. Geometric Designs/Geometric Animal/All animals/PNG/img (20).png
02154,Geometric Designs,Geometric Animal,img (200),,8. Geometric Designs/Geometric Animal/All animals/SVG/img (200).svg,8. Geometric Designs/Geometric Animal/All animals/PNG/img (200).png
02155,Geometric Designs,Geometric Animal,img (201),,8. Geometric Designs/Geometric Animal/All animals/SVG/img (201).svg,8. Geometric Designs/Geometric Animal/All animals/PNG/img (201).png
02156,Geometric Designs,Geometric Animal,img (202),,8. Geometric Designs/Geometric Animal/All animals/SVG/img (202).svg,8. Geometric Designs/Geometric Animal/All animals/PNG/img (202).png
02157,Geometric Designs,Geometric Animal,img (203),,8. Geometric Designs/Geometric Animal/All animals/SVG/img (203).svg,8. Geometric Designs/Geometric Animal/All animals/PNG/img (203).png
02158,Geometric Designs,Geometric Animal,img (204),,8. Geometric Designs/Geometric Animal/All animals/SVG/img (204).svg,8. Geometric Designs/Geometric Animal/All animals/PNG/img (204).png
02159,Geometric Designs,Geometric Animal,img (205),,8. Geometric Designs/Geometric Animal/All animals/SVG/img (205).svg,8. Geometric Designs/Geometric Animal/All animals/PNG/img (205).png
02160,Geometric Designs,Geometric Animal,img (206),,8. Geometric Designs/Geometric Animal/All animals/SVG/img (206).svg,8. Geometric Designs/Geometric Animal/All animals/PNG/img (206).png
02161,Geometric Designs,Geometric Animal,img (207),,8. Geometric Designs/Geometric Animal/All animals/SVG/img (207).svg,8. Geometric Designs/Geometric Animal/All animals/PNG/img (207).png
02162,Geometric Designs,Geometric Animal,img (208),,8. Geometric Designs/Geometric Animal/All animals/SVG/img (208).svg,8. Geometric Designs/Geometric Animal/All animals/PNG/img (208).png
02163,Geometric Designs,Geometric Animal,img (209),,8. Geometric Designs/Geometric Animal/All animals/SVG/img (209).svg,8. Geometric Designs/Geometric Animal/All animals/PNG/img (209).png
02164,Geometric Designs,Geometric Animal,img (21),,8. Geometric Designs/Geometric Animal/All animals/SVG/img (21).svg,8. Geometric Designs/Geometric Animal/All animals/PNG/img (21).png
02165,Geometric Designs,Geometric Animal,img (210),,8. Geometric Designs/Geometric Animal/All animals/SVG/img (210).svg,8. Geometric Designs/Geometric Animal/All animals/PNG/img (210).png
02166,Geometric Designs,Geometric Animal,img (211),,8. Geometric Designs/Geometric Animal/All animals/SVG/img (211).svg,8. Geometric Designs/Geometric Animal/All animals/PNG/img (211).png
02167,Geometric Designs,Geometric Animal,img (212),,8. Geometric Designs/Geometric Animal/All animals/SVG/img (212).svg,8. Geometric Designs/Geometric Animal/All animals/PNG/img (212).png
02168,Geometric Designs,Geometric Animal,img (213),,8. Geometric Designs/Geometric Animal/All animals/SVG/img (213).svg,8. Geometric Designs/Geometric Animal/All animals/PNG/img (213).png
02169,Geometric Designs,Geometric Animal,img (214),,8. Geometric Designs/Geometric Animal/All animals/SVG/img (214).svg,8. Geometric Designs/Geometric Animal/All animals/PNG/img (214).png
02170,Geometric Designs,Geometric Animal,img (215),,8. Geometric Designs/Geometric Animal/All animals/SVG/img (215).svg,8. Geometric Designs/Geometric Animal/All animals/PNG/img (215).png
02171,Geometric Designs,Geometric Animal,img (216),,8. Geometric Designs/Geometric Animal/All animals/SVG/img (216).svg,8. Geometric Designs/Geometric Animal/All animals/PNG/img (216).png
02172,Geometric Designs,Geometric Animal,img (217),,8. Geometric Designs/Geometric Animal/All animals/SVG/img (217).svg,8. Geometric Designs/Geometric Animal/All animals/PNG/img (217).png
02173,Geometric Designs,Geometric Animal,img (218),,8. Geometric Designs/Geometric Animal/All animals/SVG/img (218).svg,8. Geometric Designs/Geometric Animal/All animals/PNG/img (218).png
02174,Geometric Designs,Geometric Animal,img (219),,8. Geometric Designs/Geometric Animal/All animals/SVG/img (219).svg,8. Geometric Designs/Geometric Animal/All animals/PNG/img (219).png
02175,Geometric Designs,Geometric Animal,img (22),,8. Geometric Designs/Geometric Animal/All animals/SVG/img (22).svg,8. Geometric Designs/Geometric Animal/All animals/PNG/img (22).png
02176,Geometric Designs,Geometric Animal,img (220),,8. Geometric Designs/Geometric Animal/All animals/SVG/img (220).svg,8. Geometric Designs/Geometric Animal/All animals/PNG/img (220).png
02177,Geometric Designs,Geometric Animal,img (221),,8. Geometric Designs/Geometric Animal/All animals/SVG/img (221).svg,8. Geometric Designs/Geometric Animal/All animals/PNG/img (221).png
02178,Geometric Designs,Geometric Animal,img (222),,8. Geometric Designs/Geometric Animal/All animals/SVG/img (222).svg,8. Geometric Designs/Geometric Animal/All animals/PNG/img (222).png
02179,Geometric Designs,Geometric Animal,img (223),,8. Geometric Designs/Geometric Animal/All animals/SVG/img (223).svg,8. Geometric Designs/Geometric Animal/All animals/PNG/img (223).png
02180,Geometric Designs,Geometric Animal,img (224),,8. Geometric Designs/Geometric Animal/All animals/SVG/img (224).svg,8. Geometric Designs/Geometric Animal/All animals/PNG/img (224).png
02181,Geometric Designs,Geometric Animal,img (225),,8. Geometric Designs/Geometric Animal/All animals/SVG/img (225).svg,8. Geometric Designs/Geometric Animal/All animals/PNG/img (225).png
02182,Geometric Designs,Geometric Animal,img (226),,8. Geometric Designs/Geometric Animal/All animals/SVG/img (226).svg,8. Geometric Designs/Geometric Animal/All animals/PNG/img (226).png
02183,Geometric Designs,Geometric Animal,img (227),,8. Geometric Designs/Geometric Animal/All animals/SVG/img (227).svg,8. Geometric Designs/Geometric Animal/All animals/PNG/img (227).png
02184,Geometric Designs,Geometric Animal,img (228),,8. Geometric Designs/Geometric Animal/All animals/SVG/img (228).svg,8. Geometric Designs/Geometric Animal/All animals/PNG/img (228).png
02185,Geometric Designs,Geometric Animal,img (229),,8. Geometric Designs/Geometric Animal/All animals/SVG/img (229).svg,8. Geometric Designs/Geometric Animal/All animals/PNG/img (229).png
02186,Geometric Designs,Geometric Animal,img (23),,8. Geometric Designs/Geometric Animal/All animals/SVG/img (23).svg,8. Geometric Designs/Geometric Animal/All animals/PNG/img (23).png
02187,Geometric Designs,Geometric Animal,img (230),,8. Geometric Designs/Geometric Animal/All animals/SVG/img (230).svg,8. Geometric Designs/Geometric Animal/All animals/PNG/img (230).png
02188,Geometric Designs,Geometric Animal,img (231),,8. Geometric Designs/Geometric Animal/All animals/SVG/img (231).svg,8. Geometric Designs/Geometric Animal/All animals/PNG/img (231).png
02189,Geometric Designs,Geometric Animal,img (232),,8. Geometric Designs/Geometric Animal/All animals/SVG/img (232).svg,8. Geometric Designs/Geometric Animal/All animals/PNG/img (232).png
02190,Geometric Designs,Geometric Animal,img (233),,8. Geometric Designs/Geometric Animal/All animals/SVG/img (233).svg,8. Geometric Designs/Geometric Animal/All animals/PNG/img (233).png
02191,Geometric Designs,Geometric Animal,img (234),,8. Geometric Designs/Geometric Animal/All animals/SVG/img (234).svg,8. Geometric Designs/Geometric Animal/All animals/PNG/img (234).png
02192,Geometric Designs,Geometric Animal,img (235),,8. Geometric Designs/Geometric Animal/All animals/SVG/img (235).svg,8. Geometric Designs/Geometric Animal/All animals/PNG/img (235).png
02193,Geometric Designs,Geometric Animal,img (236),,8. Geometric Designs/Geometric Animal/All animals/SVG/img (236).svg,8. Geometric Designs/Geometric Animal/All animals/PNG/img (236).png
02194,Geometric Designs,Geometric Animal,img (237),,8. Geometric Designs/Geometric Animal/All animals/SVG/img (237).svg,8. Geometric Designs/Geometric Animal/All animals/PNG/img (237).png
02195,Geometric Designs,Geometric Animal,img (238),,8. Geometric Designs/Geometric Animal/All animals/SVG/img (238).svg,8. Geometric Designs/Geometric Animal/All animals/PNG/img (238).png
02196,Geometric Designs,Geometric Animal,img (239),,8. Geometric Designs/Geometric Animal/All animals/SVG/img (239).svg,8. Geometric Designs/Geometric Animal/All animals/PNG/img (239).png
02197,Geometric Designs,Geometric Animal,img (24),,8. Geometric Designs/Geometric Animal/All animals/SVG/img (24).svg,8. Geometric Designs/Geometric Animal/All animals/PNG/img (24).png
02198,Geometric Designs,Geometric Animal,img (240),,8. Geometric Designs/Geometric Animal/All animals/SVG/img (240).svg,8. Geometric Designs/Geometric Animal/All animals/PNG/img (240).png
02199,Geometric Designs,Geometric Animal,img (241),,8. Geometric Designs/Geometric Animal/All animals/SVG/img (241).svg,8. Geometric Designs/Geometric Animal/All animals/PNG/img (241).png
02200,Geometric Designs,Geometric Animal,img (242),,8. Geometric Designs/Geometric Animal/All animals/SVG/img (242).svg,8. Geometric Designs/Geometric Animal/All animals/PNG/img (242).png
02201,Geometric Designs,Geometric Animal,img (243),,8. Geometric Designs/Geometric Animal/All animals/SVG/img (243).svg,8. Geometric Designs/Geometric Animal/All animals/PNG/img (243).png
02202,Geometric Designs,Geometric Animal,img (244),,8. Geometric Designs/Geometric Animal/All animals/SVG/img (244).svg,8. Geometric Designs/Geometric Animal/All animals/PNG/img (244).png
02203,Geometric Designs,Geometric Animal,img (245),,8. Geometric Designs/Geometric Animal/All animals/SVG/img (245).svg,8. Geometric Designs/Geometric Animal/All animals/PNG/img (245).png
02204,Geometric Designs,Geometric Animal,img (246),,8. Geometric Designs/Geometric Animal/All animals/SVG/img (246).svg,8. Geometric Designs/Geometric Animal/All animals/PNG/img (246).png
02205,Geometric Designs,Geometric Animal,img (247),,8. Geometric Designs/Geometric Animal/All animals/SVG/img (247).svg,8. Geometric Designs/Geometric Animal/All animals/PNG/img (247).png
02206,Geometric Designs,Geometric Animal,img (248),,8. Geometric Designs/Geometric Animal/All animals/SVG/img (248).svg,8. Geometric Designs/Geometric Animal/All animals/PNG/img (248).png
02207,Geometric Designs,Geometric Animal,img (249),,8. Geometric Designs/Geometric Animal/All animals/SVG/img (249).svg,8. Geometric Designs/Geometric Animal/All animals/PNG/img (249).png
02208,Geometric Designs,Geometric Animal,img (25),,8. Geometric Designs/Geometric Animal/All animals/SVG/img (25).svg,8. Geometric Designs/Geometric Animal/All animals/PNG/img (25).png
02209,Geometric Designs,Geometric Animal,img (250),,8. Geometric Designs/Geometric Animal/All animals/SVG/img (250).svg,8. Geometric Designs/Geometric Animal/All animals/PNG/img (250).png
02210,Geometric Designs,Geometric Animal,img (251),,8. Geometric Designs/Geometric Animal/All animals/SVG/img (251).svg,8. Geometric Designs/Geometric Animal/All animals/PNG/img (251).png
02211,Geometric Designs,Geometric Animal,img (252),,8. Geometric Designs/Geometric Animal/All animals/SVG/img (252).svg,8. Geometric Designs/Geometric Animal/All animals/PNG/img (252).png
02212,Geometric Designs,Geometric Animal,img (253),,8. Geometric Designs/Geometric Animal/All animals/SVG/img (253).svg,8. Geometric Designs/Geometric Animal/All animals/PNG/img (253).png
02213,Geometric Designs,Geometric Animal,img (254),,8. Geometric Designs/Geometric Animal/All animals/SVG/img (254).svg,8. Geometric Designs/Geometric Animal/All animals/PNG/img (254).png
02214,Geometric Designs,Geometric Animal,img (255),,8. Geometric Designs/Geometric Animal/All animals/SVG/img (255).svg,8. Geometric Designs/Geometric Animal/All animals/PNG/img (255).png
02215,Geometric Designs,Geometric Animal,img (256),,8. Geometric Designs/Geometric Animal/All animals/SVG/img (256).svg,8. Geometric Designs/Geometric Animal/All animals/PNG/img (256).png
02216,Geometric Designs,Geometric Animal,img (257),,8. Geometric Designs/Geometric Animal/All animals/SVG/img (257).svg,8. Geometric Designs/Geometric Animal/All animals/PNG/img (257).png
02217,Geometric Designs,Geometric Animal,img (258),,8. Geometric Designs/Geometric Animal/All animals/SVG/img (258).svg,8. Geometric Designs/Geometric Animal/All animals/PNG/img (258).png
02218,Geometric Designs,Geometric Animal,img (259),,8. Geometric Designs/Geometric Animal/All animals/SVG/img (259).svg,8. Geometric Designs/Geometric Animal/All animals/PNG/img (259).png
02219,Geometric Designs,Geometric Animal,img (26),,8. Geometric Designs/Geometric Animal/All animals/SVG/img (26).svg,8. Geometric Designs/Geometric Animal/All animals/PNG/img (26).png
02220,Geometric Designs,Geometric Animal,img (260),,8. Geometric Designs/Geometric Animal/All animals/SVG/img (260).svg,8. Geometric Designs/Geometric Animal/All animals/PNG/img (260).png
02221,Geometric Designs,Geometric Animal,img (261),,8. Geometric Designs/Geometric Animal/All animals/SVG/img (261).svg,8. Geometric Designs/Geometric Animal/All animals/PNG/img (261).png
02222,Geometric Designs,Geometric Animal,img (262),,8. Geometric Designs/Geometric Animal/All animals/SVG/img (262).svg,8. Geometric Designs/Geometric Animal/All animals/PNG/img (262).png
02223,Geometric Designs,Geometric Animal,img (263),,8. Geometric Designs/Geometric Animal/All animals/SVG/img (263).svg,8. Geometric Designs/Geometric Animal/All animals/PNG/img (263).png
02224,Geometric Designs,Geometric Animal,img (264),,8. Geometric Designs/Geometric Animal/All animals/SVG/img (264).svg,8. Geometric Designs/Geometric Animal/All animals/PNG/img (264).png
02225,Geometric Designs,Geometric Animal,img (265),,8. Geometric Designs/Geometric Animal/All animals/SVG/img (265).svg,8. Geometric Designs/Geometric Animal/All animals/PNG/img (265).png
02226,Geometric Designs,Geometric Animal,img (266),,8. Geometric Designs/Geometric Animal/All animals/SVG/img (266).svg,8. Geometric Designs/Geometric Animal/All animals/PNG/img (266).png
02227,Geometric Designs,Geometric Animal,img (267),,8. Geometric Designs/Geometric Animal/All animals/SVG/img (267).svg,8. Geometric Designs/Geometric Animal/All animals/PNG/img (267).png
02228,Geometric Designs,Geometric Animal,img (268),,8. Geometric Designs/Geometric Animal/All animals/SVG/img (268).svg,8. Geometric Designs/Geometric Animal/All animals/PNG/img (268).png
02229,Geometric Designs,Geometric Animal,img (269),,8. Geometric Designs/Geometric Animal/All animals/SVG/img (269).svg,8. Geometric Designs/Geometric Animal/All animals/PNG/img (269).png
02230,Geometric Designs,Geometric Animal,img (27),,8. Geometric Designs/Geometric Animal/All animals/SVG/img (27).svg,8. Geometric Designs/Geometric Animal/All animals/PNG/img (27).png
02231,Geometric Designs,Geometric Animal,img (270),,8. Geometric Designs/Geometric Animal/All animals/SVG/img (270).svg,8. Geometric Designs/Geometric Animal/All animals/PNG/img (270).png
02232,Geometric Designs,Geometric Animal,img (271),,8. Geometric Designs/Geometric Animal/All animals/SVG/img (271).svg,8. Geometric Designs/Geometric Animal/All animals/PNG/img (271).png
02233,Geometric Designs,Geometric Animal,img (272),,8. Geometric Designs/Geometric Animal/All animals/SVG/img (272).svg,8. Geometric Designs/Geometric Animal/All animals/PNG/img (272).png
02234,Geometric Designs,Geometric Animal,img (273),,8. Geometric Designs/Geometric Animal/All animals/SVG/img (273).svg,8. Geometric Designs/Geometric Animal/All animals/PNG/img (273).png
02235,Geometric Designs,Geometric Animal,img (274),,8. Geometric Designs/Geometric Animal/All animals/SVG/img (274).svg,8. Geometric Designs/Geometric Animal/All animals/PNG/img (274).png
02236,Geometric Designs,Geometric Animal,img (275),,8. Geometric Designs/Geometric Animal/All animals/SVG/img (275).svg,8. Geometric Designs/Geometric Animal/All animals/PNG/img (275).png
02237,Geometric Designs,Geometric Animal,img (276),,8. Geometric Designs/Geometric Animal/All animals/SVG/img (276).svg,8. Geometric Designs/Geometric Animal/All animals/PNG/img (276).png
02238,Geometric Designs,Geometric Animal,img (277),,8. Geometric Designs/Geometric Animal/All animals/SVG/img (277).svg,8. Geometric Designs/Geometric Animal/All animals/PNG/img (277).png
02239,Geometric Designs,Geometric Animal,img (278),,8. Geometric Designs/Geometric Animal/All animals/SVG/img (278).svg,8. Geometric Designs/Geometric Animal/All animals/PNG/img (278).png
02240,Geometric Designs,Geometric Animal,img (279),,8. Geometric Designs/Geometric Animal/All animals/SVG/img (279).svg,8. Geometric Designs/Geometric Animal/All animals/PNG/img (279).png
02241,Geometric Designs,Geometric Animal,img (28),,8. Geometric Designs/Geometric Animal/All animals/SVG/img (28).svg,8. Geometric Designs/Geometric Animal/All animals/PNG/img (28).png
02242,Geometric Designs,Geometric Animal,img (280),,8. Geometric Designs/Geometric Animal/All animals/SVG/img (280).svg,8. Geometric Designs/Geometric Animal/All animals/PNG/img (280).png
02243,Geometric Designs,Geometric Animal,img (281),,8. Geometric Designs/Geometric Animal/All animals/SVG/img (281).svg,8. Geometric Designs/Geometric Animal/All animals/PNG/img (281).png
02244,Geometric Designs,Geometric Animal,img (282),,8. Geometric Designs/Geometric Animal/All animals/SVG/img (282).svg,8. Geometric Designs/Geometric Animal/All animals/PNG/img (282).png
02245,Geometric Designs,Geometric Animal,img (283),,8. Geometric Designs/Geometric Animal/All animals/SVG/img (283).svg,8. Geometric Designs/Geometric Animal/All animals/PNG/img (283).png
02246,Geometric Designs,Geometric Animal,img (284),,8. Geometric Designs/Geometric Animal/All animals/SVG/img (284).svg,8. Geometric Designs/Geometric Animal/All animals/PNG/img (284).png
02247,Geometric Designs,Geometric Animal,img (285),,8. Geometric Designs/Geometric Animal/All animals/SVG/img (285).svg,8. Geometric Designs/Geometric Animal/All animals/PNG/img (285).png
02248,Geometric Designs,Geometric Animal,img (286),,8. Geometric Designs/Geometric Animal/All animals/SVG/img (286).svg,8. Geometric Designs/Geometric Animal/All animals/PNG/img (286).png
02249,Geometric Designs,Geometric Animal,img (287),,8. Geometric Designs/Geometric Animal/All animals/SVG/img (287).svg,8. Geometric Designs/Geometric Animal/All animals/PNG/img (287).png
02250,Geometric Designs,Geometric Animal,img (288),,8. Geometric Designs/Geometric Animal/All animals/SVG/img (288).svg,8. Geometric Designs/Geometric Animal/All animals/PNG/img (288).png
02251,Geometric Designs,Geometric Animal,img (289),,8. Geometric Designs/Geometric Animal/All animals/SVG/img (289).svg,8. Geometric Designs/Geometric Animal/All animals/PNG/img (289).png
02252,Geometric Designs,Geometric Animal,img (29),,8. Geometric Designs/Geometric Animal/All animals/SVG/img (29).svg,8. Geometric Designs/Geometric Animal/All animals/PNG/img (29).png
02253,Geometric Designs,Geometric Animal,img (290),,8. Geometric Designs/Geometric Animal/All animals/SVG/img (290).svg,8. Geometric Designs/Geometric Animal/All animals/PNG/img (290).png
02254,Geometric Designs,Geometric Animal,img (291),,8. Geometric Designs/Geometric Animal/All animals/SVG/img (291).svg,8. Geometric Designs/Geometric Animal/All animals/PNG/img (291).png
02255,Geometric Designs,Geometric Animal,img (292),,8. Geometric Designs/Geometric Animal/All animals/SVG/img (292).svg,8. Geometric Designs/Geometric Animal/All animals/PNG/img (292).png
02256,Geometric Designs,Geometric Animal,img (293),,8. Geometric Designs/Geometric Animal/All animals/SVG/img (293).svg,8. Geometric Designs/Geometric Animal/All animals/PNG/img (293).png
02257,Geometric Designs,Geometric Animal,img (294),,8. Geometric Designs/Geometric Animal/All animals/SVG/img (294).svg,8. Geometric Designs/Geometric Animal/All animals/PNG/img (294).png
02258,Geometric Designs,Geometric Animal,img (295),,8. Geometric Designs/Geometric Animal/All animals/SVG/img (295).svg,8. Geometric Designs/Geometric Animal/All animals/PNG/img (295).png
02259,Geometric Designs,Geometric Animal,img (296),,8. Geometric Designs/Geometric Animal/All animals/SVG/img (296).svg,8. Geometric Designs/Geometric Animal/All animals/PNG/img (296).png
02260,Geometric Designs,Geometric Animal,img (297),,8. Geometric Designs/Geometric Animal/All animals/SVG/img (297).svg,8. Geometric Designs/Geometric Animal/All animals/PNG/img (297).png
02261,Geometric Designs,Geometric Animal,img (298),,8. Geometric Designs/Geometric Animal/All animals/SVG/img (298).svg,8. Geometric Designs/Geometric Animal/All animals/PNG/img (298).png
02262,Geometric Designs,Geometric Animal,img (299),,8. Geometric Designs/Geometric Animal/All animals/SVG/img (299).svg,8. Geometric Designs/Geometric Animal/All animals/PNG/img (299).png
02263,Geometric Designs,Geometric Animal,img (3),,8. Geometric Designs/Geometric Animal/All animals/SVG/img (3).svg,8. Geometric Designs/Geometric Animal/All animals/PNG/img (3).png
02264,Geometric Designs,Geometric Animal,img (30),,8. Geometric Designs/Geometric Animal/All animals/SVG/img (30).svg,8. Geometric Designs/Geometric Animal/All animals/PNG/img (30).png
02265,Geometric Designs,Geometric Animal,img (300),,8. Geometric Designs/Geometric Animal/All animals/SVG/img (300).svg,8. Geometric Designs/Geometric Animal/All animals/PNG/img (300).png
02266,Geometric Designs,Geometric Animal,img (301),,8. Geometric Designs/Geometric Animal/All animals/SVG/img (301).svg,8. Geometric Designs/Geometric Animal/All animals/PNG/img (301).png
02267,Geometric Designs,Geometric Animal,img (302),,8. Geometric Designs/Geometric Animal/All animals/SVG/img (302).svg,8. Geometric Designs/Geometric Animal/All animals/PNG/img (302).png
02268,Geometric Designs,Geometric Animal,img (303),,8. Geometric Designs/Geometric Animal/All animals/SVG/img (303).svg,8. Geometric Designs/Geometric Animal/All animals/PNG/img (303).png
02269,Geometric Designs,Geometric Animal,img (304),,8. Geometric Designs/Geometric Animal/All animals/SVG/img (304).svg,8. Geometric Designs/Geometric Animal/All animals/PNG/img (304).png
02270,Geometric Designs,Geometric Animal,img (31),,8. Geometric Designs/Geometric Animal/All animals/SVG/img (31).svg,8. Geometric Designs/Geometric Animal/All animals/PNG/img (31).png
02271,Geometric Designs,Geometric Animal,img (32),,8. Geometric Designs/Geometric Animal/All animals/SVG/img (32).svg,8. Geometric Designs/Geometric Animal/All animals/PNG/img (32).png
02272,Geometric Designs,Geometric Animal,img (33),,8. Geometric Designs/Geometric Animal/All animals/SVG/img (33).svg,8. Geometric Designs/Geometric Animal/All animals/PNG/img (33).png
02273,Geometric Designs,Geometric Animal,img (34),,8. Geometric Designs/Geometric Animal/All animals/SVG/img (34).svg,8. Geometric Designs/Geometric Animal/All animals/PNG/img (34).png
02274,Geometric Designs,Geometric Animal,img (35),,8. Geometric Designs/Geometric Animal/All animals/SVG/img (35).svg,8. Geometric Designs/Geometric Animal/All animals/PNG/img (35).png
02275,Geometric Designs,Geometric Animal,img (36),,8. Geometric Designs/Geometric Animal/All animals/SVG/img (36).svg,8. Geometric Designs/Geometric Animal/All animals/PNG/img (36).png
02276,Geometric Designs,Geometric Animal,img (37),,8. Geometric Designs/Geometric Animal/All animals/SVG/img (37).svg,8. Geometric Designs/Geometric Animal/All animals/PNG/img (37).png
02277,Geometric Designs,Geometric Animal,img (38),,8. Geometric Designs/Geometric Animal/All animals/SVG/img (38).svg,8. Geometric Designs/Geometric Animal/All animals/PNG/img (38).png
02278,Geometric Designs,Geometric Animal,img (39),,8. Geometric Designs/Geometric Animal/All animals/SVG/img (39).svg,8. Geometric Designs/Geometric Animal/All animals/PNG/img (39).png
02279,Geometric Designs,Geometric Animal,img (4),,8. Geometric Designs/Geometric Animal/All animals/SVG/img (4).svg,8. Geometric Designs/Geometric Animal/All animals/PNG/img (4).png
02280,Geometric Designs,Geometric Animal,img (40),,8. Geometric Designs/Geometric Animal/All animals/SVG/img (40).svg,8. Geometric Designs/Geometric Animal/All animals/PNG/img (40).png
02281,Geometric Designs,Geometric Animal,img (41),,8. Geometric Designs/Geometric Animal/All animals/SVG/img (41).svg,8. Geometric Designs/Geometric Animal/All animals/PNG/img (41).png
02282,Geometric Designs,Geometric Animal,img (42),,8. Geometric Designs/Geometric Animal/All animals/SVG/img (42).svg,8. Geometric Designs/Geometric Animal/All animals/PNG/img (42).png
02283,Geometric Designs,Geometric Animal,img (43),,8. Geometric Designs/Geometric Animal/All animals/SVG/img (43).svg,8. Geometric Designs/Geometric Animal/All animals/PNG/img (43).png
02284,Geometric Designs,Geometric Animal,img (44),,8. Geometric Designs/Geometric Animal/All animals/SVG/img (44).svg,8. Geometric Designs/Geometric Animal/All animals/PNG/img (44).png
02285,Geometric Designs,Geometric Animal,img (45),,8. Geometric Designs/Geometric Animal/All animals/SVG/img (45).svg,8. Geometric Designs/Geometric Animal/All animals/PNG/img (45).png
02286,Geometric Designs,Geometric Animal,img (46),,8. Geometric Designs/Geometric Animal/All animals/SVG/img (46).svg,8. Geometric Designs/Geometric Animal/All animals/PNG/img (46).png
02287,Geometric Designs,Geometric Animal,img (47),,8. Geometric Designs/Geometric Animal/All animals/SVG/img (47).svg,8. Geometric Designs/Geometric Animal/All animals/PNG/img (47).png
02288,Geometric Designs,Geometric Animal,img (48),,8. Geometric Designs/Geometric Animal/All animals/SVG/img (48).svg,8. Geometric Designs/Geometric Animal/All animals/PNG/img (48).png
02289,Geometric Designs,Geometric Animal,img (49),,8. Geometric Designs/Geometric Animal/All animals/SVG/img (49).svg,8. Geometric Designs/Geometric Animal/All animals/PNG/img (49).png
02290,Geometric Designs,Geometric Animal,img (5),,8. Geometric Designs/Geometric Animal/All animals/SVG/img (5).svg,8. Geometric Designs/Geometric Animal/All animals/PNG/img (5).png
02291,Geometric Designs,Geometric Animal,img (50),,8. Geometric Designs/Geometric Animal/All animals/SVG/img (50).svg,8. Geometric Designs/Geometric Animal/All animals/PNG/img (50).png
02292,Geometric Designs,Geometric Animal,img (51),,8. Geometric Designs/Geometric Animal/All animals/SVG/img (51).svg,8. Geometric Designs/Geometric Animal/All animals/PNG/img (51).png
02293,Geometric Designs,Geometric Animal,img (52),,8. Geometric Designs/Geometric Animal/All animals/SVG/img (52).svg,8. Geometric Designs/Geometric Animal/All animals/PNG/img (52).png
02294,Geometric Designs,Geometric Animal,img (53),,8. Geometric Designs/Geometric Animal/All animals/SVG/img (53).svg,8. Geometric Designs/Geometric Animal/All animals/PNG/img (53).png
02295,Geometric Designs,Geometric Animal,img (54),,8. Geometric Designs/Geometric Animal/All animals/SVG/img (54).svg,8. Geometric Designs/Geometric Animal/All animals/PNG/img (54).png
02296,Geometric Designs,Geometric Animal,img (55),,8. Geometric Designs/Geometric Animal/All animals/SVG/img (55).svg,8. Geometric Designs/Geometric Animal/All animals/PNG/img (55).png
02297,Geometric Designs,Geometric Animal,img (56),,8. Geometric Designs/Geometric Animal/All animals/SVG/img (56).svg,8. Geometric Designs/Geometric Animal/All animals/PNG/img (56).png
02298,Geometric Designs,Geometric Animal,img (57),,8. Geometric Designs/Geometric Animal/All animals/SVG/img (57).svg,8. Geometric Designs/Geometric Animal/All animals/PNG/img (57).png
02299,Geometric Designs,Geometric Animal,img (58),,8. Geometric Designs/Geometric Animal/All animals/SVG/img (58).svg,8. Geometric Designs/Geometric Animal/All animals/PNG/img (58).png
02300,Geometric Designs,Geometric Animal,img (59),,8. Geometric Designs/Geometric Animal/All animals/SVG/img (59).svg,8. Geometric Designs/Geometric Animal/All animals/PNG/img (59).png
02301,Geometric Designs,Geometric Animal,img (6),,8. Geometric Designs/Geometric Animal/All animals/SVG/img (6).svg,8. Geometric Designs/Geometric Animal/All animals/PNG/img (6).png
02302,Geometric Designs,Geometric Animal,img (60),,8. Geometric Designs/Geometric Animal/All animals/SVG/img (60).svg,8. Geometric Designs/Geometric Animal/All animals/PNG/img (60).png
02303,Geometric Designs,Geometric Animal,img (61),,8. Geometric Designs/Geometric Animal/All animals/SVG/img (61).svg,8. Geometric Designs/Geometric Animal/All animals/PNG/img (61).png
02304,Geometric Designs,Geometric Animal,img (62),,8. Geometric Designs/Geometric Animal/All animals/SVG/img (62).svg,8. Geometric Designs/Geometric Animal/All animals/PNG/img (62).png
02305,Geometric Designs,Geometric Animal,img (63),,8. Geometric Designs/Geometric Animal/All animals/SVG/img (63).svg,8. Geometric Designs/Geometric Animal/All animals/PNG/img (63).png
02306,Geometric Designs,Geometric Animal,img (64),,8. Geometric Designs/Geometric Animal/All animals/SVG/img (64).svg,8. Geometric Designs/Geometric Animal/All animals/PNG/img (64).png
02307,Geometric Designs,Geometric Animal,img (65),,8. Geometric Designs/Geometric Animal/All animals/SVG/img (65).svg,8. Geometric Designs/Geometric Animal/All animals/PNG/img (65).png
02308,Geometric Designs,Geometric Animal,img (66),,8. Geometric Designs/Geometric Animal/All animals/SVG/img (66).svg,8. Geometric Designs/Geometric Animal/All animals/PNG/img (66).png
02309,Geometric Designs,Geometric Animal,img (67),,8. Geometric Designs/Geometric Animal/All animals/SVG/img (67).svg,8. Geometric Designs/Geometric Animal/All animals/PNG/img (67).png
02310,Geometric Designs,Geometric Animal,img (68),,8. Geometric Designs/Geometric Animal/All animals/SVG/img (68).svg,8. Geometric Designs/Geometric Animal/All animals/PNG/img (68).png
02311,Geometric Designs,Geometric Animal,img (69),,8. Geometric Designs/Geometric Animal/All animals/SVG/img (69).svg,8. Geometric Designs/Geometric Animal/All animals/PNG/img (69).png
02312,Geometric Designs,Geometric Animal,img (7),,8. Geometric Designs/Geometric Animal/All animals/SVG/img (7).svg,8. Geometric Designs/Geometric Animal/All animals/PNG/img (7).png
02313,Geometric Designs,Geometric Animal,img (70),,8. Geometric Designs/Geometric Animal/All animals/SVG/img (70).svg,8. Geometric Designs/Geometric Animal/All animals/PNG/img (70).png
02314,Geometric Designs,Geometric Animal,img (71),,8. Geometric Designs/Geometric Animal/All animals/SVG/img (71).svg,8. Geometric Designs/Geometric Animal/All animals/PNG/img (71).png
02315,Geometric Designs,Geometric Animal,img (72),,8. Geometric Designs/Geometric Animal/All animals/SVG/img (72).svg,8. Geometric Designs/Geometric Animal/All animals/PNG/img (72).png
02316,Geometric Designs,Geometric Animal,img (73),,8. Geometric Designs/Geometric Animal/All animals/SVG/img (73).svg,8. Geometric Designs/Geometric Animal/All animals/PNG/img (73).png
02317,Geometric Designs,Geometric Animal,img (74),,8. Geometric Designs/Geometric Animal/All animals/SVG/img (74).svg,8. Geometric Designs/Geometric Animal/All animals/PNG/img (74).png
02318,Geometric Designs,Geometric Animal,img (75),,8. Geometric Designs/Geometric Animal/All animals/SVG/img (75).svg,8. Geometric Designs/Geometric Animal/All animals/PNG/img (75).png
02319,Geometric Designs,Geometric Animal,img (76),,8. Geometric Designs/Geometric Animal/All animals/SVG/img (76).svg,8. Geometric Designs/Geometric Animal/All animals/PNG/img (76).png
02320,Geometric Designs,Geometric Animal,img (77),,8. Geometric Designs/Geometric Animal/All animals/SVG/img (77).svg,8. Geometric Designs/Geometric Animal/All animals/PNG/img (77).png
02321,Geometric Designs,Geometric Animal,img (78),,8. Geometric Designs/Geometric Animal/All animals/SVG/img (78).svg,8. Geometric Designs/Geometric Animal/All animals/PNG/img (78).png
02322,Geometric Designs,Geometric Animal,img (79),,8. Geometric Designs/Geometric Animal/All animals/SVG/img (79).svg,8. Geometric Designs/Geometric Animal/All animals/PNG/img (79).png
02323,Geometric Designs,Geometric Animal,img (8),,8. Geometric Designs/Geometric Animal/All animals/SVG/img (8).svg,8. Geometric Designs/Geometric Animal/All animals/PNG/img (8).png
02324,Geometric Designs,Geometric Animal,img (80),,8. Geometric Designs/Geometric Animal/All animals/SVG/img (80).svg,8. Geometric Designs/Geometric Animal/All animals/PNG/img (80).png
02325,Geometric Designs,Geometric Animal,img (81),,8. Geometric Designs/Geometric Animal/All animals/SVG/img (81).svg,8. Geometric Designs/Geometric Animal/All animals/PNG/img (81).png
02326,Geometric Designs,Geometric Animal,img (82),,8. Geometric Designs/Geometric Animal/All animals/SVG/img (82).svg,8. Geometric Designs/Geometric Animal/All animals/PNG/img (82).png
02327,Geometric Designs,Geometric Animal,img (83),,8. Geometric Designs/Geometric Animal/All animals/SVG/img (83).svg,8. Geometric Designs/Geometric Animal/All animals/PNG/img (83).png
02328,Geometric Designs,Geometric Animal,img (84),,8. Geometric Designs/Geometric Animal/All animals/SVG/img (84).svg,8. Geometric Designs/Geometric Animal/All animals/PNG/img (84).png
02329,Geometric Designs,Geometric Animal,img (85),,8. Geometric Designs/Geometric Animal/All animals/SVG/img (85).svg,8. Geometric Designs/Geometric Animal/All animals/PNG/img (85).png
02330,Geometric Designs,Geometric Animal,img (86),,8. Geometric Designs/Geometric Animal/All animals/SVG/img (86).svg,8. Geometric Designs/Geometric Animal/All animals/PNG/img (86).png
02331,Geometric Designs,Geometric Animal,img (87),,8. Geometric Designs/Geometric Animal/All animals/SVG/img (87).svg,8. Geometric Designs/Geometric Animal/All animals/PNG/img (87).png
02332,Geometric Designs,Geometric Animal,img (88),,8. Geometric Designs/Geometric Animal/All animals/SVG/img (88).svg,8. Geometric Designs/Geometric Animal/All animals/PNG/img (88).png
02333,Geometric Designs,Geometric Animal,img (89),,8. Geometric Designs/Geometric Animal/All animals/SVG/img (89).svg,8. Geometric Designs/Geometric Animal/All animals/PNG/img (89).png
02334,Geometric Designs,Geometric Animal,img (9),,8. Geometric Designs/Geometric Animal/All animals/SVG/img (9).svg,8. Geometric Designs/Geometric Animal/All animals/PNG/img (9).png
02335,Geometric Designs,Geometric Animal,img (90),,8. Geometric Designs/Geometric Animal/All animals/SVG/img (90).svg,8. Geometric Designs/Geometric Animal/All animals/PNG/img (90).png
02336,Geometric Designs,Geometric Animal,img (91),,8. Geometric Designs/Geometric Animal/All animals/SVG/img (91).svg,8. Geometric Designs/Geometric Animal/All animals/PNG/img (91).png
02337,Geometric Designs,Geometric Animal,img (92),,8. Geometric Designs/Geometric Animal/All animals/SVG/img (92).svg,8. Geometric Designs/Geometric Animal/All animals/PNG/img (92).png
02338,Geometric Designs,Geometric Animal,img (93),,8. Geometric Designs/Geometric Animal/All animals/SVG/img (93).svg,8. Geometric Designs/Geometric Animal/All animals/PNG/img (93).png
02339,Geometric Designs,Geometric Animal,img (94),,8. Geometric Designs/Geometric Animal/All animals/SVG/img (94).svg,8. Geometric Designs/Geometric Animal/All animals/PNG/img (94).png
02340,Geometric Designs,Geometric Animal,img (95),,8. Geometric Designs/Geometric Animal/All animals/SVG/img (95).svg,8. Geometric Designs/Geometric Animal/All animals/PNG/img (95).png
02341,Geometric Designs,Geometric Animal,img (96),,8. Geometric Designs/Geometric Animal/All animals/SVG/img (96).svg,8. Geometric Designs/Geometric Animal/All animals/PNG/img (96).png
02342,Geometric Designs,Geometric Animal,img (97),,8. Geometric Designs/Geometric Animal/All animals/SVG/img (97).svg,8. Geometric Designs/Geometric Animal/All animals/PNG/img (97).png
02343,Geometric Designs,Geometric Animal,img (98),,8. Geometric Designs/Geometric Animal/All animals/SVG/img (98).svg,8. Geometric Designs/Geometric Animal/All animals/PNG/img (98).png
02344,Geometric Designs,Geometric Animal,img (99),,8. Geometric Designs/Geometric Animal/All animals/SVG/img (99).svg,8. Geometric Designs/Geometric Animal/All animals/PNG/img (99).png
02345,Geometric Designs,Geometric Animal,b (1),,8. Geometric Designs/Geometric Animal/SPECIAL FILE - Dinosaur/SVG/b (1).svg,8. Geometric Designs/Geometric Animal/SPECIAL FILE - Dinosaur/PNG/b (1).png
02346,Geometric Designs,Geometric Animal,b (2),,8. Geometric Designs/Geometric Animal/SPECIAL FILE - Dinosaur/SVG/b (2).svg,8. Geometric Designs/Geometric Animal/SPECIAL FILE - Dinosaur/PNG/b (2).png
02347,Geometric Designs,Geometric Animal,b (3),,8. Geometric Designs/Geometric Animal/SPECIAL FILE - Dinosaur/SVG/b (3).svg,8. Geometric Designs/Geometric Animal/SPECIAL FILE - Dinosaur/PNG/b (3).png
02348,Accessories Designs,Alcohol Keychain,Asset 1,,9. Accessories Designs/Alcohol Keychain/SVG/Asset 1.svg,9. Accessories Designs/Alcohol Keychain/PNG/Asset 1.png
02349,Accessories Designs,Alcohol Keychain,Asset 10,,9. Accessories Designs/Alcohol Keychain/SVG/Asset 10.svg,9. Accessories Designs/Alcohol Keychain/PNG/Asset 10.png
02350,Accessories Designs,Alcohol Keychain,Asset 11,,9. Accessories Designs/Alcohol Keychain/SVG/Asset 11.svg,9. Accessories Designs/Alcohol Keychain/PNG/Asset 11.png
02351,Accessories Designs,Alcohol Keychain,Asset 12,,9. Accessories Designs/Alcohol Keychain/SVG/Asset 12.svg,9. Accessories Designs/Alcohol Keychain/PNG/Asset 12.png
02352,Accessories Designs,Alcohol Keychain,Asset 13,,9. Accessories Designs/Alcohol Keychain/SVG/Asset 13.svg,9. Accessories Designs/Alcohol Keychain/PNG/Asset 13.png
02353,Accessories Designs,Alcohol Keychain,Asset 14,,9. Accessories Designs/Alcohol Keychain/SVG/Asset 14.svg,9. Accessories Designs/Alcohol Keychain/PNG/Asset 14.png
02354,Accessories Designs,Alcohol Keychain,Asset 15,,9. Accessories Designs/Alcohol Keychain/SVG/Asset 15.svg,9. Accessories Designs/Alcohol Keychain/PNG/Asset 15.png
02355,Accessories Designs,Alcohol Keychain,Asset 16,,9. Accessories Designs/Alcohol Keychain/SVG/Asset 16.svg,9. Accessories Designs/Alcohol Keychain/PNG/Asset 16.png
02356,Accessories Designs,Alcohol Keychain,Asset 17,,9. Accessories Designs/Alcohol Keychain/SVG/Asset 17.svg,9. Accessories Designs/Alcohol Keychain/PNG/Asset 17.png
02357,Accessories Designs,Alcohol Keychain,Asset 18,,9. Accessories Designs/Alcohol Keychain/SVG/Asset 18.svg,9. Accessories Designs/Alcohol Keychain/PNG/Asset 18.png
02358,Accessories Designs,Alcohol Keychain,Asset 19,,9. Accessories Designs/Alcohol Keychain/SVG/Asset 19.svg,9. Accessories Designs/Alcohol Keychain/PNG/Asset 19.png
02359,Accessories Designs,Alcohol Keychain,Asset 2,,9. Accessories Designs/Alcohol Keychain/SVG/Asset 2.svg,9. Accessories Designs/Alcohol Keychain/PNG/Asset 2.png
02360,Accessories Designs,Alcohol Keychain,Asset 20,,9. Accessories Designs/Alcohol Keychain/SVG/Asset 20.svg,9. Accessories Designs/Alcohol Keychain/PNG/Asset 20.png
02361,Accessories Designs,Alcohol Keychain,Asset 3,,9. Accessories Designs/Alcohol Keychain/SVG/Asset 3.svg,9. Accessories Designs/Alcohol Keychain/PNG/Asset 3.png
02362,Accessories Designs,Alcohol Keychain,Asset 4,,9. Accessories Designs/Alcohol Keychain/SVG/Asset 4.svg,9. Accessories Designs/Alcohol Keychain/PNG/Asset 4.png
02363,Accessories Designs,Alcohol Keychain,Asset 5,,9. Accessories Designs/Alcohol Keychain/SVG/Asset 5.svg,9. Accessories Designs/Alcohol Keychain/PNG/Asset 5.png
02364,Accessories Designs,Alcohol Keychain,Asset 6,,9. Accessories Designs/Alcohol Keychain/SVG/Asset 6.svg,9. Accessories Designs/Alcohol Keychain/PNG/Asset 6.png
02365,Accessories Designs,Alcohol Keychain,Asset 7,,9. Accessories Designs/Alcohol Keychain/SVG/Asset 7.svg,9. Accessories Designs/Alcohol Keychain/PNG/Asset 7.png
02366,Accessories Designs,Alcohol Keychain,Asset 8,,9. Accessories Designs/Alcohol Keychain/SVG/Asset 8.svg,9. Accessories Designs/Alcohol Keychain/PNG/Asset 8.png
02367,Accessories Designs,Alcohol Keychain,Asset 9,,9. Accessories Designs/Alcohol Keychain/SVG/Asset 9.svg,9. Accessories Designs/Alcohol Keychain/PNG/Asset 9.png
02368,Accessories Designs,Beard Combs,Beard combs-01,,9. Accessories Designs/Beard Combs/SVG/Beard combs-01.svg,9. Accessories Designs/Beard Combs/PNG/Beard combs-01.png
02369,Accessories Designs,Beard Combs,Beard combs-02,,9. Accessories Designs/Beard Combs/SVG/Beard combs-02.svg,9. Accessories Designs/Beard Combs/PNG/Beard combs-02.png
02370,Accessories Designs,Beard Combs,Beard combs-03,,9. Accessories Designs/Beard Combs/SVG/Beard combs-03.svg,9. Accessories Designs/Beard Combs/PNG/Beard combs-03.png
02371,Accessories Designs,Beard Combs,Beard combs-04,,9. Accessories Designs/Beard Combs/SVG/Beard combs-04.svg,9. Accessories Designs/Beard Combs/PNG/Beard combs-04.png
02372,Accessories Designs,Beard Combs,Beard combs-05,,9. Accessories Designs/Beard Combs/SVG/Beard combs-05.svg,9. Accessories Designs/Beard Combs/PNG/Beard combs-05.png
02373,Accessories Designs,Beard Combs,Beard combs-06,,9. Accessories Designs/Beard Combs/SVG/Beard combs-06.svg,9. Accessories Designs/Beard Combs/PNG/Beard combs-06.png
02374,Accessories Designs,Beard Combs,Beard combs-07,,9. Accessories Designs/Beard Combs/SVG/Beard combs-07.svg,9. Accessories Designs/Beard Combs/PNG/Beard combs-07.png
02375,Accessories Designs,Beard Combs,Beard combs-08,,9. Accessories Designs/Beard Combs/SVG/Beard combs-08.svg,9. Accessories Designs/Beard Combs/PNG/Beard combs-08.png
02376,Accessories Designs,Beard Combs,Beard combs-09,,9. Accessories Designs/Beard Combs/SVG/Beard combs-09.svg,9. Accessories Designs/Beard Combs/PNG/Beard combs-09.png
02377,Accessories Designs,Beard Combs,Beard combs-10,,9. Accessories Designs/Beard Combs/SVG/Beard combs-10.svg,9. Accessories Designs/Beard Combs/PNG/Beard combs-10.png
02378,Accessories Designs,Beard Combs,Beard combs-11,,9. Accessories Designs/Beard Combs/SVG/Beard combs-11.svg,9. Accessories Designs/Beard Combs/PNG/Beard combs-11.png
02379,Accessories Designs,Beard Combs,Beard combs-12,,9. Accessories Designs/Beard Combs/SVG/Beard combs-12.svg,9. Accessories Designs/Beard Combs/PNG/Beard combs-12.png
02380,Accessories Designs,Beard Combs,Beard combs-13,,9. Accessories Designs/Beard Combs/SVG/Beard combs-13.svg,9. Accessories Designs/Beard Combs/PNG/Beard combs-13.png
02381,Accessories Designs,Beard Combs,Beard combs-14,,9. Accessories Designs/Beard Combs/SVG/Beard combs-14.svg,9. Accessories Designs/Beard Combs/PNG/Beard combs-14.png
02382,Accessories Designs,Beard Combs,Beard combs-15,,9. Accessories Designs/Beard Combs/SVG/Beard combs-15.svg,9. Accessories Designs/Beard Combs/PNG/Beard combs-15.png
02383,Accessories Designs,Beard Combs,Beard combs-16,,9. Accessories Designs/Beard Combs/SVG/Beard combs-16.svg,9. Accessories Designs/Beard Combs/PNG/Beard combs-16.png
02384,Accessories Designs,Beard Combs,Beard combs-17,,9. Accessories Designs/Beard Combs/SVG/Beard combs-17.svg,9. Accessories Designs/Beard Combs/PNG/Beard combs-17.png
02385,Accessories Designs,Beard Combs,Beard combs-18,,9. Accessories Designs/Beard Combs/SVG/Beard combs-18.svg,9. Accessories Designs/Beard Combs/PNG/Beard combs-18.png
02386,Accessories Designs,Beard Combs,Beard combs-19,,9. Accessories Designs/Beard Combs/SVG/Beard combs-19.svg,9. Accessories Designs/Beard Combs/PNG/Beard combs-19.png
02387,Accessories Designs,Beard Combs,Beard combs-20,,9. Accessories Designs/Beard Combs/SVG/Beard combs-20.svg,9. Accessories Designs/Beard Combs/PNG/Beard combs-20.png
02388,Accessories Designs,Beer Flights,Beer flights-01,,9. Accessories Designs/Beer Flights/SVG/Beer flights-01.svg,9. Accessories Designs/Beer Flights/PNG/Beer flights-01.png
02389,Accessories Designs,Beer Flights,Beer flights-02,,9. Accessories Designs/Beer Flights/SVG/Beer flights-02.svg,9. Accessories Designs/Beer Flights/PNG/Beer flights-02.png
02390,Accessories Designs,Beer Flights,Beer flights-03,,9. Accessories Designs/Beer Flights/SVG/Beer flights-03.svg,9. Accessories Designs/Beer Flights/PNG/Beer flights-03.png
02391,Accessories Designs,Beer Flights,Beer flights-04,,9. Accessories Designs/Beer Flights/SVG/Beer flights-04.svg,9. Accessories Designs/Beer Flights/PNG/Beer flights-04.png
02392,Accessories Designs,Beer Flights,Beer flights-05,,9. Accessories Designs/Beer Flights/SVG/Beer flights-05.svg,9. Accessories Designs/Beer Flights/PNG/Beer flights-05.png
02393,Accessories Designs,Beer Flights,Beer flights-06,,9. Accessories Designs/Beer Flights/SVG/Beer flights-06.svg,9. Accessories Designs/Beer Flights/PNG/Beer flights-06.png
02394,Accessories Designs,Beer Flights,Beer flights-07,,9. Accessories Designs/Beer Flights/SVG/Beer flights-07.svg,9. Accessories Designs/Beer Flights/PNG/Beer flights-07.png
02395,Accessories Designs,Beer Flights,Beer flights-08,,9. Accessories Designs/Beer Flights/SVG/Beer flights-08.svg,9. Accessories Designs/Beer Flights/PNG/Beer flights-08.png
02396,Accessories Designs,Beer Flights,Beer flights-09,,9. Accessories Designs/Beer Flights/SVG/Beer flights-09.svg,9. Accessories Designs/Beer Flights/PNG/Beer flights-09.png
02397,Accessories Designs,Beer Flights,Beer flights-10,,9. Accessories Designs/Beer Flights/SVG/Beer flights-10.svg,9. Accessories Designs/Beer Flights/PNG/Beer flights-10.png
02398,Accessories Designs,Bottle Holder,Bottle-Holder-Laser-Cut-3,,9. Accessories Designs/Bottle Holder/SVG/Bottle-Holder-Laser-Cut-3.svg,9. Accessories Designs/Bottle Holder/PNG/Bottle-Holder-Laser-Cut-3.png
02399,Accessories Designs,Bottle Holder,Bottle-Holder-Laser-Cut-3_1,,9. Accessories Designs/Bottle Holder/SVG/Bottle-Holder-Laser-Cut-3_1.svg,9. Accessories Designs/Bottle Holder/PNG/Bottle-Holder-Laser-Cut-3_1.png
02400,Accessories Designs,Bottle Holder,Bottle-Holder-Laser-Cut-3_2,,9. Accessories Designs/Bottle Holder/SVG/Bottle-Holder-Laser-Cut-3_2.svg,9. Accessories Designs/Bottle Holder/PNG/Bottle-Holder-Laser-Cut-3_2.png
02401,Accessories Designs,Bottle Holder,Bottle-Holder-Laser-Cut-3_3,,9. Accessories Designs/Bottle Holder/SVG/Bottle-Holder-Laser-Cut-3_3.svg,9. Accessories Designs/Bottle Holder/PNG/Bottle-Holder-Laser-Cut-3_3.png
02402,Accessories Designs,Bottle Holder,Bottle-Holder-Laser-Cut-3_4,,9. Accessories Designs/Bottle Holder/SVG/Bottle-Holder-Laser-Cut-3_4.svg,9. Accessories Designs/Bottle Holder/PNG/Bottle-Holder-Laser-Cut-3_4.png
02403,Accessories Designs,Bottle Holder,Bottle-Holder-Laser-Cut-3_5,,9. Accessories Designs/Bottle Holder/SVG/Bottle-Holder-Laser-Cut-3_5.svg,9. Accessories Designs/Bottle Holder/PNG/Bottle-Holder-Laser-Cut-3_5.png
02404,Accessories Designs,Bottle Holder,Bottle-Holder-Laser-Cut-3_6,,9. Accessories Designs/Bottle Holder/SVG/Bottle-Holder-Laser-Cut-3_6.svg,9. Accessories Designs/Bottle Holder/PNG/Bottle-Holder-Laser-Cut-3_6.png
02405,Accessories Designs,Bottle Holder,Bottle-Holder-Laser-Cut-3_7,,9. Accessories Designs/Bottle Holder/SVG/Bottle-Holder-Laser-Cut-3_7.svg,9. Accessories Designs/Bottle Holder/PNG/Bottle-Holder-Laser-Cut-3_7.png
02406,Accessories Designs,Bottle Holder,Bottle-Holder-Laser-Cut-3_8,,9. Accessories Designs/Bottle Holder/SVG/Bottle-Holder-Laser-Cut-3_8.svg,9. Accessories Designs/Bottle Holder/PNG/Bottle-Holder-Laser-Cut-3_8.png
02407,Accessories Designs,Bottle Holder,Bottle-Holder-Laser-Cut-3_9,,9. Accessories Designs/Bottle Holder/SVG/Bottle-Holder-Laser-Cut-3_9.svg,9. Accessories Designs/Bottle Holder/PNG/Bottle-Holder-Laser-Cut-3_9.png
02408,Accessories Designs,Bottle Holder,Bottle-Holder-Laser-Cut-3mm-01,,9. Accessories Designs/Bottle Holder/SVG/Bottle-Holder-Laser-Cut-3mm-01.svg,9. Accessories Designs/Bottle Holder/PNG/Bottle-Holder-Laser-Cut-3mm-01.png
02409,Accessories Designs,Bottle Holder,Bottle-Holder-Laser-Cut-3mm-02,,9. Accessories Designs/Bottle Holder/SVG/Bottle-Holder-Laser-Cut-3mm-02.svg,9. Accessories Designs/Bottle Holder/PNG/Bottle-Holder-Laser-Cut-3mm-02.png
02410,Accessories Designs,Bottle Holder,Bottle-Holder-Laser-Cut-3mm-03,,9. Accessories Designs/Bottle Holder/SVG/Bottle-Holder-Laser-Cut-3mm-03.svg,9. Accessories Designs/Bottle Holder/PNG/Bottle-Holder-Laser-Cut-3mm-03.png
02411,Accessories Designs,Bottle Holder,Bottle-Holder-Laser-Cut-3mm-04,,9. Accessories Designs/Bottle Holder/SVG/Bottle-Holder-Laser-Cut-3mm-04.svg,9. Accessories Designs/Bottle Holder/PNG/Bottle-Holder-Laser-Cut-3mm-04.png
02412,Accessories Designs,Bottle Holder,Bottle-Holder-Laser-Cut-3mm-05,,9. Accessories Designs/Bottle Holder/SVG/Bottle-Holder-Laser-Cut-3mm-05.svg,9. Accessories Designs/Bottle Holder/PNG/Bottle-Holder-Laser-Cut-3mm-05.png
02413,Accessories Designs,Bottle Holder,Bottle-Holder-Laser-Cut-3mm-06,,9. Accessories Designs/Bottle Holder/SVG/Bottle-Holder-Laser-Cut-3mm-06.svg,9. Accessories Designs/Bottle Holder/PNG/Bottle-Holder-Laser-Cut-3mm-06.png
02414,Accessories Designs,Bottle Holder,Bottle-Holder-Laser-Cut-3mm-07,,9. Accessories Designs/Bottle Holder/SVG/Bottle-Holder-Laser-Cut-3mm-07.svg,9. Accessories Designs/Bottle Holder/PNG/Bottle-Holder-Laser-Cut-3mm-07.png
02415,Accessories Designs,Bottle Holder,Bottle-Holder-Laser-Cut-3mm-08,,9. Accessories Designs/Bottle Holder/SVG/Bottle-Holder-Laser-Cut-3mm-08.svg,9. Accessories Designs/Bottle Holder/PNG/Bottle-Holder-Laser-Cut-3mm-08.png
02416,Accessories Designs,Bottle Holder,Bottle-Holder-Laser-Cut-3mm-09,,9. Accessories Designs/Bottle Holder/SVG/Bottle-Holder-Laser-Cut-3mm-09.svg,9. Accessories Designs/Bottle Holder/PNG/Bottle-Holder-Laser-Cut-3mm-09.png
02417,Accessories Designs,Bottle Holder,Bottle-Holder-Laser-Cut-3mm-10,,9. Accessories Designs/Bottle Holder/SVG/Bottle-Holder-Laser-Cut-3mm-10.svg,9. Accessories Designs/Bottle Holder/PNG/Bottle-Holder-Laser-Cut-3mm-10.png
02418,Accessories Designs,Celtic Knot Coasters,Lucky clover 1 heart,yes,9. Accessories Designs/Celtic Knot Coasters/12 Lucky clover coasters/SVG/Lucky clover 1 heart.svg,9. Accessories Designs/Celtic Knot Coasters/12 Lucky clover coasters/PNG/Lucky clover 1 heart.png
02419,Accessories Designs,Celtic Knot Coasters,Lucky clover 1,yes,9. Accessories Designs/Celtic Knot Coasters/12 Lucky clover coasters/SVG/Lucky clover 1.svg,9. Accessories Designs/Celtic Knot Coasters/12 Lucky clover coasters/PNG/Lucky clover 1.png
02420,Accessories Designs,Celtic Knot Coasters,Lucky clover 2 heart,yes,9. Accessories Designs/Celtic Knot Coasters/12 Lucky clover coasters/SVG/Lucky clover 2 heart.svg,9. Accessories Designs/Celtic Knot Coasters/12 Lucky clover coasters/PNG/Lucky clover 2 heart.png
02421,Accessories Designs,Celtic Knot Coasters,Lucky clover 2,yes,9. Accessories Designs/Celtic Knot Coasters/12 Lucky clover coasters/SVG/Lucky clover 2.svg,9. Accessories Designs/Celtic Knot Coasters/12 Lucky clover coasters/PNG/Lucky clover 2.png
02422,Accessories Designs,Celtic Knot Coasters,Lucky clover 3 heart,yes,9. Accessories Designs/Celtic Knot Coasters/12 Lucky clover coasters/SVG/Lucky clover 3 heart.svg,9. Accessories Designs/Celtic Knot Coasters/12 Lucky clover coasters/PNG/Lucky clover 3 heart.png
02423,Accessories Designs,Celtic Knot Coasters,Lucky clover 3,yes,9. Accessories Designs/Celtic Knot Coasters/12 Lucky clover coasters/SVG/Lucky clover 3.svg,9. Accessories Designs/Celtic Knot Coasters/12 Lucky clover coasters/PNG/Lucky clover 3.png
02424,Accessories Designs,Celtic Knot Coasters,Celtic coasters30,yes,9. Accessories Designs/Celtic Knot Coasters/37 Square celtic knot coasters/SVG/Celtic coasters30.svg,9. Accessories Designs/Celtic Knot Coasters/37 Square celtic knot coasters/PNG/Celtic coasters30.png
02425,Accessories Designs,Celtic Knot Coasters,Celtic coasters36,yes,9. Accessories Designs/Celtic Knot Coasters/37 Square celtic knot coasters/SVG/Celtic coasters36.svg,9. Accessories Designs/Celtic Knot Coasters/37 Square celtic knot coasters/PNG/Celtic coasters36.png
02426,Accessories Designs,Earrings Bundle,Earring-01,,9. Accessories Designs/Earrings Bundle/Earrings Bundle P1/SVG/Earring-01.svg,9. Accessories Designs/Earrings Bundle/Earrings Bundle P1/PNG/Earring-01.png
02427,Accessories Designs,Earrings Bundle,Earring-02,,9. Accessories Designs/Earrings Bundle/Earrings Bundle P1/SVG/Earring-02.svg,9. Accessories Designs/Earrings Bundle/Earrings Bundle P1/PNG/Earring-02.png
02428,Accessories Designs,Earrings Bundle,Earring-03,,9. Accessories Designs/Earrings Bundle/Earrings Bundle P1/SVG/Earring-03.svg,9. Accessories Designs/Earrings Bundle/Earrings Bundle P1/PNG/Earring-03.png
02429,Accessories Designs,Earrings Bundle,Earring-04,,9. Accessories Designs/Earrings Bundle/Earrings Bundle P1/SVG/Earring-04.svg,9. Accessories Designs/Earrings Bundle/Earrings Bundle P1/PNG/Earring-04.png
02430,Accessories Designs,Earrings Bundle,Earring-05,,9. Accessories Designs/Earrings Bundle/Earrings Bundle P1/SVG/Earring-05.svg,9. Accessories Designs/Earrings Bundle/Earrings Bundle P1/PNG/Earring-05.png
02431,Accessories Designs,Earrings Bundle,Earring-06,,9. Accessories Designs/Earrings Bundle/Earrings Bundle P1/SVG/Earring-06.svg,9. Accessories Designs/Earrings Bundle/Earrings Bundle P1/PNG/Earring-06.png
02432,Accessories Designs,Earrings Bundle,Earring-07,,9. Accessories Designs/Earrings Bundle/Earrings Bundle P1/SVG/Earring-07.svg,9. Accessories Designs/Earrings Bundle/Earrings Bundle P1/PNG/Earring-07.png
02433,Accessories Designs,Earrings Bundle,Earring-08,,9. Accessories Designs/Earrings Bundle/Earrings Bundle P1/SVG/Earring-08.svg,9. Accessories Designs/Earrings Bundle/Earrings Bundle P1/PNG/Earring-08.png
02434,Accessories Designs,Earrings Bundle,Earring-09,,9. Accessories Designs/Earrings Bundle/Earrings Bundle P1/SVG/Earring-09.svg,9. Accessories Designs/Earrings Bundle/Earrings Bundle P1/PNG/Earring-09.png
02435,Accessories Designs,Earrings Bundle,Earring-10,,9. Accessories Designs/Earrings Bundle/Earrings Bundle P1/SVG/Earring-10.svg,9. Accessories Designs/Earrings Bundle/Earrings Bundle P1/PNG/Earring-10.png
02436,Accessories Designs,Earrings Bundle,Earring-100,,9. Accessories Designs/Earrings Bundle/Earrings Bundle P1/SVG/Earring-100.svg,9. Accessories Designs/Earrings Bundle/Earrings Bundle P1/PNG/Earring-100.png
02437,Accessories Designs,Earrings Bundle,Earring-101,,9. Accessories Designs/Earrings Bundle/Earrings Bundle P1/SVG/Earring-101.svg,9. Accessories Designs/Earrings Bundle/Earrings Bundle P1/PNG/Earring-101.png
02438,Accessories Designs,Earrings Bundle,Earring-102,,9. Accessories Designs/Earrings Bundle/Earrings Bundle P1/SVG/Earring-102.svg,9. Accessories Designs/Earrings Bundle/Earrings Bundle P1/PNG/Earring-102.png
02439,Accessories Designs,Earrings Bundle,Earring-103,,9. Accessories Designs/Earrings Bundle/Earrings Bundle P1/SVG/Earring-103.svg,9. Accessories Designs/Earrings Bundle/Earrings Bundle P1/PNG/Earring-103.png
02440,Accessories Designs,Earrings Bundle,Earring-104,,9. Accessories Designs/Earrings Bundle/Earrings Bundle P1/SVG/Earring-104.svg,9. Accessories Designs/Earrings Bundle/Earrings Bundle P1/PNG/Earring-104.png
02441,Accessories Designs,Earrings Bundle,Earring-105,,9. Accessories Designs/Earrings Bundle/Earrings Bundle P1/SVG/Earring-105.svg,9. Accessories Designs/Earrings Bundle/Earrings Bundle P1/PNG/Earring-105.png
02442,Accessories Designs,Earrings Bundle,Earring-106,,9. Accessories Designs/Earrings Bundle/Earrings Bundle P1/SVG/Earring-106.svg,9. Accessories Designs/Earrings Bundle/Earrings Bundle P1/PNG/Earring-106.png
02443,Accessories Designs,Earrings Bundle,Earring-107,,9. Accessories Designs/Earrings Bundle/Earrings Bundle P1/SVG/Earring-107.svg,9. Accessories Designs/Earrings Bundle/Earrings Bundle P1/PNG/Earring-107.png
02444,Accessories Designs,Earrings Bundle,Earring-108,,9. Accessories Designs/Earrings Bundle/Earrings Bundle P1/SVG/Earring-108.svg,9. Accessories Designs/Earrings Bundle/Earrings Bundle P1/PNG/Earring-108.png
02445,Accessories Designs,Earrings Bundle,Earring-109,,9. Accessories Designs/Earrings Bundle/Earrings Bundle P1/SVG/Earring-109.svg,9. Accessories Designs/Earrings Bundle/Earrings Bundle P1/PNG/Earring-109.png
02446,Accessories Designs,Earrings Bundle,Earring-11,,9. Accessories Designs/Earrings Bundle/Earrings Bundle P1/SVG/Earring-11.svg,9. Accessories Designs/Earrings Bundle/Earrings Bundle P1/PNG/Earring-11.png
02447,Accessories Designs,Earrings Bundle,Earring-110,,9. Accessories Designs/Earrings Bundle/Earrings Bundle P1/SVG/Earring-110.svg,9. Accessories Designs/Earrings Bundle/Earrings Bundle P1/PNG/Earring-110.png
02448,Accessories Designs,Earrings Bundle,Earring-111,,9. Accessories Designs/Earrings Bundle/Earrings Bundle P1/SVG/Earring-111.svg,9. Accessories Designs/Earrings Bundle/Earrings Bundle P1/PNG/Earring-111.png
02449,Accessories Designs,Earrings Bundle,Earring-112,,9. Accessories Designs/Earrings Bundle/Earrings Bundle P1/SVG/Earring-112.svg,9. Accessories Designs/Earrings Bundle/Earrings Bundle P1/PNG/Earring-112.png
02450,Accessories Designs,Earrings Bundle,Earring-113,,9. Accessories Designs/Earrings Bundle/Earrings Bundle P1/SVG/Earring-113.svg,9. Accessories Designs/Earrings Bundle/Earrings Bundle P1/PNG/Earring-113.png
02451,Accessories Designs,Earrings Bundle,Earring-114,,9. Accessories Designs/Earrings Bundle/Earrings Bundle P1/SVG/Earring-114.svg,9. Accessories Designs/Earrings Bundle/Earrings Bundle P1/PNG/Earring-114.png
02452,Accessories Designs,Earrings Bundle,Earring-115,,9. Accessories Designs/Earrings Bundle/Earrings Bundle P1/SVG/Earring-115.svg,9. Accessories Designs/Earrings Bundle/Earrings Bundle P1/PNG/Earring-115.png
02453,Accessories Designs,Earrings Bundle,Earring-116,,9. Accessories Designs/Earrings Bundle/Earrings Bundle P1/SVG/Earring-116.svg,9. Accessories Designs/Earrings Bundle/Earrings Bundle P1/PNG/Earring-116.png
02454,Accessories Designs,Earrings Bundle,Earring-117,,9. Accessories Designs/Earrings Bundle/Earrings Bundle P1/SVG/Earring-117.svg,9. Accessories Designs/Earrings Bundle/Earrings Bundle P1/PNG/Earring-117.png
02455,Accessories Designs,Earrings Bundle,Earring-118,,9. Accessories Designs/Earrings Bundle/Earrings Bundle P1/SVG/Earring-118.svg,9. Accessories Designs/Earrings Bundle/Earrings Bundle P1/PNG/Earring-118.png
02456,Accessories Designs,Earrings Bundle,Earring-119,,9. Accessories Designs/Earrings Bundle/Earrings Bundle P1/SVG/Earring-119.svg,9. Accessories Designs/Earrings Bundle/Earrings Bundle P1/PNG/Earring-119.png
02457,Accessories Designs,Earrings Bundle,Earring-12,,9. Accessories Designs/Earrings Bundle/Earrings Bundle P1/SVG/Earring-12.svg,9. Accessories Designs/Earrings Bundle/Earrings Bundle P1/PNG/Earring-12.png
02458,Accessories Designs,Earrings Bundle,Earring-120,,9. Accessories Designs/Earrings Bundle/Earrings Bundle P1/SVG/Earring-120.svg,9. Accessories Designs/Earrings Bundle/Earrings Bundle P1/PNG/Earring-120.png
02459,Accessories Designs,Earrings Bundle,Earring-121,,9. Accessories Designs/Earrings Bundle/Earrings Bundle P1/SVG/Earring-121.svg,9. Accessories Designs/Earrings Bundle/Earrings Bundle P1/PNG/Earring-121.png
02460,Accessories Designs,Earrings Bundle,Earring-122,,9. Accessories Designs/Earrings Bundle/Earrings Bundle P1/SVG/Earring-122.svg,9. Accessories Designs/Earrings Bundle/Earrings Bundle P1/PNG/Earring-122.png
02461,Accessories Designs,Earrings Bundle,Earring-123,,9. Accessories Designs/Earrings Bundle/Earrings Bundle P1/SVG/Earring-123.svg,9. Accessories Designs/Earrings Bundle/Earrings Bundle P1/PNG/Earring-123.png
02462,Accessories Designs,Earrings Bundle,Earring-124,,9. Accessories Designs/Earrings Bundle/Earrings Bundle P1/SVG/Earring-124.svg,9. Accessories Designs/Earrings Bundle/Earrings Bundle P1/PNG/Earring-124.png
02463,Accessories Designs,Earrings Bundle,Earring-125,,9. Accessories Designs/Earrings Bundle/Earrings Bundle P1/SVG/Earring-125.svg,9. Accessories Designs/Earrings Bundle/Earrings Bundle P1/PNG/Earring-125.png
02464,Accessories Designs,Earrings Bundle,Earring-126,,9. Accessories Designs/Earrings Bundle/Earrings Bundle P1/SVG/Earring-126.svg,9. Accessories Designs/Earrings Bundle/Earrings Bundle P1/PNG/Earring-126.png
02465,Accessories Designs,Earrings Bundle,Earring-127,,9. Accessories Designs/Earrings Bundle/Earrings Bundle P1/SVG/Earring-127.svg,9. Accessories Designs/Earrings Bundle/Earrings Bundle P1/PNG/Earring-127.png
02466,Accessories Designs,Earrings Bundle,Earring-128,,9. Accessories Designs/Earrings Bundle/Earrings Bundle P1/SVG/Earring-128.svg,9. Accessories Designs/Earrings Bundle/Earrings Bundle P1/PNG/Earring-128.png
02467,Accessories Designs,Earrings Bundle,Earring-129,,9. Accessories Designs/Earrings Bundle/Earrings Bundle P1/SVG/Earring-129.svg,9. Accessories Designs/Earrings Bundle/Earrings Bundle P1/PNG/Earring-129.png
02468,Accessories Designs,Earrings Bundle,Earring-13,,9. Accessories Designs/Earrings Bundle/Earrings Bundle P1/SVG/Earring-13.svg,9. Accessories Designs/Earrings Bundle/Earrings Bundle P1/PNG/Earring-13.png
02469,Accessories Designs,Earrings Bundle,Earring-130,,9. Accessories Designs/Earrings Bundle/Earrings Bundle P1/SVG/Earring-130.svg,9. Accessories Designs/Earrings Bundle/Earrings Bundle P1/PNG/Earring-130.png
02470,Accessories Designs,Earrings Bundle,Earring-131,,9. Accessories Designs/Earrings Bundle/Earrings Bundle P1/SVG/Earring-131.svg,9. Accessories Designs/Earrings Bundle/Earrings Bundle P1/PNG/Earring-131.png
02471,Accessories Designs,Earrings Bundle,Earring-132,,9. Accessories Designs/Earrings Bundle/Earrings Bundle P1/SVG/Earring-132.svg,9. Accessories Designs/Earrings Bundle/Earrings Bundle P1/PNG/Earring-132.png
02472,Accessories Designs,Earrings Bundle,Earring-133,,9. Accessories Designs/Earrings Bundle/Earrings Bundle P1/SVG/Earring-133.svg,9. Accessories Designs/Earrings Bundle/Earrings Bundle P1/PNG/Earring-133.png
02473,Accessories Designs,Earrings Bundle,Earring-134,,9. Accessories Designs/Earrings Bundle/Earrings Bundle P1/SVG/Earring-134.svg,9. Accessories Designs/Earrings Bundle/Earrings Bundle P1/PNG/Earring-134.png
02474,Accessories Designs,Earrings Bundle,Earring-135,,9. Accessories Designs/Earrings Bundle/Earrings Bundle P1/SVG/Earring-135.svg,9. Accessories Designs/Earrings Bundle/Earrings Bundle P1/PNG/Earring-135.png
02475,Accessories Designs,Earrings Bundle,Earring-136,,9. Accessories Designs/Earrings Bundle/Earrings Bundle P1/SVG/Earring-136.svg,9. Accessories Designs/Earrings Bundle/Earrings Bundle P1/PNG/Earring-136.png
02476,Accessories Designs,Earrings Bundle,Earring-137,,9. Accessories Designs/Earrings Bundle/Earrings Bundle P1/SVG/Earring-137.svg,9. Accessories Designs/Earrings Bundle/Earrings Bundle P1/PNG/Earring-137.png
02477,Accessories Designs,Earrings Bundle,Earring-138,,9. Accessories Designs/Earrings Bundle/Earrings Bundle P1/SVG/Earring-138.svg,9. Accessories Designs/Earrings Bundle/Earrings Bundle P1/PNG/Earring-138.png
02478,Accessories Designs,Earrings Bundle,Earring-139,,9. Accessories Designs/Earrings Bundle/Earrings Bundle P1/SVG/Earring-139.svg,9. Accessories Designs/Earrings Bundle/Earrings Bundle P1/PNG/Earring-139.png
02479,Accessories Designs,Earrings Bundle,Earring-14,,9. Accessories Designs/Earrings Bundle/Earrings Bundle P1/SVG/Earring-14.svg,9. Accessories Designs/Earrings Bundle/Earrings Bundle P1/PNG/Earring-14.png
02480,Accessories Designs,Earrings Bundle,Earring-140,,9. Accessories Designs/Earrings Bundle/Earrings Bundle P1/SVG/Earring-140.svg,9. Accessories Designs/Earrings Bundle/Earrings Bundle P1/PNG/Earring-140.png
02481,Accessories Designs,Earrings Bundle,Earring-141,,9. Accessories Designs/Earrings Bundle/Earrings Bundle P1/SVG/Earring-141.svg,9. Accessories Designs/Earrings Bundle/Earrings Bundle P1/PNG/Earring-141.png
02482,Accessories Designs,Earrings Bundle,Earring-142,,9. Accessories Designs/Earrings Bundle/Earrings Bundle P1/SVG/Earring-142.svg,9. Accessories Designs/Earrings Bundle/Earrings Bundle P1/PNG/Earring-142.png
02483,Accessories Designs,Earrings Bundle,Earring-143,,9. Accessories Designs/Earrings Bundle/Earrings Bundle P1/SVG/Earring-143.svg,9. Accessories Designs/Earrings Bundle/Earrings Bundle P1/PNG/Earring-143.png
02484,Accessories Designs,Earrings Bundle,Earring-144,,9. Accessories Designs/Earrings Bundle/Earrings Bundle P1/SVG/Earring-144.svg,9. Accessories Designs/Earrings Bundle/Earrings Bundle P1/PNG/Earring-144.png
02485,Accessories Designs,Earrings Bundle,Earring-145,,9. Accessories Designs/Earrings Bundle/Earrings Bundle P1/SVG/Earring-145.svg,9. Accessories Designs/Earrings Bundle/Earrings Bundle P1/PNG/Earring-145.png
02486,Accessories Designs,Earrings Bundle,Earring-146,,9. Accessories Designs/Earrings Bundle/Earrings Bundle P1/SVG/Earring-146.svg,9. Accessories Designs/Earrings Bundle/Earrings Bundle P1/PNG/Earring-146.png
02487,Accessories Designs,Earrings Bundle,Earring-147,,9. Accessories Designs/Earrings Bundle/Earrings Bundle P1/SVG/Earring-147.svg,9. Accessories Designs/Earrings Bundle/Earrings Bundle P1/PNG/Earring-147.png
02488,Accessories Designs,Earrings Bundle,Earring-148,,9. Accessories Designs/Earrings Bundle/Earrings Bundle P1/SVG/Earring-148.svg,9. Accessories Designs/Earrings Bundle/Earrings Bundle P1/PNG/Earring-148.png
02489,Accessories Designs,Earrings Bundle,Earring-149,,9. Accessories Designs/Earrings Bundle/Earrings Bundle P1/SVG/Earring-149.svg,9. Accessories Designs/Earrings Bundle/Earrings Bundle P1/PNG/Earring-149.png
02490,Accessories Designs,Earrings Bundle,Earring-15,,9. Accessories Designs/Earrings Bundle/Earrings Bundle P1/SVG/Earring-15.svg,9. Accessories Designs/Earrings Bundle/Earrings Bundle P1/PNG/Earring-15.png
02491,Accessories Designs,Earrings Bundle,Earring-150,,9. Accessories Designs/Earrings Bundle/Earrings Bundle P1/SVG/Earring-150.svg,9. Accessories Designs/Earrings Bundle/Earrings Bundle P1/PNG/Earring-150.png
02492,Accessories Designs,Earrings Bundle,Earring-151,,9. Accessories Designs/Earrings Bundle/Earrings Bundle P1/SVG/Earring-151.svg,9. Accessories Designs/Earrings Bundle/Earrings Bundle P1/PNG/Earring-151.png
02493,Accessories Designs,Earrings Bundle,Earring-152,,9. Accessories Designs/Earrings Bundle/Earrings Bundle P1/SVG/Earring-152.svg,9. Accessories Designs/Earrings Bundle/Earrings Bundle P1/PNG/Earring-152.png
02494,Accessories Designs,Earrings Bundle,Earring-153,,9. Accessories Designs/Earrings Bundle/Earrings Bundle P1/SVG/Earring-153.svg,9. Accessories Designs/Earrings Bundle/Earrings Bundle P1/PNG/Earring-153.png
02495,Accessories Designs,Earrings Bundle,Earring-154,,9. Accessories Designs/Earrings Bundle/Earrings Bundle P1/SVG/Earring-154.svg,9. Accessories Designs/Earrings Bundle/Earrings Bundle P1/PNG/Earring-154.png
02496,Accessories Designs,Earrings Bundle,Earring-155,,9. Accessories Designs/Earrings Bundle/Earrings Bundle P1/SVG/Earring-155.svg,9. Accessories Designs/Earrings Bundle/Earrings Bundle P1/PNG/Earring-155.png
02497,Accessories Designs,Earrings Bundle,Earring-156,,9. Accessories Designs/Earrings Bundle/Earrings Bundle P1/SVG/Earring-156.svg,9. Accessories Designs/Earrings Bundle/Earrings Bundle P1/PNG/Earring-156.png
02498,Accessories Designs,Earrings Bundle,Earring-157,,9. Accessories Designs/Earrings Bundle/Earrings Bundle P1/SVG/Earring-157.svg,9. Accessories Designs/Earrings Bundle/Earrings Bundle P1/PNG/Earring-157.png
02499,Accessories Designs,Earrings Bundle,Earring-158,,9. Accessories Designs/Earrings Bundle/Earrings Bundle P1/SVG/Earring-158.svg,9. Accessories Designs/Earrings Bundle/Earrings Bundle P1/PNG/Earring-158.png
02500,Accessories Designs,Earrings Bundle,Earring-159,,9. Accessories Designs/Earrings Bundle/Earrings Bundle P1/SVG/Earring-159.svg,9. Accessories Designs/Earrings Bundle/Earrings Bundle P1/PNG/Earring-159.png
02501,Accessories Designs,Earrings Bundle,Earring-16,,9. Accessories Designs/Earrings Bundle/Earrings Bundle P1/SVG/Earring-16.svg,9. Accessories Designs/Earrings Bundle/Earrings Bundle P1/PNG/Earring-16.png
02502,Accessories Designs,Earrings Bundle,Earring-160,,9. Accessories Designs/Earrings Bundle/Earrings Bundle P1/SVG/Earring-160.svg,9. Accessories Designs/Earrings Bundle/Earrings Bundle P1/PNG/Earring-160.png
02503,Accessories Designs,Earrings Bundle,Earring-161,,9. Accessories Designs/Earrings Bundle/Earrings Bundle P1/SVG/Earring-161.svg,9. Accessories Designs/Earrings Bundle/Earrings Bundle P1/PNG/Earring-161.png
02504,Accessories Designs,Earrings Bundle,Earring-162,,9. Accessories Designs/Earrings Bundle/Earrings Bundle P1/SVG/Earring-162.svg,9. Accessories Designs/Earrings Bundle/Earrings Bundle P1/PNG/Earring-162.png
02505,Accessories Designs,Earrings Bundle,Earring-163,,9. Accessories Designs/Earrings Bundle/Earrings Bundle P1/SVG/Earring-163.svg,9. Accessories Designs/Earrings Bundle/Earrings Bundle P1/PNG/Earring-163.png
02506,Accessories Designs,Earrings Bundle,Earring-164,,9. Accessories Designs/Earrings Bundle/Earrings Bundle P1/SVG/Earring-164.svg,9. Accessories Designs/Earrings Bundle/Earrings Bundle P1/PNG/Earring-164.png
02507,Accessories Designs,Earrings Bundle,Earring-165,,9. Accessories Designs/Earrings Bundle/Earrings Bundle P1/SVG/Earring-165.svg,9. Accessories Designs/Earrings Bundle/Earrings Bundle P1/PNG/Earring-165.png
02508,Accessories Designs,Earrings Bundle,Earring-166,,9. Accessories Designs/Earrings Bundle/Earrings Bundle P1/SVG/Earring-166.svg,9. Accessories Designs/Earrings Bundle/Earrings Bundle P1/PNG/Earring-166.png
02509,Accessories Designs,Earrings Bundle,Earring-167,,9. Accessories Designs/Earrings Bundle/Earrings Bundle P1/SVG/Earring-167.svg,9. Accessories Designs/Earrings Bundle/Earrings Bundle P1/PNG/Earring-167.png
02510,Accessories Designs,Earrings Bundle,Earring-168,,9. Accessories Designs/Earrings Bundle/Earrings Bundle P1/SVG/Earring-168.svg,9. Accessories Designs/Earrings Bundle/Earrings Bundle P1/PNG/Earring-168.png
02511,Accessories Designs,Earrings Bundle,Earring-169,,9. Accessories Designs/Earrings Bundle/Earrings Bundle P1/SVG/Earring-169.svg,9. Accessories Designs/Earrings Bundle/Earrings Bundle P1/PNG/Earring-169.png
02512,Accessories Designs,Earrings Bundle,Earring-17,,9. Accessories Designs/Earrings Bundle/Earrings Bundle P1/SVG/Earring-17.svg,9. Accessories Designs/Earrings Bundle/Earrings Bundle P1/PNG/Earring-17.png
02513,Accessories Designs,Earrings Bundle,Earring-170,,9. Accessories Designs/Earrings Bundle/Earrings Bundle P1/SVG/Earring-170.svg,9. Accessories Designs/Earrings Bundle/Earrings Bundle P1/PNG/Earring-170.png
02514,Accessories Designs,Earrings Bundle,Earring-171,,9. Accessories Designs/Earrings Bundle/Earrings Bundle P1/SVG/Earring-171.svg,9. Accessories Designs/Earrings Bundle/Earrings Bundle P1/PNG/Earring-171.png
02515,Accessories Designs,Earrings Bundle,Earring-172,,9. Accessories Designs/Earrings Bundle/Earrings Bundle P1/SVG/Earring-172.svg,9. Accessories Designs/Earrings Bundle/Earrings Bundle P1/PNG/Earring-172.png
02516,Accessories Designs,Earrings Bundle,Earring-173,,9. Accessories Designs/Earrings Bundle/Earrings Bundle P1/SVG/Earring-173.svg,9. Accessories Designs/Earrings Bundle/Earrings Bundle P1/PNG/Earring-173.png
02517,Accessories Designs,Earrings Bundle,Earring-174,,9. Accessories Designs/Earrings Bundle/Earrings Bundle P1/SVG/Earring-174.svg,9. Accessories Designs/Earrings Bundle/Earrings Bundle P1/PNG/Earring-174.png
02518,Accessories Designs,Earrings Bundle,Earring-175,,9. Accessories Designs/Earrings Bundle/Earrings Bundle P1/SVG/Earring-175.svg,9. Accessories Designs/Earrings Bundle/Earrings Bundle P1/PNG/Earring-175.png
02519,Accessories Designs,Earrings Bundle,Earring-176,,9. Accessories Designs/Earrings Bundle/Earrings Bundle P1/SVG/Earring-176.svg,9. Accessories Designs/Earrings Bundle/Earrings Bundle P1/PNG/Earring-176.png
02520,Accessories Designs,Earrings Bundle,Earring-177,,9. Accessories Designs/Earrings Bundle/Earrings Bundle P1/SVG/Earring-177.svg,9. Accessories Designs/Earrings Bundle/Earrings Bundle P1/PNG/Earring-177.png
02521,Accessories Designs,Earrings Bundle,Earring-178,,9. Accessories Designs/Earrings Bundle/Earrings Bundle P1/SVG/Earring-178.svg,9. Accessories Designs/Earrings Bundle/Earrings Bundle P1/PNG/Earring-178.png
02522,Accessories Designs,Earrings Bundle,Earring-179,,9. Accessories Designs/Earrings Bundle/Earrings Bundle P1/SVG/Earring-179.svg,9. Accessories Designs/Earrings Bundle/Earrings Bundle P1/PNG/Earring-179.png
02523,Accessories Designs,Earrings Bundle,Earring-18,,9. Accessories Designs/Earrings Bundle/Earrings Bundle P1/SVG/Earring-18.svg,9. Accessories Designs/Earrings Bundle/Earrings Bundle P1/PNG/Earring-18.png
02524,Accessories Designs,Earrings Bundle,Earring-180,,9. Accessories Designs/Earrings Bundle/Earrings Bundle P1/SVG/Earring-180.svg,9. Accessories Designs/Earrings Bundle/Earrings Bundle P1/PNG/Earring-180.png
02525,Accessories Designs,Earrings Bundle,Earring-181,,9. Accessories Designs/Earrings Bundle/Earrings Bundle P1/SVG/Earring-181.svg,9. Accessories Designs/Earrings Bundle/Earrings Bundle P1/PNG/Earring-181.png
02526,Accessories Designs,Earrings Bundle,Earring-182,,9. Accessories Designs/Earrings Bundle/Earrings Bundle P1/SVG/Earring-182.svg,9. Accessories Designs/Earrings Bundle/Earrings Bundle P1/PNG/Earring-182.png
02527,Accessories Designs,Earrings Bundle,Earring-183,,9. Accessories Designs/Earrings Bundle/Earrings Bundle P1/SVG/Earring-183.svg,9. Accessories Designs/Earrings Bundle/Earrings Bundle P1/PNG/Earring-183.png
02528,Accessories Designs,Earrings Bundle,Earring-184,,9. Accessories Designs/Earrings Bundle/Earrings Bundle P1/SVG/Earring-184.svg,9. Accessories Designs/Earrings Bundle/Earrings Bundle P1/PNG/Earring-184.png
02529,Accessories Designs,Earrings Bundle,Earring-185,,9. Accessories Designs/Earrings Bundle/Earrings Bundle P1/SVG/Earring-185.svg,9. Accessories Designs/Earrings Bundle/Earrings Bundle P1/PNG/Earring-185.png
02530,Accessories Designs,Earrings Bundle,Earring-186,,9. Accessories Designs/Earrings Bundle/Earrings Bundle P1/SVG/Earring-186.svg,9. Accessories Designs/Earrings Bundle/Earrings Bundle P1/PNG/Earring-186.png
02531,Accessories Designs,Earrings Bundle,Earring-187,,9. Accessories Designs/Earrings Bundle/Earrings Bundle P1/SVG/Earring-187.svg,9. Accessories Designs/Earrings Bundle/Earrings Bundle P1/PNG/Earring-187.png
02532,Accessories Designs,Earrings Bundle,Earring-188,,9. Accessories Designs/Earrings Bundle/Earrings Bundle P1/SVG/Earring-188.svg,9. Accessories Designs/Earrings Bundle/Earrings Bundle P1/PNG/Earring-188.png
02533,Accessories Designs,Earrings Bundle,Earring-189,,9. Accessories Designs/Earrings Bundle/Earrings Bundle P1/SVG/Earring-189.svg,9. Accessories Designs/Earrings Bundle/Earrings Bundle P1/PNG/Earring-189.png
02534,Accessories Designs,Earrings Bundle,Earring-19,,9. Accessories Designs/Earrings Bundle/Earrings Bundle P1/SVG/Earring-19.svg,9. Accessories Designs/Earrings Bundle/Earrings Bundle P1/PNG/Earring-19.png
02535,Accessories Designs,Earrings Bundle,Earring-190,,9. Accessories Designs/Earrings Bundle/Earrings Bundle P1/SVG/Earring-190.svg,9. Accessories Designs/Earrings Bundle/Earrings Bundle P1/PNG/Earring-190.png
02536,Accessories Designs,Earrings Bundle,Earring-191,,9. Accessories Designs/Earrings Bundle/Earrings Bundle P1/SVG/Earring-191.svg,9. Accessories Designs/Earrings Bundle/Earrings Bundle P1/PNG/Earring-191.png
02537,Accessories Designs,Earrings Bundle,Earring-192,,9. Accessories Designs/Earrings Bundle/Earrings Bundle P1/SVG/Earring-192.svg,9. Accessories Designs/Earrings Bundle/Earrings Bundle P1/PNG/Earring-192.png
02538,Accessories Designs,Earrings Bundle,Earring-193,,9. Accessories Designs/Earrings Bundle/Earrings Bundle P1/SVG/Earring-193.svg,9. Accessories Designs/Earrings Bundle/Earrings Bundle P1/PNG/Earring-193.png
02539,Accessories Designs,Earrings Bundle,Earring-194,,9. Accessories Designs/Earrings Bundle/Earrings Bundle P1/SVG/Earring-194.svg,9. Accessories Designs/Earrings Bundle/Earrings Bundle P1/PNG/Earring-194.png
02540,Accessories Designs,Earrings Bundle,Earring-195,,9. Accessories Designs/Earrings Bundle/Earrings Bundle P1/SVG/Earring-195.svg,9. Accessories Designs/Earrings Bundle/Earrings Bundle P1/PNG/Earring-195.png
02541,Accessories Designs,Earrings Bundle,Earring-196,,9. Accessories Designs/Earrings Bundle/Earrings Bundle P1/SVG/Earring-196.svg,9. Accessories Designs/Earrings Bundle/Earrings Bundle P1/PNG/Earring-196.png
02542,Accessories Designs,Earrings Bundle,Earring-197,,9. Accessories Designs/Earrings Bundle/Earrings Bundle P1/SVG/Earring-197.svg,9. Accessories Designs/Earrings Bundle/Earrings Bundle P1/PNG/Earring-197.png
02543,Accessories Designs,Earrings Bundle,Earring-198,,9. Accessories Designs/Earrings Bundle/Earrings Bundle P1/SVG/Earring-198.svg,9. Accessories Designs/Earrings Bundle/Earrings Bundle P1/PNG/Earring-198.png
02544,Accessories Designs,Earrings Bundle,Earring-199,,9. Accessories Designs/Earrings Bundle/Earrings Bundle P1/SVG/Earring-199.svg,9. Accessories Designs/Earrings Bundle/Earrings Bundle P1/PNG/Earring-199.png
02545,Accessories Designs,Earrings Bundle,Earring-20,,9. Accessories Designs/Earrings Bundle/Earrings Bundle P1/SVG/Earring-20.svg,9. Accessories Designs/Earrings Bundle/Earrings Bundle P1/PNG/Earring-20.png
02546,Accessories Designs,Earrings Bundle,Earring-200,,9. Accessories Designs/Earrings Bundle/Earrings Bundle P1/SVG/Earring-200.svg,9. Accessories Designs/Earrings Bundle/Earrings Bundle P1/PNG/Earring-200.png
02547,Accessories Designs,Earrings Bundle,Earring-201,,9. Accessories Designs/Earrings Bundle/Earrings Bundle P1/SVG/Earring-201.svg,9. Accessories Designs/Earrings Bundle/Earrings Bundle P1/PNG/Earring-201.png
02548,Accessories Designs,Earrings Bundle,Earring-202,,9. Accessories Designs/Earrings Bundle/Earrings Bundle P1/SVG/Earring-202.svg,9. Accessories Designs/Earrings Bundle/Earrings Bundle P1/PNG/Earring-202.png
02549,Accessories Designs,Earrings Bundle,Earring-203,,9. Accessories Designs/Earrings Bundle/Earrings Bundle P1/SVG/Earring-203.svg,9. Accessories Designs/Earrings Bundle/Earrings Bundle P1/PNG/Earring-203.png
02550,Accessories Designs,Earrings Bundle,Earring-204,,9. Accessories Designs/Earrings Bundle/Earrings Bundle P1/SVG/Earring-204.svg,9. Accessories Designs/Earrings Bundle/Earrings Bundle P1/PNG/Earring-204.png
02551,Accessories Designs,Earrings Bundle,Earring-205,,9. Accessories Designs/Earrings Bundle/Earrings Bundle P1/SVG/Earring-205.svg,9. Accessories Designs/Earrings Bundle/Earrings Bundle P1/PNG/Earring-205.png
02552,Accessories Designs,Earrings Bundle,Earring-206,,9. Accessories Designs/Earrings Bundle/Earrings Bundle P1/SVG/Earring-206.svg,9. Accessories Designs/Earrings Bundle/Earrings Bundle P1/PNG/Earring-206.png
02553,Accessories Designs,Earrings Bundle,Earring-207,,9. Accessories Designs/Earrings Bundle/Earrings Bundle P1/SVG/Earring-207.svg,9. Accessories Designs/Earrings Bundle/Earrings Bundle P1/PNG/Earring-207.png
02554,Accessories Designs,Earrings Bundle,Earring-208,,9. Accessories Designs/Earrings Bundle/Earrings Bundle P1/SVG/Earring-208.svg,9. Accessories Designs/Earrings Bundle/Earrings Bundle P1/PNG/Earring-208.png
02555,Accessories Designs,Earrings Bundle,Earring-209,,9. Accessories Designs/Earrings Bundle/Earrings Bundle P1/SVG/Earring-209.svg,9. Accessories Designs/Earrings Bundle/Earrings Bundle P1/PNG/Earring-209.png
02556,Accessories Designs,Earrings Bundle,Earring-21,,9. Accessories Designs/Earrings Bundle/Earrings Bundle P1/SVG/Earring-21.svg,9. Accessories Designs/Earrings Bundle/Earrings Bundle P1/PNG/Earring-21.png
02557,Accessories Designs,Earrings Bundle,Earring-210,,9. Accessories Designs/Earrings Bundle/Earrings Bundle P1/SVG/Earring-210.svg,9. Accessories Designs/Earrings Bundle/Earrings Bundle P1/PNG/Earring-210.png
02558,Accessories Designs,Earrings Bundle,Earring-211,,9. Accessories Designs/Earrings Bundle/Earrings Bundle P1/SVG/Earring-211.svg,9. Accessories Designs/Earrings Bundle/Earrings Bundle P1/PNG/Earring-211.png
02559,Accessories Designs,Earrings Bundle,Earring-212,,9. Accessories Designs/Earrings Bundle/Earrings Bundle P1/SVG/Earring-212.svg,9. Accessories Designs/Earrings Bundle/Earrings Bundle P1/PNG/Earring-212.png
02560,Accessories Designs,Earrings Bundle,Earring-213,,9. Accessories Designs/Earrings Bundle/Earrings Bundle P1/SVG/Earring-213.svg,9. Accessories Designs/Earrings Bundle/Earrings Bundle P1/PNG/Earring-213.png
02561,Accessories Designs,Earrings Bundle,Earring-214,,9. Accessories Designs/Earrings Bundle/Earrings Bundle P1/SVG/Earring-214.svg,9. Accessories Designs/Earrings Bundle/Earrings Bundle P1/PNG/Earring-214.png
02562,Accessories Designs,Earrings Bundle,Earring-215,,9. Accessories Designs/Earrings Bundle/Earrings Bundle P1/SVG/Earring-215.svg,9. Accessories Designs/Earrings Bundle/Earrings Bundle P1/PNG/Earring-215.png
02563,Accessories Designs,Earrings Bundle,Earring-216,,9. Accessories Designs/Earrings Bundle/Earrings Bundle P1/SVG/Earring-216.svg,9. Accessories Designs/Earrings Bundle/Earrings Bundle P1/PNG/Earring-216.png
02564,Accessories Designs,Earrings Bundle,Earring-217,,9. Accessories Designs/Earrings Bundle/Earrings Bundle P1/SVG/Earring-217.svg,9. Accessories Designs/Earrings Bundle/Earrings Bundle P1/PNG/Earring-217.png
02565,Accessories Designs,Earrings Bundle,Earring-218,,9. Accessories Designs/Earrings Bundle/Earrings Bundle P1/SVG/Earring-218.svg,9. Accessories Designs/Earrings Bundle/Earrings Bundle P1/PNG/Earring-218.png
02566,Accessories Designs,Earrings Bundle,Earring-219,,9. Accessories Designs/Earrings Bundle/Earrings Bundle P1/SVG/Earring-219.svg,9. Accessories Designs/Earrings Bundle/Earrings Bundle P1/PNG/Earring-219.png
02567,Accessories Designs,Earrings Bundle,Earring-22,,9. Accessories Designs/Earrings Bundle/Earrings Bundle P1/SVG/Earring-22.svg,9. Accessories Designs/Earrings Bundle/Earrings Bundle P1/PNG/Earring-22.png
02568,Accessories Designs,Earrings Bundle,Earring-220,,9. Accessories Designs/Earrings Bundle/Earrings Bundle P1/SVG/Earring-220.svg,9. Accessories Designs/Earrings Bundle/Earrings Bundle P1/PNG/Earring-220.png
02569,Accessories Designs,Earrings Bundle,Earring-221,,9. Accessories Designs/Earrings Bundle/Earrings Bundle P1/SVG/Earring-221.svg,9. Accessories Designs/Earrings Bundle/Earrings Bundle P1/PNG/Earring-221.png
02570,Accessories Designs,Earrings Bundle,Earring-222,,9. Accessories Designs/Earrings Bundle/Earrings Bundle P1/SVG/Earring-222.svg,9. Accessories Designs/Earrings Bundle/Earrings Bundle P1/PNG/Earring-222.png
02571,Accessories Designs,Earrings Bundle,Earring-223,,9. Accessories Designs/Earrings Bundle/Earrings Bundle P1/SVG/Earring-223.svg,9. Accessories Designs/Earrings Bundle/Earrings Bundle P1/PNG/Earring-223.png
02572,Accessories Designs,Earrings Bundle,Earring-224,,9. Accessories Designs/Earrings Bundle/Earrings Bundle P1/SVG/Earring-224.svg,9. Accessories Designs/Earrings Bundle/Earrings Bundle P1/PNG/Earring-224.png
02573,Accessories Designs,Earrings Bundle,Earring-225,,9. Accessories Designs/Earrings Bundle/Earrings Bundle P1/SVG/Earring-225.svg,9. Accessories Designs/Earrings Bundle/Earrings Bundle P1/PNG/Earring-225.png
02574,Accessories Designs,Earrings Bundle,Earring-226,,9. Accessories Designs/Earrings Bundle/Earrings Bundle P1/SVG/Earring-226.svg,9. Accessories Designs/Earrings Bundle/Earrings Bundle P1/PNG/Earring-226.png
02575,Accessories Designs,Earrings Bundle,Earring-227,,9. Accessories Designs/Earrings Bundle/Earrings Bundle P1/SVG/Earring-227.svg,9. Accessories Designs/Earrings Bundle/Earrings Bundle P1/PNG/Earring-227.png
02576,Accessories Designs,Earrings Bundle,Earring-228,,9. Accessories Designs/Earrings Bundle/Earrings Bundle P1/SVG/Earring-228.svg,9. Accessories Designs/Earrings Bundle/Earrings Bundle P1/PNG/Earring-228.png
02577,Accessories Designs,Earrings Bundle,Earring-229,,9. Accessories Designs/Earrings Bundle/Earrings Bundle P1/SVG/Earring-229.svg,9. Accessories Designs/Earrings Bundle/Earrings Bundle P1/PNG/Earring-229.png
02578,Accessories Designs,Earrings Bundle,Earring-23,,9. Accessories Designs/Earrings Bundle/Earrings Bundle P1/SVG/Earring-23.svg,9. Accessories Designs/Earrings Bundle/Earrings Bundle P1/PNG/Earring-23.png
02579,Accessories Designs,Earrings Bundle,Earring-230,,9. Accessories Designs/Earrings Bundle/Earrings Bundle P1/SVG/Earring-230.svg,9. Accessories Designs/Earrings Bundle/Earrings Bundle P1/PNG/Earring-230.png
02580,Accessories Designs,Earrings Bundle,Earring-24,,9. Accessories Designs/Earrings Bundle/Earrings Bundle P1/SVG/Earring-24.svg,9. Accessories Designs/Earrings Bundle/Earrings Bundle P1/PNG/Earring-24.png
02581,Accessories Designs,Earrings Bundle,Earring-25,,9. Accessories Designs/Earrings Bundle/Earrings Bundle P1/SVG/Earring-25.svg,9. Accessories Designs/Earrings Bundle/Earrings Bundle P1/PNG/Earring-25.png
02582,Accessories Designs,Earrings Bundle,Earring-26,,9. Accessories Designs/Earrings Bundle/Earrings Bundle P1/SVG/Earring-26.svg,9. Accessories Designs/Earrings Bundle/Earrings Bundle P1/PNG/Earring-26.png
02583,Accessories Designs,Earrings Bundle,Earring-27,,9. Accessories Designs/Earrings Bundle/Earrings Bundle P1/SVG/Earring-27.svg,9. Accessories Designs/Earrings Bundle/Earrings Bundle P1/PNG/Earring-27.png
02584,Accessories Designs,Earrings Bundle,Earring-28,,9. Accessories Designs/Earrings Bundle/Earrings Bundle P1/SVG/Earring-28.svg,9. Accessories Designs/Earrings Bundle/Earrings Bundle P1/PNG/Earring-28.png
02585,Accessories Designs,Earrings Bundle,Earring-29,,9. Accessories Designs/Earrings Bundle/Earrings Bundle P1/SVG/Earring-29.svg,9. Accessories Designs/Earrings Bundle/Earrings Bundle P1/PNG/Earring-29.png
02586,Accessories Designs,Earrings Bundle,Earring-30,,9. Accessories Designs/Earrings Bundle/Earrings Bundle P1/SVG/Earring-30.svg,9. Accessories Designs/Earrings Bundle/Earrings Bundle P1/PNG/Earring-30.png
02587,Accessories Designs,Earrings Bundle,Earring-31,,9. Accessories Designs/Earrings Bundle/Earrings Bundle P1/SVG/Earring-31.svg,9. Accessories Designs/Earrings Bundle/Earrings Bundle P1/PNG/Earring-31.png
02588,Accessories Designs,Earrings Bundle,Earring-32,,9. Accessories Designs/Earrings Bundle/Earrings Bundle P1/SVG/Earring-32.svg,9. Accessories Designs/Earrings Bundle/Earrings Bundle P1/PNG/Earring-32.png
02589,Accessories Designs,Earrings Bundle,Earring-33,,9. Accessories Designs/Earrings Bundle/Earrings Bundle P1/SVG/Earring-33.svg,9. Accessories Designs/Earrings Bundle/Earrings Bundle P1/PNG/Earring-33.png
02590,Accessories Designs,Earrings Bundle,Earring-34,,9. Accessories Designs/Earrings Bundle/Earrings Bundle P1/SVG/Earring-34.svg,9. Accessories Designs/Earrings Bundle/Earrings Bundle P1/PNG/Earring-34.png
02591,Accessories Designs,Earrings Bundle,Earring-35,,9. Accessories Designs/Earrings Bundle/Earrings Bundle P1/SVG/Earring-35.svg,9. Accessories Designs/Earrings Bundle/Earrings Bundle P1/PNG/Earring-35.png
02592,Accessories Designs,Earrings Bundle,Earring-36,,9. Accessories Designs/Earrings Bundle/Earrings Bundle P1/SVG/Earring-36.svg,9. Accessories Designs/Earrings Bundle/Earrings Bundle P1/PNG/Earring-36.png
02593,Accessories Designs,Earrings Bundle,Earring-37,,9. Accessories Designs/Earrings Bundle/Earrings Bundle P1/SVG/Earring-37.svg,9. Accessories Designs/Earrings Bundle/Earrings Bundle P1/PNG/Earring-37.png
02594,Accessories Designs,Earrings Bundle,Earring-38,,9. Accessories Designs/Earrings Bundle/Earrings Bundle P1/SVG/Earring-38.svg,9. Accessories Designs/Earrings Bundle/Earrings Bundle P1/PNG/Earring-38.png
02595,Accessories Designs,Earrings Bundle,Earring-39,,9. Accessories Designs/Earrings Bundle/Earrings Bundle P1/SVG/Earring-39.svg,9. Accessories Designs/Earrings Bundle/Earrings Bundle P1/PNG/Earring-39.png
02596,Accessories Designs,Earrings Bundle,Earring-40,,9. Accessories Designs/Earrings Bundle/Earrings Bundle P1/SVG/Earring-40.svg,9. Accessories Designs/Earrings Bundle/Earrings Bundle P1/PNG/Earring-40.png
02597,Accessories Designs,Earrings Bundle,Earring-41,,9. Accessories Designs/Earrings Bundle/Earrings Bundle P1/SVG/Earring-41.svg,9. Accessories Designs/Earrings Bundle/Earrings Bundle P1/PNG/Earring-41.png
02598,Accessories Designs,Earrings Bundle,Earring-42,,9. Accessories Designs/Earrings Bundle/Earrings Bundle P1/SVG/Earring-42.svg,9. Accessories Designs/Earrings Bundle/Earrings Bundle P1/PNG/Earring-42.png
02599,Accessories Designs,Earrings Bundle,Earring-43,,9. Accessories Designs/Earrings Bundle/Earrings Bundle P1/SVG/Earring-43.svg,9. Accessories Designs/Earrings Bundle/Earrings Bundle P1/PNG/Earring-43.png
02600,Accessories Designs,Earrings Bundle,Earring-44,,9. Accessories Designs/Earrings Bundle/Earrings Bundle P1/SVG/Earring-44.svg,9. Accessories Designs/Earrings Bundle/Earrings Bundle P1/PNG/Earring-44.png
02601,Accessories Designs,Earrings Bundle,Earring-45,,9. Accessories Designs/Earrings Bundle/Earrings Bundle P1/SVG/Earring-45.svg,9. Accessories Designs/Earrings Bundle/Earrings Bundle P1/PNG/Earring-45.png
02602,Accessories Designs,Earrings Bundle,Earring-46,,9. Accessories Designs/Earrings Bundle/Earrings Bundle P1/SVG/Earring-46.svg,9. Accessories Designs/Earrings Bundle/Earrings Bundle P1/PNG/Earring-46.png
02603,Accessories Designs,Earrings Bundle,Earring-47,,9. Accessories Designs/Earrings Bundle/Earrings Bundle P1/SVG/Earring-47.svg,9. Accessories Designs/Earrings Bundle/Earrings Bundle P1/PNG/Earring-47.png
02604,Accessories Designs,Earrings Bundle,Earring-48,,9. Accessories Designs/Earrings Bundle/Earrings Bundle P1/SVG/Earring-48.svg,9. Accessories Designs/Earrings Bundle/Earrings Bundle P1/PNG/Earring-48.png
02605,Accessories Designs,Earrings Bundle,Earring-49,,9. Accessories Designs/Earrings Bundle/Earrings Bundle P1/SVG/Earring-49.svg,9. Accessories Designs/Earrings Bundle/Earrings Bundle P1/PNG/Earring-49.png
02606,Accessories Designs,Earrings Bundle,Earring-50,,9. Accessories Designs/Earrings Bundle/Earrings Bundle P1/SVG/Earring-50.svg,9. Accessories Designs/Earrings Bundle/Earrings Bundle P1/PNG/Earring-50.png
02607,Accessories Designs,Earrings Bundle,Earring-51,,9. Accessories Designs/Earrings Bundle/Earrings Bundle P1/SVG/Earring-51.svg,9. Accessories Designs/Earrings Bundle/Earrings Bundle P1/PNG/Earring-51.png
02608,Accessories Designs,Earrings Bundle,Earring-52,,9. Accessories Designs/Earrings Bundle/Earrings Bundle P1/SVG/Earring-52.svg,9. Accessories Designs/Earrings Bundle/Earrings Bundle P1/PNG/Earring-52.png
02609,Accessories Designs,Earrings Bundle,Earring-53,,9. Accessories Designs/Earrings Bundle/Earrings Bundle P1/SVG/Earring-53.svg,9. Accessories Designs/Earrings Bundle/Earrings Bundle P1/PNG/Earring-53.png
02610,Accessories Designs,Earrings Bundle,Earring-54,,9. Accessories Designs/Earrings Bundle/Earrings Bundle P1/SVG/Earring-54.svg,9. Accessories Designs/Earrings Bundle/Earrings Bundle P1/PNG/Earring-54.png
02611,Accessories Designs,Earrings Bundle,Earring-55,,9. Accessories Designs/Earrings Bundle/Earrings Bundle P1/SVG/Earring-55.svg,9. Accessories Designs/Earrings Bundle/Earrings Bundle P1/PNG/Earring-55.png
02612,Accessories Designs,Earrings Bundle,Earring-56,,9. Accessories Designs/Earrings Bundle/Earrings Bundle P1/SVG/Earring-56.svg,9. Accessories Designs/Earrings Bundle/Earrings Bundle P1/PNG/Earring-56.png
02613,Accessories Designs,Earrings Bundle,Earring-57,,9. Accessories Designs/Earrings Bundle/Earrings Bundle P1/SVG/Earring-57.svg,9. Accessories Designs/Earrings Bundle/Earrings Bundle P1/PNG/Earring-57.png
02614,Accessories Designs,Earrings Bundle,Earring-58,,9. Accessories Designs/Earrings Bundle/Earrings Bundle P1/SVG/Earring-58.svg,9. Accessories Designs/Earrings Bundle/Earrings Bundle P1/PNG/Earring-58.png
02615,Accessories Designs,Earrings Bundle,Earring-59,,9. Accessories Designs/Earrings Bundle/Earrings Bundle P1/SVG/Earring-59.svg,9. Accessories Designs/Earrings Bundle/Earrings Bundle P1/PNG/Earring-59.png
02616,Accessories Designs,Earrings Bundle,Earring-60,,9. Accessories Designs/Earrings Bundle/Earrings Bundle P1/SVG/Earring-60.svg,9. Accessories Designs/Earrings Bundle/Earrings Bundle P1/PNG/Earring-60.png
02617,Accessories Designs,Earrings Bundle,Earring-61,,9. Accessories Designs/Earrings Bundle/Earrings Bundle P1/SVG/Earring-61.svg,9. Accessories Designs/Earrings Bundle/Earrings Bundle P1/PNG/Earring-61.png
02618,Accessories Designs,Earrings Bundle,Earring-62,,9. Accessories Designs/Earrings Bundle/Earrings Bundle P1/SVG/Earring-62.svg,9. Accessories Designs/Earrings Bundle/Earrings Bundle P1/PNG/Earring-62.png
02619,Accessories Designs,Earrings Bundle,Earring-63,,9. Accessories Designs/Earrings Bundle/Earrings Bundle P1/SVG/Earring-63.svg,9. Accessories Designs/Earrings Bundle/Earrings Bundle P1/PNG/Earring-63.png
02620,Accessories Designs,Earrings Bundle,Earring-64,,9. Accessories Designs/Earrings Bundle/Earrings Bundle P1/SVG/Earring-64.svg,9. Accessories Designs/Earrings Bundle/Earrings Bundle P1/PNG/Earring-64.png
02621,Accessories Designs,Earrings Bundle,Earring-65,,9. Accessories Designs/Earrings Bundle/Earrings Bundle P1/SVG/Earring-65.svg,9. Accessories Designs/Earrings Bundle/Earrings Bundle P1/PNG/Earring-65.png
02622,Accessories Designs,Earrings Bundle,Earring-66,,9. Accessories Designs/Earrings Bundle/Earrings Bundle P1/SVG/Earring-66.svg,9. Accessories Designs/Earrings Bundle/Earrings Bundle P1/PNG/Earring-66.png
02623,Accessories Designs,Earrings Bundle,Earring-67,,9. Accessories Designs/Earrings Bundle/Earrings Bundle P1/SVG/Earring-67.svg,9. Accessories Designs/Earrings Bundle/Earrings Bundle P1/PNG/Earring-67.png
02624,Accessories Designs,Earrings Bundle,Earring-68,,9. Accessories Designs/Earrings Bundle/Earrings Bundle P1/SVG/Earring-68.svg,9. Accessories Designs/Earrings Bundle/Earrings Bundle P1/PNG/Earring-68.png
02625,Accessories Designs,Earrings Bundle,Earring-69,,9. Accessories Designs/Earrings Bundle/Earrings Bundle P1/SVG/Earring-69.svg,9. Accessories Designs/Earrings Bundle/Earrings Bundle P1/PNG/Earring-69.png
02626,Accessories Designs,Earrings Bundle,Earring-70,,9. Accessories Designs/Earrings Bundle/Earrings Bundle P1/SVG/Earring-70.svg,9. Accessories Designs/Earrings Bundle/Earrings Bundle P1/PNG/Earring-70.png
02627,Accessories Designs,Earrings Bundle,Earring-71,,9. Accessories Designs/Earrings Bundle/Earrings Bundle P1/SVG/Earring-71.svg,9. Accessories Designs/Earrings Bundle/Earrings Bundle P1/PNG/Earring-71.png
02628,Accessories Designs,Earrings Bundle,Earring-72,,9. Accessories Designs/Earrings Bundle/Earrings Bundle P1/SVG/Earring-72.svg,9. Accessories Designs/Earrings Bundle/Earrings Bundle P1/PNG/Earring-72.png
02629,Accessories Designs,Earrings Bundle,Earring-73,,9. Accessories Designs/Earrings Bundle/Earrings Bundle P1/SVG/Earring-73.svg,9. Accessories Designs/Earrings Bundle/Earrings Bundle P1/PNG/Earring-73.png
02630,Accessories Designs,Earrings Bundle,Earring-74,,9. Accessories Designs/Earrings Bundle/Earrings Bundle P1/SVG/Earring-74.svg,9. Accessories Designs/Earrings Bundle/Earrings Bundle P1/PNG/Earring-74.png
02631,Accessories Designs,Earrings Bundle,Earring-75,,9. Accessories Designs/Earrings Bundle/Earrings Bundle P1/SVG/Earring-75.svg,9. Accessories Designs/Earrings Bundle/Earrings Bundle P1/PNG/Earring-75.png
02632,Accessories Designs,Earrings Bundle,Earring-76,,9. Accessories Designs/Earrings Bundle/Earrings Bundle P1/SVG/Earring-76.svg,9. Accessories Designs/Earrings Bundle/Earrings Bundle P1/PNG/Earring-76.png
02633,Accessories Designs,Earrings Bundle,Earring-77,,9. Accessories Designs/Earrings Bundle/Earrings Bundle P1/SVG/Earring-77.svg,9. Accessories Designs/Earrings Bundle/Earrings Bundle P1/PNG/Earring-77.png
02634,Accessories Designs,Earrings Bundle,Earring-78,,9. Accessories Designs/Earrings Bundle/Earrings Bundle P1/SVG/Earring-78.svg,9. Accessories Designs/Earrings Bundle/Earrings Bundle P1/PNG/Earring-78.png
02635,Accessories Designs,Earrings Bundle,Earring-79,,9. Accessories Designs/Earrings Bundle/Earrings Bundle P1/SVG/Earring-79.svg,9. Accessories Designs/Earrings Bundle/Earrings Bundle P1/PNG/Earring-79.png
02636,Accessories Designs,Earrings Bundle,Earring-80,,9. Accessories Designs/Earrings Bundle/Earrings Bundle P1/SVG/Earring-80.svg,9. Accessories Designs/Earrings Bundle/Earrings Bundle P1/PNG/Earring-80.png
02637,Accessories Designs,Earrings Bundle,Earring-81,,9. Accessories Designs/Earrings Bundle/Earrings Bundle P1/SVG/Earring-81.svg,9. Accessories Designs/Earrings Bundle/Earrings Bundle P1/PNG/Earring-81.png
02638,Accessories Designs,Earrings Bundle,Earring-82,,9. Accessories Designs/Earrings Bundle/Earrings Bundle P1/SVG/Earring-82.svg,9. Accessories Designs/Earrings Bundle/Earrings Bundle P1/PNG/Earring-82.png
02639,Accessories Designs,Earrings Bundle,Earring-83,,9. Accessories Designs/Earrings Bundle/Earrings Bundle P1/SVG/Earring-83.svg,9. Accessories Designs/Earrings Bundle/Earrings Bundle P1/PNG/Earring-83.png
02640,Accessories Designs,Earrings Bundle,Earring-84,,9. Accessories Designs/Earrings Bundle/Earrings Bundle P1/SVG/Earring-84.svg,9. Accessories Designs/Earrings Bundle/Earrings Bundle P1/PNG/Earring-84.png
02641,Accessories Designs,Earrings Bundle,Earring-85,,9. Accessories Designs/Earrings Bundle/Earrings Bundle P1/SVG/Earring-85.svg,9. Accessories Designs/Earrings Bundle/Earrings Bundle P1/PNG/Earring-85.png
02642,Accessories Designs,Earrings Bundle,Earring-86,,9. Accessories Designs/Earrings Bundle/Earrings Bundle P1/SVG/Earring-86.svg,9. Accessories Designs/Earrings Bundle/Earrings Bundle P1/PNG/Earring-86.png
02643,Accessories Designs,Earrings Bundle,Earring-87,,9. Accessories Designs/Earrings Bundle/Earrings Bundle P1/SVG/Earring-87.svg,9. Accessories Designs/Earrings Bundle/Earrings Bundle P1/PNG/Earring-87.png
02644,Accessories Designs,Earrings Bundle,Earring-88,,9. Accessories Designs/Earrings Bundle/Earrings Bundle P1/SVG/Earring-88.svg,9. Accessories Designs/Earrings Bundle/Earrings Bundle P1/PNG/Earring-88.png
02645,Accessories Designs,Earrings Bundle,Earring-89,,9. Accessories Designs/Earrings Bundle/Earrings Bundle P1/SVG/Earring-89.svg,9. Accessories Designs/Earrings Bundle/Earrings Bundle P1/PNG/Earring-89.png
02646,Accessories Designs,Earrings Bundle,Earring-90,,9. Accessories Designs/Earrings Bundle/Earrings Bundle P1/SVG/Earring-90.svg,9. Accessories Designs/Earrings Bundle/Earrings Bundle P1/PNG/Earring-90.png
02647,Accessories Designs,Earrings Bundle,Earring-91,,9. Accessories Designs/Earrings Bundle/Earrings Bundle P1/SVG/Earring-91.svg,9. Accessories Designs/Earrings Bundle/Earrings Bundle P1/PNG/Earring-91.png
02648,Accessories Designs,Earrings Bundle,Earring-92,,9. Accessories Designs/Earrings Bundle/Earrings Bundle P1/SVG/Earring-92.svg,9. Accessories Designs/Earrings Bundle/Earrings Bundle P1/PNG/Earring-92.png
02649,Accessories Designs,Earrings Bundle,Earring-93,,9. Accessories Designs/Earrings Bundle/Earrings Bundle P1/SVG/Earring-93.svg,9. Accessories Designs/Earrings Bundle/Earrings Bundle P1/PNG/Earring-93.png
02650,Accessories Designs,Earrings Bundle,Earring-94,,9. Accessories Designs/Earrings Bundle/Earrings Bundle P1/SVG/Earring-94.svg,9. Accessories Designs/Earrings Bundle/Earrings Bundle P1/PNG/Earring-94.png
02651,Accessories Designs,Earrings Bundle,Earring-95,,9. Accessories Designs/Earrings Bundle/Earrings Bundle P1/SVG/Earring-95.svg,9. Accessories Designs/Earrings Bundle/Earrings Bundle P1/PNG/Earring-95.png
02652,Accessories Designs,Earrings Bundle,Earring-96,,9. Accessories Designs/Earrings Bundle/Earrings Bundle P1/SVG/Earring-96.svg,9. Accessories Designs/Earrings Bundle/Earrings Bundle P1/PNG/Earring-96.png
02653,Accessories Designs,Earrings Bundle,Earring-97,,9. Accessories Designs/Earrings Bundle/Earrings Bundle P1/SVG/Earring-97.svg,9. Accessories Designs/Earrings Bundle/Earrings Bundle P1/PNG/Earring-97.png
02654,Accessories Designs,Earrings Bundle,Earring-98,,9. Accessories Designs/Earrings Bundle/Earrings Bundle P1/SVG/Earring-98.svg,9. Accessories Designs/Earrings Bundle/Earrings Bundle P1/PNG/Earring-98.png
02655,Accessories Designs,Earrings Bundle,Earring-99,,9. Accessories Designs/Earrings Bundle/Earrings Bundle P1/SVG/Earring-99.svg,9. Accessories Designs/Earrings Bundle/Earrings Bundle P1/PNG/Earring-99.png
02656,Accessories Designs,Earrings Bundle,Earring  (1),,9. Accessories Designs/Earrings Bundle/Earrings Bundle P2/SVG/Earring  (1).svg,MISSING
02657,Accessories Designs,Earrings Bundle,Earring  (10),,9. Accessories Designs/Earrings Bundle/Earrings Bundle P2/SVG/Earring  (10).svg,MISSING
02658,Accessories Designs,Earrings Bundle,Earring  (100),,9. Accessories Designs/Earrings Bundle/Earrings Bundle P2/SVG/Earring  (100).svg,MISSING
02659,Accessories Designs,Earrings Bundle,Earring  (101),,9. Accessories Designs/Earrings Bundle/Earrings Bundle P2/SVG/Earring  (101).svg,MISSING
02660,Accessories Designs,Earrings Bundle,Earring  (102),,9. Accessories Designs/Earrings Bundle/Earrings Bundle P2/SVG/Earring  (102).svg,MISSING
02661,Accessories Designs,Earrings Bundle,Earring  (103),,9. Accessories Designs/Earrings Bundle/Earrings Bundle P2/SVG/Earring  (103).svg,MISSING
02662,Accessories Designs,Earrings Bundle,Earring  (104),,9. Accessories Designs/Earrings Bundle/Earrings Bundle P2/SVG/Earring  (104).svg,MISSING
02663,Accessories Designs,Earrings Bundle,Earring  (105),,9. Accessories Designs/Earrings Bundle/Earrings Bundle P2/SVG/Earring  (105).svg,MISSING
02664,Accessories Designs,Earrings Bundle,Earring  (106),,9. Accessories Designs/Earrings Bundle/Earrings Bundle P2/SVG/Earring  (106).svg,MISSING
02665,Accessories Designs,Earrings Bundle,Earring  (107),,9. Accessories Designs/Earrings Bundle/Earrings Bundle P2/SVG/Earring  (107).svg,MISSING
02666,Accessories Designs,Earrings Bundle,Earring  (108),,9. Accessories Designs/Earrings Bundle/Earrings Bundle P2/SVG/Earring  (108).svg,MISSING
02667,Accessories Designs,Earrings Bundle,Earring  (109),,9. Accessories Designs/Earrings Bundle/Earrings Bundle P2/SVG/Earring  (109).svg,MISSING
02668,Accessories Designs,Earrings Bundle,Earring  (11),,9. Accessories Designs/Earrings Bundle/Earrings Bundle P2/SVG/Earring  (11).svg,MISSING
02669,Accessories Designs,Earrings Bundle,Earring  (110),,9. Accessories Designs/Earrings Bundle/Earrings Bundle P2/SVG/Earring  (110).svg,MISSING
02670,Accessories Designs,Earrings Bundle,Earring  (111),,9. Accessories Designs/Earrings Bundle/Earrings Bundle P2/SVG/Earring  (111).svg,MISSING
02671,Accessories Designs,Earrings Bundle,Earring  (112),,9. Accessories Designs/Earrings Bundle/Earrings Bundle P2/SVG/Earring  (112).svg,MISSING
02672,Accessories Designs,Earrings Bundle,Earring  (113),,9. Accessories Designs/Earrings Bundle/Earrings Bundle P2/SVG/Earring  (113).svg,MISSING
02673,Accessories Designs,Earrings Bundle,Earring  (114),,9. Accessories Designs/Earrings Bundle/Earrings Bundle P2/SVG/Earring  (114).svg,MISSING
02674,Accessories Designs,Earrings Bundle,Earring  (115),,9. Accessories Designs/Earrings Bundle/Earrings Bundle P2/SVG/Earring  (115).svg,MISSING
02675,Accessories Designs,Earrings Bundle,Earring  (116),,9. Accessories Designs/Earrings Bundle/Earrings Bundle P2/SVG/Earring  (116).svg,MISSING
02676,Accessories Designs,Earrings Bundle,Earring  (117),,9. Accessories Designs/Earrings Bundle/Earrings Bundle P2/SVG/Earring  (117).svg,MISSING
02677,Accessories Designs,Earrings Bundle,Earring  (118),,9. Accessories Designs/Earrings Bundle/Earrings Bundle P2/SVG/Earring  (118).svg,MISSING
02678,Accessories Designs,Earrings Bundle,Earring  (119),,9. Accessories Designs/Earrings Bundle/Earrings Bundle P2/SVG/Earring  (119).svg,MISSING
02679,Accessories Designs,Earrings Bundle,Earring  (12),,9. Accessories Designs/Earrings Bundle/Earrings Bundle P2/SVG/Earring  (12).svg,MISSING
02680,Accessories Designs,Earrings Bundle,Earring  (120),,9. Accessories Designs/Earrings Bundle/Earrings Bundle P2/SVG/Earring  (120).svg,MISSING
02681,Accessories Designs,Earrings Bundle,Earring  (121),,9. Accessories Designs/Earrings Bundle/Earrings Bundle P2/SVG/Earring  (121).svg,MISSING
02682,Accessories Designs,Earrings Bundle,Earring  (122),,9. Accessories Designs/Earrings Bundle/Earrings Bundle P2/SVG/Earring  (122).svg,MISSING
02683,Accessories Designs,Earrings Bundle,Earring  (123),,9. Accessories Designs/Earrings Bundle/Earrings Bundle P2/SVG/Earring  (123).svg,MISSING
02684,Accessories Designs,Earrings Bundle,Earring  (124),,9. Accessories Designs/Earrings Bundle/Earrings Bundle P2/SVG/Earring  (124).svg,MISSING
02685,Accessories Designs,Earrings Bundle,Earring  (125),,9. Accessories Designs/Earrings Bundle/Earrings Bundle P2/SVG/Earring  (125).svg,MISSING
02686,Accessories Designs,Earrings Bundle,Earring  (126),,9. Accessories Designs/Earrings Bundle/Earrings Bundle P2/SVG/Earring  (126).svg,MISSING
02687,Accessories Designs,Earrings Bundle,Earring  (127),,9. Accessories Designs/Earrings Bundle/Earrings Bundle P2/SVG/Earring  (127).svg,MISSING
02688,Accessories Designs,Earrings Bundle,Earring  (128),,9. Accessories Designs/Earrings Bundle/Earrings Bundle P2/SVG/Earring  (128).svg,MISSING
02689,Accessories Designs,Earrings Bundle,Earring  (129),,9. Accessories Designs/Earrings Bundle/Earrings Bundle P2/SVG/Earring  (129).svg,MISSING
02690,Accessories Designs,Earrings Bundle,Earring  (13),,9. Accessories Designs/Earrings Bundle/Earrings Bundle P2/SVG/Earring  (13).svg,MISSING
02691,Accessories Designs,Earrings Bundle,Earring  (130),,9. Accessories Designs/Earrings Bundle/Earrings Bundle P2/SVG/Earring  (130).svg,MISSING
02692,Accessories Designs,Earrings Bundle,Earring  (131),,9. Accessories Designs/Earrings Bundle/Earrings Bundle P2/SVG/Earring  (131).svg,MISSING
02693,Accessories Designs,Earrings Bundle,Earring  (132),,9. Accessories Designs/Earrings Bundle/Earrings Bundle P2/SVG/Earring  (132).svg,MISSING
02694,Accessories Designs,Earrings Bundle,Earring  (133),,9. Accessories Designs/Earrings Bundle/Earrings Bundle P2/SVG/Earring  (133).svg,MISSING
02695,Accessories Designs,Earrings Bundle,Earring  (134),,9. Accessories Designs/Earrings Bundle/Earrings Bundle P2/SVG/Earring  (134).svg,MISSING
02696,Accessories Designs,Earrings Bundle,Earring  (135),,9. Accessories Designs/Earrings Bundle/Earrings Bundle P2/SVG/Earring  (135).svg,MISSING
02697,Accessories Designs,Earrings Bundle,Earring  (136),,9. Accessories Designs/Earrings Bundle/Earrings Bundle P2/SVG/Earring  (136).svg,MISSING
02698,Accessories Designs,Earrings Bundle,Earring  (137),,9. Accessories Designs/Earrings Bundle/Earrings Bundle P2/SVG/Earring  (137).svg,MISSING
02699,Accessories Designs,Earrings Bundle,Earring  (138),,9. Accessories Designs/Earrings Bundle/Earrings Bundle P2/SVG/Earring  (138).svg,MISSING
02700,Accessories Designs,Earrings Bundle,Earring  (139),,9. Accessories Designs/Earrings Bundle/Earrings Bundle P2/SVG/Earring  (139).svg,MISSING
02701,Accessories Designs,Earrings Bundle,Earring  (14),,9. Accessories Designs/Earrings Bundle/Earrings Bundle P2/SVG/Earring  (14).svg,MISSING
02702,Accessories Designs,Earrings Bundle,Earring  (140),,9. Accessories Designs/Earrings Bundle/Earrings Bundle P2/SVG/Earring  (140).svg,MISSING
02703,Accessories Designs,Earrings Bundle,Earring  (141),,9. Accessories Designs/Earrings Bundle/Earrings Bundle P2/SVG/Earring  (141).svg,MISSING
02704,Accessories Designs,Earrings Bundle,Earring  (142),,9. Accessories Designs/Earrings Bundle/Earrings Bundle P2/SVG/Earring  (142).svg,MISSING
02705,Accessories Designs,Earrings Bundle,Earring  (143),,9. Accessories Designs/Earrings Bundle/Earrings Bundle P2/SVG/Earring  (143).svg,MISSING
02706,Accessories Designs,Earrings Bundle,Earring  (144),,9. Accessories Designs/Earrings Bundle/Earrings Bundle P2/SVG/Earring  (144).svg,MISSING
02707,Accessories Designs,Earrings Bundle,Earring  (145),,9. Accessories Designs/Earrings Bundle/Earrings Bundle P2/SVG/Earring  (145).svg,MISSING
02708,Accessories Designs,Earrings Bundle,Earring  (146),,9. Accessories Designs/Earrings Bundle/Earrings Bundle P2/SVG/Earring  (146).svg,MISSING
02709,Accessories Designs,Earrings Bundle,Earring  (147),,9. Accessories Designs/Earrings Bundle/Earrings Bundle P2/SVG/Earring  (147).svg,MISSING
02710,Accessories Designs,Earrings Bundle,Earring  (148),,9. Accessories Designs/Earrings Bundle/Earrings Bundle P2/SVG/Earring  (148).svg,MISSING
02711,Accessories Designs,Earrings Bundle,Earring  (149),,9. Accessories Designs/Earrings Bundle/Earrings Bundle P2/SVG/Earring  (149).svg,MISSING
02712,Accessories Designs,Earrings Bundle,Earring  (15),,9. Accessories Designs/Earrings Bundle/Earrings Bundle P2/SVG/Earring  (15).svg,MISSING
02713,Accessories Designs,Earrings Bundle,Earring  (150),,9. Accessories Designs/Earrings Bundle/Earrings Bundle P2/SVG/Earring  (150).svg,MISSING
02714,Accessories Designs,Earrings Bundle,Earring  (151),,9. Accessories Designs/Earrings Bundle/Earrings Bundle P2/SVG/Earring  (151).svg,MISSING
02715,Accessories Designs,Earrings Bundle,Earring  (152),,9. Accessories Designs/Earrings Bundle/Earrings Bundle P2/SVG/Earring  (152).svg,MISSING
02716,Accessories Designs,Earrings Bundle,Earring  (153),,9. Accessories Designs/Earrings Bundle/Earrings Bundle P2/SVG/Earring  (153).svg,MISSING
02717,Accessories Designs,Earrings Bundle,Earring  (154),,9. Accessories Designs/Earrings Bundle/Earrings Bundle P2/SVG/Earring  (154).svg,MISSING
02718,Accessories Designs,Earrings Bundle,Earring  (155),,9. Accessories Designs/Earrings Bundle/Earrings Bundle P2/SVG/Earring  (155).svg,MISSING
02719,Accessories Designs,Earrings Bundle,Earring  (156),,9. Accessories Designs/Earrings Bundle/Earrings Bundle P2/SVG/Earring  (156).svg,MISSING
02720,Accessories Designs,Earrings Bundle,Earring  (157),,9. Accessories Designs/Earrings Bundle/Earrings Bundle P2/SVG/Earring  (157).svg,MISSING
02721,Accessories Designs,Earrings Bundle,Earring  (158),,9. Accessories Designs/Earrings Bundle/Earrings Bundle P2/SVG/Earring  (158).svg,MISSING
02722,Accessories Designs,Earrings Bundle,Earring  (159),,9. Accessories Designs/Earrings Bundle/Earrings Bundle P2/SVG/Earring  (159).svg,MISSING
02723,Accessories Designs,Earrings Bundle,Earring  (16),,9. Accessories Designs/Earrings Bundle/Earrings Bundle P2/SVG/Earring  (16).svg,MISSING
02724,Accessories Designs,Earrings Bundle,Earring  (160),,9. Accessories Designs/Earrings Bundle/Earrings Bundle P2/SVG/Earring  (160).svg,MISSING
02725,Accessories Designs,Earrings Bundle,Earring  (161),,9. Accessories Designs/Earrings Bundle/Earrings Bundle P2/SVG/Earring  (161).svg,MISSING
02726,Accessories Designs,Earrings Bundle,Earring  (162),,9. Accessories Designs/Earrings Bundle/Earrings Bundle P2/SVG/Earring  (162).svg,MISSING
02727,Accessories Designs,Earrings Bundle,Earring  (163),,9. Accessories Designs/Earrings Bundle/Earrings Bundle P2/SVG/Earring  (163).svg,MISSING
02728,Accessories Designs,Earrings Bundle,Earring  (164),,9. Accessories Designs/Earrings Bundle/Earrings Bundle P2/SVG/Earring  (164).svg,MISSING
02729,Accessories Designs,Earrings Bundle,Earring  (165),,9. Accessories Designs/Earrings Bundle/Earrings Bundle P2/SVG/Earring  (165).svg,MISSING
02730,Accessories Designs,Earrings Bundle,Earring  (166),,9. Accessories Designs/Earrings Bundle/Earrings Bundle P2/SVG/Earring  (166).svg,MISSING
02731,Accessories Designs,Earrings Bundle,Earring  (167),,9. Accessories Designs/Earrings Bundle/Earrings Bundle P2/SVG/Earring  (167).svg,MISSING
02732,Accessories Designs,Earrings Bundle,Earring  (168),,9. Accessories Designs/Earrings Bundle/Earrings Bundle P2/SVG/Earring  (168).svg,MISSING
02733,Accessories Designs,Earrings Bundle,Earring  (169),,9. Accessories Designs/Earrings Bundle/Earrings Bundle P2/SVG/Earring  (169).svg,MISSING
02734,Accessories Designs,Earrings Bundle,Earring  (17),,9. Accessories Designs/Earrings Bundle/Earrings Bundle P2/SVG/Earring  (17).svg,MISSING
02735,Accessories Designs,Earrings Bundle,Earring  (170),,9. Accessories Designs/Earrings Bundle/Earrings Bundle P2/SVG/Earring  (170).svg,MISSING
02736,Accessories Designs,Earrings Bundle,Earring  (171),,9. Accessories Designs/Earrings Bundle/Earrings Bundle P2/SVG/Earring  (171).svg,MISSING
02737,Accessories Designs,Earrings Bundle,Earring  (172),,9. Accessories Designs/Earrings Bundle/Earrings Bundle P2/SVG/Earring  (172).svg,MISSING
02738,Accessories Designs,Earrings Bundle,Earring  (173),,9. Accessories Designs/Earrings Bundle/Earrings Bundle P2/SVG/Earring  (173).svg,MISSING
02739,Accessories Designs,Earrings Bundle,Earring  (174),,9. Accessories Designs/Earrings Bundle/Earrings Bundle P2/SVG/Earring  (174).svg,MISSING
02740,Accessories Designs,Earrings Bundle,Earring  (175),,9. Accessories Designs/Earrings Bundle/Earrings Bundle P2/SVG/Earring  (175).svg,MISSING
02741,Accessories Designs,Earrings Bundle,Earring  (176),,9. Accessories Designs/Earrings Bundle/Earrings Bundle P2/SVG/Earring  (176).svg,MISSING
02742,Accessories Designs,Earrings Bundle,Earring  (177),,9. Accessories Designs/Earrings Bundle/Earrings Bundle P2/SVG/Earring  (177).svg,MISSING
02743,Accessories Designs,Earrings Bundle,Earring  (178),,9. Accessories Designs/Earrings Bundle/Earrings Bundle P2/SVG/Earring  (178).svg,MISSING
02744,Accessories Designs,Earrings Bundle,Earring  (179),,9. Accessories Designs/Earrings Bundle/Earrings Bundle P2/SVG/Earring  (179).svg,MISSING
02745,Accessories Designs,Earrings Bundle,Earring  (18),,9. Accessories Designs/Earrings Bundle/Earrings Bundle P2/SVG/Earring  (18).svg,MISSING
02746,Accessories Designs,Earrings Bundle,Earring  (180),,9. Accessories Designs/Earrings Bundle/Earrings Bundle P2/SVG/Earring  (180).svg,MISSING
02747,Accessories Designs,Earrings Bundle,Earring  (181),,9. Accessories Designs/Earrings Bundle/Earrings Bundle P2/SVG/Earring  (181).svg,MISSING
02748,Accessories Designs,Earrings Bundle,Earring  (182),,9. Accessories Designs/Earrings Bundle/Earrings Bundle P2/SVG/Earring  (182).svg,MISSING
02749,Accessories Designs,Earrings Bundle,Earring  (183),,9. Accessories Designs/Earrings Bundle/Earrings Bundle P2/SVG/Earring  (183).svg,MISSING
02750,Accessories Designs,Earrings Bundle,Earring  (184),,9. Accessories Designs/Earrings Bundle/Earrings Bundle P2/SVG/Earring  (184).svg,MISSING
02751,Accessories Designs,Earrings Bundle,Earring  (185),,9. Accessories Designs/Earrings Bundle/Earrings Bundle P2/SVG/Earring  (185).svg,MISSING
02752,Accessories Designs,Earrings Bundle,Earring  (186),,9. Accessories Designs/Earrings Bundle/Earrings Bundle P2/SVG/Earring  (186).svg,MISSING
02753,Accessories Designs,Earrings Bundle,Earring  (187),,9. Accessories Designs/Earrings Bundle/Earrings Bundle P2/SVG/Earring  (187).svg,MISSING
02754,Accessories Designs,Earrings Bundle,Earring  (188),,9. Accessories Designs/Earrings Bundle/Earrings Bundle P2/SVG/Earring  (188).svg,MISSING
02755,Accessories Designs,Earrings Bundle,Earring  (189),,9. Accessories Designs/Earrings Bundle/Earrings Bundle P2/SVG/Earring  (189).svg,MISSING
02756,Accessories Designs,Earrings Bundle,Earring  (19),,9. Accessories Designs/Earrings Bundle/Earrings Bundle P2/SVG/Earring  (19).svg,MISSING
02757,Accessories Designs,Earrings Bundle,Earring  (190),,9. Accessories Designs/Earrings Bundle/Earrings Bundle P2/SVG/Earring  (190).svg,MISSING
02758,Accessories Designs,Earrings Bundle,Earring  (191),,9. Accessories Designs/Earrings Bundle/Earrings Bundle P2/SVG/Earring  (191).svg,MISSING
02759,Accessories Designs,Earrings Bundle,Earring  (192),,9. Accessories Designs/Earrings Bundle/Earrings Bundle P2/SVG/Earring  (192).svg,MISSING
02760,Accessories Designs,Earrings Bundle,Earring  (193),,9. Accessories Designs/Earrings Bundle/Earrings Bundle P2/SVG/Earring  (193).svg,MISSING
02761,Accessories Designs,Earrings Bundle,Earring  (194),,9. Accessories Designs/Earrings Bundle/Earrings Bundle P2/SVG/Earring  (194).svg,MISSING
02762,Accessories Designs,Earrings Bundle,Earring  (195),,9. Accessories Designs/Earrings Bundle/Earrings Bundle P2/SVG/Earring  (195).svg,MISSING
02763,Accessories Designs,Earrings Bundle,Earring  (196),,9. Accessories Designs/Earrings Bundle/Earrings Bundle P2/SVG/Earring  (196).svg,MISSING
02764,Accessories Designs,Earrings Bundle,Earring  (197),,9. Accessories Designs/Earrings Bundle/Earrings Bundle P2/SVG/Earring  (197).svg,MISSING
02765,Accessories Designs,Earrings Bundle,Earring  (198),,9. Accessories Designs/Earrings Bundle/Earrings Bundle P2/SVG/Earring  (198).svg,MISSING
02766,Accessories Designs,Earrings Bundle,Earring  (199),,9. Accessories Designs/Earrings Bundle/Earrings Bundle P2/SVG/Earring  (199).svg,MISSING
02767,Accessories Designs,Earrings Bundle,Earring  (2),,9. Accessories Designs/Earrings Bundle/Earrings Bundle P2/SVG/Earring  (2).svg,MISSING
02768,Accessories Designs,Earrings Bundle,Earring  (20),,9. Accessories Designs/Earrings Bundle/Earrings Bundle P2/SVG/Earring  (20).svg,MISSING
02769,Accessories Designs,Earrings Bundle,Earring  (200),,9. Accessories Designs/Earrings Bundle/Earrings Bundle P2/SVG/Earring  (200).svg,MISSING
02770,Accessories Designs,Earrings Bundle,Earring  (201),,9. Accessories Designs/Earrings Bundle/Earrings Bundle P2/SVG/Earring  (201).svg,MISSING
02771,Accessories Designs,Earrings Bundle,Earring  (202),,9. Accessories Designs/Earrings Bundle/Earrings Bundle P2/SVG/Earring  (202).svg,MISSING
02772,Accessories Designs,Earrings Bundle,Earring  (203),,9. Accessories Designs/Earrings Bundle/Earrings Bundle P2/SVG/Earring  (203).svg,MISSING
02773,Accessories Designs,Earrings Bundle,Earring  (204),,9. Accessories Designs/Earrings Bundle/Earrings Bundle P2/SVG/Earring  (204).svg,MISSING
02774,Accessories Designs,Earrings Bundle,Earring  (205),,9. Accessories Designs/Earrings Bundle/Earrings Bundle P2/SVG/Earring  (205).svg,MISSING
02775,Accessories Designs,Earrings Bundle,Earring  (206),,9. Accessories Designs/Earrings Bundle/Earrings Bundle P2/SVG/Earring  (206).svg,MISSING
02776,Accessories Designs,Earrings Bundle,Earring  (207),,9. Accessories Designs/Earrings Bundle/Earrings Bundle P2/SVG/Earring  (207).svg,MISSING
02777,Accessories Designs,Earrings Bundle,Earring  (208),,9. Accessories Designs/Earrings Bundle/Earrings Bundle P2/SVG/Earring  (208).svg,MISSING
02778,Accessories Designs,Earrings Bundle,Earring  (209),,9. Accessories Designs/Earrings Bundle/Earrings Bundle P2/SVG/Earring  (209).svg,MISSING
02779,Accessories Designs,Earrings Bundle,Earring  (21),,9. Accessories Designs/Earrings Bundle/Earrings Bundle P2/SVG/Earring  (21).svg,MISSING
02780,Accessories Designs,Earrings Bundle,Earring  (210),,9. Accessories Designs/Earrings Bundle/Earrings Bundle P2/SVG/Earring  (210).svg,MISSING
02781,Accessories Designs,Earrings Bundle,Earring  (211),,9. Accessories Designs/Earrings Bundle/Earrings Bundle P2/SVG/Earring  (211).svg,MISSING
02782,Accessories Designs,Earrings Bundle,Earring  (212),,9. Accessories Designs/Earrings Bundle/Earrings Bundle P2/SVG/Earring  (212).svg,MISSING
02783,Accessories Designs,Earrings Bundle,Earring  (213),,9. Accessories Designs/Earrings Bundle/Earrings Bundle P2/SVG/Earring  (213).svg,MISSING
02784,Accessories Designs,Earrings Bundle,Earring  (214),,9. Accessories Designs/Earrings Bundle/Earrings Bundle P2/SVG/Earring  (214).svg,MISSING
02785,Accessories Designs,Earrings Bundle,Earring  (215),,9. Accessories Designs/Earrings Bundle/Earrings Bundle P2/SVG/Earring  (215).svg,MISSING
02786,Accessories Designs,Earrings Bundle,Earring  (216),,9. Accessories Designs/Earrings Bundle/Earrings Bundle P2/SVG/Earring  (216).svg,MISSING
02787,Accessories Designs,Earrings Bundle,Earring  (217),,9. Accessories Designs/Earrings Bundle/Earrings Bundle P2/SVG/Earring  (217).svg,MISSING
02788,Accessories Designs,Earrings Bundle,Earring  (218),,9. Accessories Designs/Earrings Bundle/Earrings Bundle P2/SVG/Earring  (218).svg,MISSING
02789,Accessories Designs,Earrings Bundle,Earring  (219),,9. Accessories Designs/Earrings Bundle/Earrings Bundle P2/SVG/Earring  (219).svg,MISSING
02790,Accessories Designs,Earrings Bundle,Earring  (22),,9. Accessories Designs/Earrings Bundle/Earrings Bundle P2/SVG/Earring  (22).svg,MISSING
02791,Accessories Designs,Earrings Bundle,Earring  (220),,9. Accessories Designs/Earrings Bundle/Earrings Bundle P2/SVG/Earring  (220).svg,MISSING
02792,Accessories Designs,Earrings Bundle,Earring  (221),,9. Accessories Designs/Earrings Bundle/Earrings Bundle P2/SVG/Earring  (221).svg,MISSING
02793,Accessories Designs,Earrings Bundle,Earring  (222),,9. Accessories Designs/Earrings Bundle/Earrings Bundle P2/SVG/Earring  (222).svg,MISSING
02794,Accessories Designs,Earrings Bundle,Earring  (223),,9. Accessories Designs/Earrings Bundle/Earrings Bundle P2/SVG/Earring  (223).svg,MISSING
02795,Accessories Designs,Earrings Bundle,Earring  (224),,9. Accessories Designs/Earrings Bundle/Earrings Bundle P2/SVG/Earring  (224).svg,MISSING
02796,Accessories Designs,Earrings Bundle,Earring  (225),,9. Accessories Designs/Earrings Bundle/Earrings Bundle P2/SVG/Earring  (225).svg,MISSING
02797,Accessories Designs,Earrings Bundle,Earring  (226),,9. Accessories Designs/Earrings Bundle/Earrings Bundle P2/SVG/Earring  (226).svg,MISSING
02798,Accessories Designs,Earrings Bundle,Earring  (227),,9. Accessories Designs/Earrings Bundle/Earrings Bundle P2/SVG/Earring  (227).svg,MISSING
02799,Accessories Designs,Earrings Bundle,Earring  (228),,9. Accessories Designs/Earrings Bundle/Earrings Bundle P2/SVG/Earring  (228).svg,MISSING
02800,Accessories Designs,Earrings Bundle,Earring  (229),,9. Accessories Designs/Earrings Bundle/Earrings Bundle P2/SVG/Earring  (229).svg,MISSING
02801,Accessories Designs,Earrings Bundle,Earring  (23),,9. Accessories Designs/Earrings Bundle/Earrings Bundle P2/SVG/Earring  (23).svg,MISSING
02802,Accessories Designs,Earrings Bundle,Earring  (230),,9. Accessories Designs/Earrings Bundle/Earrings Bundle P2/SVG/Earring  (230).svg,MISSING
02803,Accessories Designs,Earrings Bundle,Earring  (231),,9. Accessories Designs/Earrings Bundle/Earrings Bundle P2/SVG/Earring  (231).svg,MISSING
02804,Accessories Designs,Earrings Bundle,Earring  (232),,9. Accessories Designs/Earrings Bundle/Earrings Bundle P2/SVG/Earring  (232).svg,MISSING
02805,Accessories Designs,Earrings Bundle,Earring  (233),,9. Accessories Designs/Earrings Bundle/Earrings Bundle P2/SVG/Earring  (233).svg,MISSING
02806,Accessories Designs,Earrings Bundle,Earring  (234),,9. Accessories Designs/Earrings Bundle/Earrings Bundle P2/SVG/Earring  (234).svg,MISSING
02807,Accessories Designs,Earrings Bundle,Earring  (235),,9. Accessories Designs/Earrings Bundle/Earrings Bundle P2/SVG/Earring  (235).svg,MISSING
02808,Accessories Designs,Earrings Bundle,Earring  (236),,9. Accessories Designs/Earrings Bundle/Earrings Bundle P2/SVG/Earring  (236).svg,MISSING
02809,Accessories Designs,Earrings Bundle,Earring  (237),,9. Accessories Designs/Earrings Bundle/Earrings Bundle P2/SVG/Earring  (237).svg,MISSING
02810,Accessories Designs,Earrings Bundle,Earring  (238),,9. Accessories Designs/Earrings Bundle/Earrings Bundle P2/SVG/Earring  (238).svg,MISSING
02811,Accessories Designs,Earrings Bundle,Earring  (239),,9. Accessories Designs/Earrings Bundle/Earrings Bundle P2/SVG/Earring  (239).svg,MISSING
02812,Accessories Designs,Earrings Bundle,Earring  (24),,9. Accessories Designs/Earrings Bundle/Earrings Bundle P2/SVG/Earring  (24).svg,MISSING
02813,Accessories Designs,Earrings Bundle,Earring  (240),,9. Accessories Designs/Earrings Bundle/Earrings Bundle P2/SVG/Earring  (240).svg,MISSING
02814,Accessories Designs,Earrings Bundle,Earring  (241),,9. Accessories Designs/Earrings Bundle/Earrings Bundle P2/SVG/Earring  (241).svg,MISSING
02815,Accessories Designs,Earrings Bundle,Earring  (242),,9. Accessories Designs/Earrings Bundle/Earrings Bundle P2/SVG/Earring  (242).svg,MISSING
02816,Accessories Designs,Earrings Bundle,Earring  (243),,9. Accessories Designs/Earrings Bundle/Earrings Bundle P2/SVG/Earring  (243).svg,MISSING
02817,Accessories Designs,Earrings Bundle,Earring  (244),,9. Accessories Designs/Earrings Bundle/Earrings Bundle P2/SVG/Earring  (244).svg,MISSING
02818,Accessories Designs,Earrings Bundle,Earring  (245),,9. Accessories Designs/Earrings Bundle/Earrings Bundle P2/SVG/Earring  (245).svg,MISSING
02819,Accessories Designs,Earrings Bundle,Earring  (246),,9. Accessories Designs/Earrings Bundle/Earrings Bundle P2/SVG/Earring  (246).svg,MISSING
02820,Accessories Designs,Earrings Bundle,Earring  (247),,9. Accessories Designs/Earrings Bundle/Earrings Bundle P2/SVG/Earring  (247).svg,MISSING
02821,Accessories Designs,Earrings Bundle,Earring  (248),,9. Accessories Designs/Earrings Bundle/Earrings Bundle P2/SVG/Earring  (248).svg,MISSING
02822,Accessories Designs,Earrings Bundle,Earring  (249),,9. Accessories Designs/Earrings Bundle/Earrings Bundle P2/SVG/Earring  (249).svg,MISSING
02823,Accessories Designs,Earrings Bundle,Earring  (25),,9. Accessories Designs/Earrings Bundle/Earrings Bundle P2/SVG/Earring  (25).svg,MISSING
02824,Accessories Designs,Earrings Bundle,Earring  (250),,9. Accessories Designs/Earrings Bundle/Earrings Bundle P2/SVG/Earring  (250).svg,MISSING
02825,Accessories Designs,Earrings Bundle,Earring  (251),,9. Accessories Designs/Earrings Bundle/Earrings Bundle P2/SVG/Earring  (251).svg,MISSING
02826,Accessories Designs,Earrings Bundle,Earring  (252),,9. Accessories Designs/Earrings Bundle/Earrings Bundle P2/SVG/Earring  (252).svg,MISSING
02827,Accessories Designs,Earrings Bundle,Earring  (253),,9. Accessories Designs/Earrings Bundle/Earrings Bundle P2/SVG/Earring  (253).svg,MISSING
02828,Accessories Designs,Earrings Bundle,Earring  (254),,9. Accessories Designs/Earrings Bundle/Earrings Bundle P2/SVG/Earring  (254).svg,MISSING
02829,Accessories Designs,Earrings Bundle,Earring  (255),,9. Accessories Designs/Earrings Bundle/Earrings Bundle P2/SVG/Earring  (255).svg,MISSING
02830,Accessories Designs,Earrings Bundle,Earring  (256),,9. Accessories Designs/Earrings Bundle/Earrings Bundle P2/SVG/Earring  (256).svg,MISSING
02831,Accessories Designs,Earrings Bundle,Earring  (257),,9. Accessories Designs/Earrings Bundle/Earrings Bundle P2/SVG/Earring  (257).svg,MISSING
02832,Accessories Designs,Earrings Bundle,Earring  (258),,9. Accessories Designs/Earrings Bundle/Earrings Bundle P2/SVG/Earring  (258).svg,MISSING
02833,Accessories Designs,Earrings Bundle,Earring  (259),,9. Accessories Designs/Earrings Bundle/Earrings Bundle P2/SVG/Earring  (259).svg,MISSING
02834,Accessories Designs,Earrings Bundle,Earring  (26),,9. Accessories Designs/Earrings Bundle/Earrings Bundle P2/SVG/Earring  (26).svg,MISSING
02835,Accessories Designs,Earrings Bundle,Earring  (260),,9. Accessories Designs/Earrings Bundle/Earrings Bundle P2/SVG/Earring  (260).svg,MISSING
02836,Accessories Designs,Earrings Bundle,Earring  (261),,9. Accessories Designs/Earrings Bundle/Earrings Bundle P2/SVG/Earring  (261).svg,MISSING
02837,Accessories Designs,Earrings Bundle,Earring  (262),,9. Accessories Designs/Earrings Bundle/Earrings Bundle P2/SVG/Earring  (262).svg,MISSING
02838,Accessories Designs,Earrings Bundle,Earring  (263),,9. Accessories Designs/Earrings Bundle/Earrings Bundle P2/SVG/Earring  (263).svg,MISSING
02839,Accessories Designs,Earrings Bundle,Earring  (264),,9. Accessories Designs/Earrings Bundle/Earrings Bundle P2/SVG/Earring  (264).svg,MISSING
02840,Accessories Designs,Earrings Bundle,Earring  (265),,9. Accessories Designs/Earrings Bundle/Earrings Bundle P2/SVG/Earring  (265).svg,MISSING
02841,Accessories Designs,Earrings Bundle,Earring  (266),,9. Accessories Designs/Earrings Bundle/Earrings Bundle P2/SVG/Earring  (266).svg,MISSING
02842,Accessories Designs,Earrings Bundle,Earring  (267),,9. Accessories Designs/Earrings Bundle/Earrings Bundle P2/SVG/Earring  (267).svg,MISSING
02843,Accessories Designs,Earrings Bundle,Earring  (268),,9. Accessories Designs/Earrings Bundle/Earrings Bundle P2/SVG/Earring  (268).svg,MISSING
02844,Accessories Designs,Earrings Bundle,Earring  (269),,9. Accessories Designs/Earrings Bundle/Earrings Bundle P2/SVG/Earring  (269).svg,MISSING
02845,Accessories Designs,Earrings Bundle,Earring  (27),,9. Accessories Designs/Earrings Bundle/Earrings Bundle P2/SVG/Earring  (27).svg,MISSING
02846,Accessories Designs,Earrings Bundle,Earring  (270),,9. Accessories Designs/Earrings Bundle/Earrings Bundle P2/SVG/Earring  (270).svg,MISSING
02847,Accessories Designs,Earrings Bundle,Earring  (271),,9. Accessories Designs/Earrings Bundle/Earrings Bundle P2/SVG/Earring  (271).svg,MISSING
02848,Accessories Designs,Earrings Bundle,Earring  (272),,9. Accessories Designs/Earrings Bundle/Earrings Bundle P2/SVG/Earring  (272).svg,MISSING
02849,Accessories Designs,Earrings Bundle,Earring  (273),,9. Accessories Designs/Earrings Bundle/Earrings Bundle P2/SVG/Earring  (273).svg,MISSING
02850,Accessories Designs,Earrings Bundle,Earring  (274),,9. Accessories Designs/Earrings Bundle/Earrings Bundle P2/SVG/Earring  (274).svg,MISSING
02851,Accessories Designs,Earrings Bundle,Earring  (275),,9. Accessories Designs/Earrings Bundle/Earrings Bundle P2/SVG/Earring  (275).svg,MISSING
02852,Accessories Designs,Earrings Bundle,Earring  (276),,9. Accessories Designs/Earrings Bundle/Earrings Bundle P2/SVG/Earring  (276).svg,MISSING
02853,Accessories Designs,Earrings Bundle,Earring  (277),,9. Accessories Designs/Earrings Bundle/Earrings Bundle P2/SVG/Earring  (277).svg,MISSING
02854,Accessories Designs,Earrings Bundle,Earring  (278),,9. Accessories Designs/Earrings Bundle/Earrings Bundle P2/SVG/Earring  (278).svg,MISSING
02855,Accessories Designs,Earrings Bundle,Earring  (279),,9. Accessories Designs/Earrings Bundle/Earrings Bundle P2/SVG/Earring  (279).svg,MISSING
02856,Accessories Designs,Earrings Bundle,Earring  (28),,9. Accessories Designs/Earrings Bundle/Earrings Bundle P2/SVG/Earring  (28).svg,MISSING
02857,Accessories Designs,Earrings Bundle,Earring  (280),,9. Accessories Designs/Earrings Bundle/Earrings Bundle P2/SVG/Earring  (280).svg,MISSING
02858,Accessories Designs,Earrings Bundle,Earring  (281),,9. Accessories Designs/Earrings Bundle/Earrings Bundle P2/SVG/Earring  (281).svg,MISSING
02859,Accessories Designs,Earrings Bundle,Earring  (282),,9. Accessories Designs/Earrings Bundle/Earrings Bundle P2/SVG/Earring  (282).svg,MISSING
02860,Accessories Designs,Earrings Bundle,Earring  (283),,9. Accessories Designs/Earrings Bundle/Earrings Bundle P2/SVG/Earring  (283).svg,MISSING
02861,Accessories Designs,Earrings Bundle,Earring  (284),,9. Accessories Designs/Earrings Bundle/Earrings Bundle P2/SVG/Earring  (284).svg,MISSING
02862,Accessories Designs,Earrings Bundle,Earring  (285),,9. Accessories Designs/Earrings Bundle/Earrings Bundle P2/SVG/Earring  (285).svg,MISSING
02863,Accessories Designs,Earrings Bundle,Earring  (286),,9. Accessories Designs/Earrings Bundle/Earrings Bundle P2/SVG/Earring  (286).svg,MISSING
02864,Accessories Designs,Earrings Bundle,Earring  (287),,9. Accessories Designs/Earrings Bundle/Earrings Bundle P2/SVG/Earring  (287).svg,MISSING
02865,Accessories Designs,Earrings Bundle,Earring  (288),,9. Accessories Designs/Earrings Bundle/Earrings Bundle P2/SVG/Earring  (288).svg,MISSING
02866,Accessories Designs,Earrings Bundle,Earring  (289),,9. Accessories Designs/Earrings Bundle/Earrings Bundle P2/SVG/Earring  (289).svg,MISSING
02867,Accessories Designs,Earrings Bundle,Earring  (29),,9. Accessories Designs/Earrings Bundle/Earrings Bundle P2/SVG/Earring  (29).svg,MISSING
02868,Accessories Designs,Earrings Bundle,Earring  (290),,9. Accessories Designs/Earrings Bundle/Earrings Bundle P2/SVG/Earring  (290).svg,MISSING
02869,Accessories Designs,Earrings Bundle,Earring  (291),,9. Accessories Designs/Earrings Bundle/Earrings Bundle P2/SVG/Earring  (291).svg,MISSING
02870,Accessories Designs,Earrings Bundle,Earring  (292),,9. Accessories Designs/Earrings Bundle/Earrings Bundle P2/SVG/Earring  (292).svg,MISSING
02871,Accessories Designs,Earrings Bundle,Earring  (293),,9. Accessories Designs/Earrings Bundle/Earrings Bundle P2/SVG/Earring  (293).svg,MISSING
02872,Accessories Designs,Earrings Bundle,Earring  (294),,9. Accessories Designs/Earrings Bundle/Earrings Bundle P2/SVG/Earring  (294).svg,MISSING
02873,Accessories Designs,Earrings Bundle,Earring  (295),,9. Accessories Designs/Earrings Bundle/Earrings Bundle P2/SVG/Earring  (295).svg,MISSING
02874,Accessories Designs,Earrings Bundle,Earring  (296),,9. Accessories Designs/Earrings Bundle/Earrings Bundle P2/SVG/Earring  (296).svg,MISSING
02875,Accessories Designs,Earrings Bundle,Earring  (297),,9. Accessories Designs/Earrings Bundle/Earrings Bundle P2/SVG/Earring  (297).svg,MISSING
02876,Accessories Designs,Earrings Bundle,Earring  (298),,9. Accessories Designs/Earrings Bundle/Earrings Bundle P2/SVG/Earring  (298).svg,MISSING
02877,Accessories Designs,Earrings Bundle,Earring  (299),,9. Accessories Designs/Earrings Bundle/Earrings Bundle P2/SVG/Earring  (299).svg,MISSING
02878,Accessories Designs,Earrings Bundle,Earring  (3),,9. Accessories Designs/Earrings Bundle/Earrings Bundle P2/SVG/Earring  (3).svg,MISSING
02879,Accessories Designs,Earrings Bundle,Earring  (30),,9. Accessories Designs/Earrings Bundle/Earrings Bundle P2/SVG/Earring  (30).svg,MISSING
02880,Accessories Designs,Earrings Bundle,Earring  (300),,9. Accessories Designs/Earrings Bundle/Earrings Bundle P2/SVG/Earring  (300).svg,MISSING
02881,Accessories Designs,Earrings Bundle,Earring  (301),,9. Accessories Designs/Earrings Bundle/Earrings Bundle P2/SVG/Earring  (301).svg,MISSING
02882,Accessories Designs,Earrings Bundle,Earring  (302),,9. Accessories Designs/Earrings Bundle/Earrings Bundle P2/SVG/Earring  (302).svg,MISSING
02883,Accessories Designs,Earrings Bundle,Earring  (303),,9. Accessories Designs/Earrings Bundle/Earrings Bundle P2/SVG/Earring  (303).svg,MISSING
02884,Accessories Designs,Earrings Bundle,Earring  (304),,9. Accessories Designs/Earrings Bundle/Earrings Bundle P2/SVG/Earring  (304).svg,MISSING
02885,Accessories Designs,Earrings Bundle,Earring  (305),,9. Accessories Designs/Earrings Bundle/Earrings Bundle P2/SVG/Earring  (305).svg,MISSING
02886,Accessories Designs,Earrings Bundle,Earring  (306),,9. Accessories Designs/Earrings Bundle/Earrings Bundle P2/SVG/Earring  (306).svg,MISSING
02887,Accessories Designs,Earrings Bundle,Earring  (307),,9. Accessories Designs/Earrings Bundle/Earrings Bundle P2/SVG/Earring  (307).svg,MISSING
02888,Accessories Designs,Earrings Bundle,Earring  (308),,9. Accessories Designs/Earrings Bundle/Earrings Bundle P2/SVG/Earring  (308).svg,MISSING
02889,Accessories Designs,Earrings Bundle,Earring  (309),,9. Accessories Designs/Earrings Bundle/Earrings Bundle P2/SVG/Earring  (309).svg,MISSING
02890,Accessories Designs,Earrings Bundle,Earring  (31),,9. Accessories Designs/Earrings Bundle/Earrings Bundle P2/SVG/Earring  (31).svg,MISSING
02891,Accessories Designs,Earrings Bundle,Earring  (310),,9. Accessories Designs/Earrings Bundle/Earrings Bundle P2/SVG/Earring  (310).svg,MISSING
02892,Accessories Designs,Earrings Bundle,Earring  (311),,9. Accessories Designs/Earrings Bundle/Earrings Bundle P2/SVG/Earring  (311).svg,9. Accessories Designs/Earrings Bundle/Earrings Bundle P2/PNG/Earring  (311).png
02893,Accessories Designs,Earrings Bundle,Earring  (312),,9. Accessories Designs/Earrings Bundle/Earrings Bundle P2/SVG/Earring  (312).svg,MISSING
02894,Accessories Designs,Earrings Bundle,Earring  (313),,9. Accessories Designs/Earrings Bundle/Earrings Bundle P2/SVG/Earring  (313).svg,MISSING
02895,Accessories Designs,Earrings Bundle,Earring  (314),,9. Accessories Designs/Earrings Bundle/Earrings Bundle P2/SVG/Earring  (314).svg,MISSING
02896,Accessories Designs,Earrings Bundle,Earring  (315),,9. Accessories Designs/Earrings Bundle/Earrings Bundle P2/SVG/Earring  (315).svg,MISSING
02897,Accessories Designs,Earrings Bundle,Earring  (316),,9. Accessories Designs/Earrings Bundle/Earrings Bundle P2/SVG/Earring  (316).svg,MISSING
02898,Accessories Designs,Earrings Bundle,Earring  (317),,9. Accessories Designs/Earrings Bundle/Earrings Bundle P2/SVG/Earring  (317).svg,MISSING
02899,Accessories Designs,Earrings Bundle,Earring  (318),,9. Accessories Designs/Earrings Bundle/Earrings Bundle P2/SVG/Earring  (318).svg,MISSING
02900,Accessories Designs,Earrings Bundle,Earring  (319),,9. Accessories Designs/Earrings Bundle/Earrings Bundle P2/SVG/Earring  (319).svg,MISSING
02901,Accessories Designs,Earrings Bundle,Earring  (32),,9. Accessories Designs/Earrings Bundle/Earrings Bundle P2/SVG/Earring  (32).svg,MISSING
02902,Accessories Designs,Earrings Bundle,Earring  (320),,9. Accessories Designs/Earrings Bundle/Earrings Bundle P2/SVG/Earring  (320).svg,MISSING
02903,Accessories Designs,Earrings Bundle,Earring  (321),,9. Accessories Designs/Earrings Bundle/Earrings Bundle P2/SVG/Earring  (321).svg,MISSING
02904,Accessories Designs,Earrings Bundle,Earring  (322),,9. Accessories Designs/Earrings Bundle/Earrings Bundle P2/SVG/Earring  (322).svg,MISSING
02905,Accessories Designs,Earrings Bundle,Earring  (323),,9. Accessories Designs/Earrings Bundle/Earrings Bundle P2/SVG/Earring  (323).svg,MISSING
02906,Accessories Designs,Earrings Bundle,Earring  (324),,9. Accessories Designs/Earrings Bundle/Earrings Bundle P2/SVG/Earring  (324).svg,MISSING
02907,Accessories Designs,Earrings Bundle,Earring  (325),,9. Accessories Designs/Earrings Bundle/Earrings Bundle P2/SVG/Earring  (325).svg,MISSING
02908,Accessories Designs,Earrings Bundle,Earring  (326),,9. Accessories Designs/Earrings Bundle/Earrings Bundle P2/SVG/Earring  (326).svg,MISSING
02909,Accessories Designs,Earrings Bundle,Earring  (327),,9. Accessories Designs/Earrings Bundle/Earrings Bundle P2/SVG/Earring  (327).svg,MISSING
02910,Accessories Designs,Earrings Bundle,Earring  (328),,9. Accessories Designs/Earrings Bundle/Earrings Bundle P2/SVG/Earring  (328).svg,MISSING
02911,Accessories Designs,Earrings Bundle,Earring  (329),,9. Accessories Designs/Earrings Bundle/Earrings Bundle P2/SVG/Earring  (329).svg,MISSING
02912,Accessories Designs,Earrings Bundle,Earring  (33),,9. Accessories Designs/Earrings Bundle/Earrings Bundle P2/SVG/Earring  (33).svg,MISSING
02913,Accessories Designs,Earrings Bundle,Earring  (330),,9. Accessories Designs/Earrings Bundle/Earrings Bundle P2/SVG/Earring  (330).svg,MISSING
02914,Accessories Designs,Earrings Bundle,Earring  (331),,9. Accessories Designs/Earrings Bundle/Earrings Bundle P2/SVG/Earring  (331).svg,MISSING
02915,Accessories Designs,Earrings Bundle,Earring  (332),,9. Accessories Designs/Earrings Bundle/Earrings Bundle P2/SVG/Earring  (332).svg,MISSING
02916,Accessories Designs,Earrings Bundle,Earring  (333),,9. Accessories Designs/Earrings Bundle/Earrings Bundle P2/SVG/Earring  (333).svg,MISSING
02917,Accessories Designs,Earrings Bundle,Earring  (334),,9. Accessories Designs/Earrings Bundle/Earrings Bundle P2/SVG/Earring  (334).svg,MISSING
02918,Accessories Designs,Earrings Bundle,Earring  (335),,9. Accessories Designs/Earrings Bundle/Earrings Bundle P2/SVG/Earring  (335).svg,MISSING
02919,Accessories Designs,Earrings Bundle,Earring  (336),,9. Accessories Designs/Earrings Bundle/Earrings Bundle P2/SVG/Earring  (336).svg,MISSING
02920,Accessories Designs,Earrings Bundle,Earring  (337),,9. Accessories Designs/Earrings Bundle/Earrings Bundle P2/SVG/Earring  (337).svg,MISSING
02921,Accessories Designs,Earrings Bundle,Earring  (338),,9. Accessories Designs/Earrings Bundle/Earrings Bundle P2/SVG/Earring  (338).svg,MISSING
02922,Accessories Designs,Earrings Bundle,Earring  (339),,9. Accessories Designs/Earrings Bundle/Earrings Bundle P2/SVG/Earring  (339).svg,MISSING
02923,Accessories Designs,Earrings Bundle,Earring  (34),,9. Accessories Designs/Earrings Bundle/Earrings Bundle P2/SVG/Earring  (34).svg,MISSING
02924,Accessories Designs,Earrings Bundle,Earring  (340),,9. Accessories Designs/Earrings Bundle/Earrings Bundle P2/SVG/Earring  (340).svg,MISSING
02925,Accessories Designs,Earrings Bundle,Earring  (341),,9. Accessories Designs/Earrings Bundle/Earrings Bundle P2/SVG/Earring  (341).svg,MISSING
02926,Accessories Designs,Earrings Bundle,Earring  (342),,9. Accessories Designs/Earrings Bundle/Earrings Bundle P2/SVG/Earring  (342).svg,MISSING
02927,Accessories Designs,Earrings Bundle,Earring  (343),,9. Accessories Designs/Earrings Bundle/Earrings Bundle P2/SVG/Earring  (343).svg,MISSING
02928,Accessories Designs,Earrings Bundle,Earring  (344),,9. Accessories Designs/Earrings Bundle/Earrings Bundle P2/SVG/Earring  (344).svg,MISSING
02929,Accessories Designs,Earrings Bundle,Earring  (345),,9. Accessories Designs/Earrings Bundle/Earrings Bundle P2/SVG/Earring  (345).svg,MISSING
02930,Accessories Designs,Earrings Bundle,Earring  (346),,9. Accessories Designs/Earrings Bundle/Earrings Bundle P2/SVG/Earring  (346).svg,MISSING
02931,Accessories Designs,Earrings Bundle,Earring  (347),,9. Accessories Designs/Earrings Bundle/Earrings Bundle P2/SVG/Earring  (347).svg,MISSING
02932,Accessories Designs,Earrings Bundle,Earring  (348),,9. Accessories Designs/Earrings Bundle/Earrings Bundle P2/SVG/Earring  (348).svg,MISSING
02933,Accessories Designs,Earrings Bundle,Earring  (349),,9. Accessories Designs/Earrings Bundle/Earrings Bundle P2/SVG/Earring  (349).svg,MISSING
02934,Accessories Designs,Earrings Bundle,Earring  (35),,9. Accessories Designs/Earrings Bundle/Earrings Bundle P2/SVG/Earring  (35).svg,9. Accessories Designs/Earrings Bundle/Earrings Bundle P2/PNG/Earring  (35).png
02935,Accessories Designs,Earrings Bundle,Earring  (350),,9. Accessories Designs/Earrings Bundle/Earrings Bundle P2/SVG/Earring  (350).svg,MISSING
02936,Accessories Designs,Earrings Bundle,Earring  (351),,9. Accessories Designs/Earrings Bundle/Earrings Bundle P2/SVG/Earring  (351).svg,MISSING
02937,Accessories Designs,Earrings Bundle,Earring  (352),,9. Accessories Designs/Earrings Bundle/Earrings Bundle P2/SVG/Earring  (352).svg,MISSING
02938,Accessories Designs,Earrings Bundle,Earring  (353),,9. Accessories Designs/Earrings Bundle/Earrings Bundle P2/SVG/Earring  (353).svg,MISSING
02939,Accessories Designs,Earrings Bundle,Earring  (354),,9. Accessories Designs/Earrings Bundle/Earrings Bundle P2/SVG/Earring  (354).svg,MISSING
02940,Accessories Designs,Earrings Bundle,Earring  (355),,9. Accessories Designs/Earrings Bundle/Earrings Bundle P2/SVG/Earring  (355).svg,MISSING
02941,Accessories Designs,Earrings Bundle,Earring  (356),,9. Accessories Designs/Earrings Bundle/Earrings Bundle P2/SVG/Earring  (356).svg,MISSING
02942,Accessories Designs,Earrings Bundle,Earring  (357),,9. Accessories Designs/Earrings Bundle/Earrings Bundle P2/SVG/Earring  (357).svg,MISSING
02943,Accessories Designs,Earrings Bundle,Earring  (358),,9. Accessories Designs/Earrings Bundle/Earrings Bundle P2/SVG/Earring  (358).svg,MISSING
02944,Accessories Designs,Earrings Bundle,Earring  (359),,9. Accessories Designs/Earrings Bundle/Earrings Bundle P2/SVG/Earring  (359).svg,MISSING
02945,Accessories Designs,Earrings Bundle,Earring  (36),,9. Accessories Designs/Earrings Bundle/Earrings Bundle P2/SVG/Earring  (36).svg,MISSING
02946,Accessories Designs,Earrings Bundle,Earring  (360),,9. Accessories Designs/Earrings Bundle/Earrings Bundle P2/SVG/Earring  (360).svg,MISSING
02947,Accessories Designs,Earrings Bundle,Earring  (361),,9. Accessories Designs/Earrings Bundle/Earrings Bundle P2/SVG/Earring  (361).svg,MISSING
02948,Accessories Designs,Earrings Bundle,Earring  (362),,9. Accessories Designs/Earrings Bundle/Earrings Bundle P2/SVG/Earring  (362).svg,MISSING
02949,Accessories Designs,Earrings Bundle,Earring  (363),,9. Accessories Designs/Earrings Bundle/Earrings Bundle P2/SVG/Earring  (363).svg,MISSING
02950,Accessories Designs,Earrings Bundle,Earring  (364),,9. Accessories Designs/Earrings Bundle/Earrings Bundle P2/SVG/Earring  (364).svg,MISSING
02951,Accessories Designs,Earrings Bundle,Earring  (365),,9. Accessories Designs/Earrings Bundle/Earrings Bundle P2/SVG/Earring  (365).svg,MISSING
02952,Accessories Designs,Earrings Bundle,Earring  (366),,9. Accessories Designs/Earrings Bundle/Earrings Bundle P2/SVG/Earring  (366).svg,MISSING
02953,Accessories Designs,Earrings Bundle,Earring  (367),,9. Accessories Designs/Earrings Bundle/Earrings Bundle P2/SVG/Earring  (367).svg,MISSING
02954,Accessories Designs,Earrings Bundle,Earring  (368),,9. Accessories Designs/Earrings Bundle/Earrings Bundle P2/SVG/Earring  (368).svg,MISSING
02955,Accessories Designs,Earrings Bundle,Earring  (369),,9. Accessories Designs/Earrings Bundle/Earrings Bundle P2/SVG/Earring  (369).svg,MISSING
02956,Accessories Designs,Earrings Bundle,Earring  (37),,9. Accessories Designs/Earrings Bundle/Earrings Bundle P2/SVG/Earring  (37).svg,9. Accessories Designs/Earrings Bundle/Earrings Bundle P2/PNG/Earring  (37).png
02957,Accessories Designs,Earrings Bundle,Earring  (370),,9. Accessories Designs/Earrings Bundle/Earrings Bundle P2/SVG/Earring  (370).svg,MISSING
02958,Accessories Designs,Earrings Bundle,Earring  (371),,9. Accessories Designs/Earrings Bundle/Earrings Bundle P2/SVG/Earring  (371).svg,MISSING
02959,Accessories Designs,Earrings Bundle,Earring  (372),,9. Accessories Designs/Earrings Bundle/Earrings Bundle P2/SVG/Earring  (372).svg,MISSING
02960,Accessories Designs,Earrings Bundle,Earring  (373),,9. Accessories Designs/Earrings Bundle/Earrings Bundle P2/SVG/Earring  (373).svg,MISSING
02961,Accessories Designs,Earrings Bundle,Earring  (374),,9. Accessories Designs/Earrings Bundle/Earrings Bundle P2/SVG/Earring  (374).svg,MISSING
02962,Accessories Designs,Earrings Bundle,Earring  (375),,9. Accessories Designs/Earrings Bundle/Earrings Bundle P2/SVG/Earring  (375).svg,MISSING
02963,Accessories Designs,Earrings Bundle,Earring  (376),,9. Accessories Designs/Earrings Bundle/Earrings Bundle P2/SVG/Earring  (376).svg,MISSING
02964,Accessories Designs,Earrings Bundle,Earring  (377),,9. Accessories Designs/Earrings Bundle/Earrings Bundle P2/SVG/Earring  (377).svg,MISSING
02965,Accessories Designs,Earrings Bundle,Earring  (378),,9. Accessories Designs/Earrings Bundle/Earrings Bundle P2/SVG/Earring  (378).svg,MISSING
02966,Accessories Designs,Earrings Bundle,Earring  (379),,9. Accessories Designs/Earrings Bundle/Earrings Bundle P2/SVG/Earring  (379).svg,MISSING
02967,Accessories Designs,Earrings Bundle,Earring  (38),,9. Accessories Designs/Earrings Bundle/Earrings Bundle P2/SVG/Earring  (38).svg,MISSING
02968,Accessories Designs,Earrings Bundle,Earring  (380),,9. Accessories Designs/Earrings Bundle/Earrings Bundle P2/SVG/Earring  (380).svg,MISSING
02969,Accessories Designs,Earrings Bundle,Earring  (381),,9. Accessories Designs/Earrings Bundle/Earrings Bundle P2/SVG/Earring  (381).svg,MISSING
02970,Accessories Designs,Earrings Bundle,Earring  (382),,9. Accessories Designs/Earrings Bundle/Earrings Bundle P2/SVG/Earring  (382).svg,MISSING
02971,Accessories Designs,Earrings Bundle,Earring  (383),,9. Accessories Designs/Earrings Bundle/Earrings Bundle P2/SVG/Earring  (383).svg,MISSING
02972,Accessories Designs,Earrings Bundle,Earring  (384),,9. Accessories Designs/Earrings Bundle/Earrings Bundle P2/SVG/Earring  (384).svg,MISSING
02973,Accessories Designs,Earrings Bundle,Earring  (385),,9. Accessories Designs/Earrings Bundle/Earrings Bundle P2/SVG/Earring  (385).svg,MISSING
02974,Accessories Designs,Earrings Bundle,Earring  (386),,9. Accessories Designs/Earrings Bundle/Earrings Bundle P2/SVG/Earring  (386).svg,MISSING
02975,Accessories Designs,Earrings Bundle,Earring  (387),,9. Accessories Designs/Earrings Bundle/Earrings Bundle P2/SVG/Earring  (387).svg,MISSING
02976,Accessories Designs,Earrings Bundle,Earring  (388),,9. Accessories Designs/Earrings Bundle/Earrings Bundle P2/SVG/Earring  (388).svg,MISSING
02977,Accessories Designs,Earrings Bundle,Earring  (389),,9. Accessories Designs/Earrings Bundle/Earrings Bundle P2/SVG/Earring  (389).svg,MISSING
02978,Accessories Designs,Earrings Bundle,Earring  (39),,9. Accessories Designs/Earrings Bundle/Earrings Bundle P2/SVG/Earring  (39).svg,9. Accessories Designs/Earrings Bundle/Earrings Bundle P2/PNG/Earring  (39).png
02979,Accessories Designs,Earrings Bundle,Earring  (390),,9. Accessories Designs/Earrings Bundle/Earrings Bundle P2/SVG/Earring  (390).svg,MISSING
02980,Accessories Designs,Earrings Bundle,Earring  (391),,9. Accessories Designs/Earrings Bundle/Earrings Bundle P2/SVG/Earring  (391).svg,MISSING
02981,Accessories Designs,Earrings Bundle,Earring  (392),,9. Accessories Designs/Earrings Bundle/Earrings Bundle P2/SVG/Earring  (392).svg,MISSING
02982,Accessories Designs,Earrings Bundle,Earring  (393),,9. Accessories Designs/Earrings Bundle/Earrings Bundle P2/SVG/Earring  (393).svg,MISSING
02983,Accessories Designs,Earrings Bundle,Earring  (394),,9. Accessories Designs/Earrings Bundle/Earrings Bundle P2/SVG/Earring  (394).svg,MISSING
02984,Accessories Designs,Earrings Bundle,Earring  (395),,9. Accessories Designs/Earrings Bundle/Earrings Bundle P2/SVG/Earring  (395).svg,MISSING
02985,Accessories Designs,Earrings Bundle,Earring  (396),,9. Accessories Designs/Earrings Bundle/Earrings Bundle P2/SVG/Earring  (396).svg,MISSING
02986,Accessories Designs,Earrings Bundle,Earring  (397),,9. Accessories Designs/Earrings Bundle/Earrings Bundle P2/SVG/Earring  (397).svg,MISSING
02987,Accessories Designs,Earrings Bundle,Earring  (398),,9. Accessories Designs/Earrings Bundle/Earrings Bundle P2/SVG/Earring  (398).svg,MISSING
02988,Accessories Designs,Earrings Bundle,Earring  (399),,9. Accessories Designs/Earrings Bundle/Earrings Bundle P2/SVG/Earring  (399).svg,MISSING
02989,Accessories Designs,Earrings Bundle,Earring  (4),,9. Accessories Designs/Earrings Bundle/Earrings Bundle P2/SVG/Earring  (4).svg,MISSING
02990,Accessories Designs,Earrings Bundle,Earring  (40),,9. Accessories Designs/Earrings Bundle/Earrings Bundle P2/SVG/Earring  (40).svg,9. Accessories Designs/Earrings Bundle/Earrings Bundle P2/PNG/Earring  (40).png
02991,Accessories Designs,Earrings Bundle,Earring  (400),,9. Accessories Designs/Earrings Bundle/Earrings Bundle P2/SVG/Earring  (400).svg,MISSING
02992,Accessories Designs,Earrings Bundle,Earring  (401),,9. Accessories Designs/Earrings Bundle/Earrings Bundle P2/SVG/Earring  (401).svg,MISSING
02993,Accessories Designs,Earrings Bundle,Earring  (402),,9. Accessories Designs/Earrings Bundle/Earrings Bundle P2/SVG/Earring  (402).svg,MISSING
02994,Accessories Designs,Earrings Bundle,Earring  (403),,9. Accessories Designs/Earrings Bundle/Earrings Bundle P2/SVG/Earring  (403).svg,MISSING
02995,Accessories Designs,Earrings Bundle,Earring  (404),,9. Accessories Designs/Earrings Bundle/Earrings Bundle P2/SVG/Earring  (404).svg,MISSING
02996,Accessories Designs,Earrings Bundle,Earring  (405),,9. Accessories Designs/Earrings Bundle/Earrings Bundle P2/SVG/Earring  (405).svg,MISSING
02997,Accessories Designs,Earrings Bundle,Earring  (406),,9. Accessories Designs/Earrings Bundle/Earrings Bundle P2/SVG/Earring  (406).svg,MISSING
02998,Accessories Designs,Earrings Bundle,Earring  (407),,9. Accessories Designs/Earrings Bundle/Earrings Bundle P2/SVG/Earring  (407).svg,MISSING
02999,Accessories Designs,Earrings Bundle,Earring  (408),,9. Accessories Designs/Earrings Bundle/Earrings Bundle P2/SVG/Earring  (408).svg,MISSING
03000,Accessories Designs,Earrings Bundle,Earring  (409),,9. Accessories Designs/Earrings Bundle/Earrings Bundle P2/SVG/Earring  (409).svg,MISSING
03001,Accessories Designs,Earrings Bundle,Earring  (41),,9. Accessories Designs/Earrings Bundle/Earrings Bundle P2/SVG/Earring  (41).svg,MISSING
03002,Accessories Designs,Earrings Bundle,Earring  (410),,9. Accessories Designs/Earrings Bundle/Earrings Bundle P2/SVG/Earring  (410).svg,MISSING
03003,Accessories Designs,Earrings Bundle,Earring  (411),,9. Accessories Designs/Earrings Bundle/Earrings Bundle P2/SVG/Earring  (411).svg,MISSING
03004,Accessories Designs,Earrings Bundle,Earring  (412),,9. Accessories Designs/Earrings Bundle/Earrings Bundle P2/SVG/Earring  (412).svg,MISSING
03005,Accessories Designs,Earrings Bundle,Earring  (413),,9. Accessories Designs/Earrings Bundle/Earrings Bundle P2/SVG/Earring  (413).svg,MISSING
03006,Accessories Designs,Earrings Bundle,Earring  (414),,9. Accessories Designs/Earrings Bundle/Earrings Bundle P2/SVG/Earring  (414).svg,MISSING
03007,Accessories Designs,Earrings Bundle,Earring  (415),,9. Accessories Designs/Earrings Bundle/Earrings Bundle P2/SVG/Earring  (415).svg,MISSING
03008,Accessories Designs,Earrings Bundle,Earring  (416),,9. Accessories Designs/Earrings Bundle/Earrings Bundle P2/SVG/Earring  (416).svg,MISSING
03009,Accessories Designs,Earrings Bundle,Earring  (417),,9. Accessories Designs/Earrings Bundle/Earrings Bundle P2/SVG/Earring  (417).svg,MISSING
03010,Accessories Designs,Earrings Bundle,Earring  (418),,9. Accessories Designs/Earrings Bundle/Earrings Bundle P2/SVG/Earring  (418).svg,MISSING
03011,Accessories Designs,Earrings Bundle,Earring  (419),,9. Accessories Designs/Earrings Bundle/Earrings Bundle P2/SVG/Earring  (419).svg,MISSING
03012,Accessories Designs,Earrings Bundle,Earring  (42),,9. Accessories Designs/Earrings Bundle/Earrings Bundle P2/SVG/Earring  (42).svg,9. Accessories Designs/Earrings Bundle/Earrings Bundle P2/PNG/Earring  (42).png
03013,Accessories Designs,Earrings Bundle,Earring  (420),,9. Accessories Designs/Earrings Bundle/Earrings Bundle P2/SVG/Earring  (420).svg,MISSING
03014,Accessories Designs,Earrings Bundle,Earring  (421),,9. Accessories Designs/Earrings Bundle/Earrings Bundle P2/SVG/Earring  (421).svg,MISSING
03015,Accessories Designs,Earrings Bundle,Earring  (422),,9. Accessories Designs/Earrings Bundle/Earrings Bundle P2/SVG/Earring  (422).svg,MISSING
03016,Accessories Designs,Earrings Bundle,Earring  (423),,9. Accessories Designs/Earrings Bundle/Earrings Bundle P2/SVG/Earring  (423).svg,MISSING
03017,Accessories Designs,Earrings Bundle,Earring  (424),,9. Accessories Designs/Earrings Bundle/Earrings Bundle P2/SVG/Earring  (424).svg,MISSING
03018,Accessories Designs,Earrings Bundle,Earring  (425),,9. Accessories Designs/Earrings Bundle/Earrings Bundle P2/SVG/Earring  (425).svg,MISSING
03019,Accessories Designs,Earrings Bundle,Earring  (426),,9. Accessories Designs/Earrings Bundle/Earrings Bundle P2/SVG/Earring  (426).svg,MISSING
03020,Accessories Designs,Earrings Bundle,Earring  (427),,9. Accessories Designs/Earrings Bundle/Earrings Bundle P2/SVG/Earring  (427).svg,MISSING
03021,Accessories Designs,Earrings Bundle,Earring  (428),,9. Accessories Designs/Earrings Bundle/Earrings Bundle P2/SVG/Earring  (428).svg,MISSING
03022,Accessories Designs,Earrings Bundle,Earring  (429),,9. Accessories Designs/Earrings Bundle/Earrings Bundle P2/SVG/Earring  (429).svg,MISSING
03023,Accessories Designs,Earrings Bundle,Earring  (43),,9. Accessories Designs/Earrings Bundle/Earrings Bundle P2/SVG/Earring  (43).svg,9. Accessories Designs/Earrings Bundle/Earrings Bundle P2/PNG/Earring  (43).png
03024,Accessories Designs,Earrings Bundle,Earring  (430),,9. Accessories Designs/Earrings Bundle/Earrings Bundle P2/SVG/Earring  (430).svg,MISSING
03025,Accessories Designs,Earrings Bundle,Earring  (431),,9. Accessories Designs/Earrings Bundle/Earrings Bundle P2/SVG/Earring  (431).svg,MISSING
03026,Accessories Designs,Earrings Bundle,Earring  (432),,9. Accessories Designs/Earrings Bundle/Earrings Bundle P2/SVG/Earring  (432).svg,MISSING
03027,Accessories Designs,Earrings Bundle,Earring  (433),,9. Accessories Designs/Earrings Bundle/Earrings Bundle P2/SVG/Earring  (433).svg,MISSING
03028,Accessories Designs,Earrings Bundle,Earring  (434),,9. Accessories Designs/Earrings Bundle/Earrings Bundle P2/SVG/Earring  (434).svg,MISSING
03029,Accessories Designs,Earrings Bundle,Earring  (435),,9. Accessories Designs/Earrings Bundle/Earrings Bundle P2/SVG/Earring  (435).svg,MISSING
03030,Accessories Designs,Earrings Bundle,Earring  (436),,9. Accessories Designs/Earrings Bundle/Earrings Bundle P2/SVG/Earring  (436).svg,MISSING
03031,Accessories Designs,Earrings Bundle,Earring  (437),,9. Accessories Designs/Earrings Bundle/Earrings Bundle P2/SVG/Earring  (437).svg,MISSING
03032,Accessories Designs,Earrings Bundle,Earring  (438),,9. Accessories Designs/Earrings Bundle/Earrings Bundle P2/SVG/Earring  (438).svg,MISSING
03033,Accessories Designs,Earrings Bundle,Earring  (439),,9. Accessories Designs/Earrings Bundle/Earrings Bundle P2/SVG/Earring  (439).svg,MISSING
03034,Accessories Designs,Earrings Bundle,Earring  (44),,9. Accessories Designs/Earrings Bundle/Earrings Bundle P2/SVG/Earring  (44).svg,MISSING
03035,Accessories Designs,Earrings Bundle,Earring  (440),,9. Accessories Designs/Earrings Bundle/Earrings Bundle P2/SVG/Earring  (440).svg,MISSING
03036,Accessories Designs,Earrings Bundle,Earring  (441),,9. Accessories Designs/Earrings Bundle/Earrings Bundle P2/SVG/Earring  (441).svg,MISSING
03037,Accessories Designs,Earrings Bundle,Earring  (442),,9. Accessories Designs/Earrings Bundle/Earrings Bundle P2/SVG/Earring  (442).svg,MISSING
03038,Accessories Designs,Earrings Bundle,Earring  (443),,9. Accessories Designs/Earrings Bundle/Earrings Bundle P2/SVG/Earring  (443).svg,MISSING
03039,Accessories Designs,Earrings Bundle,Earring  (444),,9. Accessories Designs/Earrings Bundle/Earrings Bundle P2/SVG/Earring  (444).svg,MISSING
03040,Accessories Designs,Earrings Bundle,Earring  (445),,9. Accessories Designs/Earrings Bundle/Earrings Bundle P2/SVG/Earring  (445).svg,MISSING
03041,Accessories Designs,Earrings Bundle,Earring  (446),,9. Accessories Designs/Earrings Bundle/Earrings Bundle P2/SVG/Earring  (446).svg,MISSING
03042,Accessories Designs,Earrings Bundle,Earring  (447),,9. Accessories Designs/Earrings Bundle/Earrings Bundle P2/SVG/Earring  (447).svg,MISSING
03043,Accessories Designs,Earrings Bundle,Earring  (448),,9. Accessories Designs/Earrings Bundle/Earrings Bundle P2/SVG/Earring  (448).svg,MISSING
03044,Accessories Designs,Earrings Bundle,Earring  (449),,9. Accessories Designs/Earrings Bundle/Earrings Bundle P2/SVG/Earring  (449).svg,MISSING
03045,Accessories Designs,Earrings Bundle,Earring  (45),,9. Accessories Designs/Earrings Bundle/Earrings Bundle P2/SVG/Earring  (45).svg,9. Accessories Designs/Earrings Bundle/Earrings Bundle P2/PNG/Earring  (45).png
03046,Accessories Designs,Earrings Bundle,Earring  (450),,9. Accessories Designs/Earrings Bundle/Earrings Bundle P2/SVG/Earring  (450).svg,MISSING
03047,Accessories Designs,Earrings Bundle,Earring  (451),,9. Accessories Designs/Earrings Bundle/Earrings Bundle P2/SVG/Earring  (451).svg,9. Accessories Designs/Earrings Bundle/Earrings Bundle P2/PNG/Earring  (451).png
03048,Accessories Designs,Earrings Bundle,Earring  (452),,9. Accessories Designs/Earrings Bundle/Earrings Bundle P2/SVG/Earring  (452).svg,9. Accessories Designs/Earrings Bundle/Earrings Bundle P2/PNG/Earring  (452).png
03049,Accessories Designs,Earrings Bundle,Earring  (453),,9. Accessories Designs/Earrings Bundle/Earrings Bundle P2/SVG/Earring  (453).svg,9. Accessories Designs/Earrings Bundle/Earrings Bundle P2/PNG/Earring  (453).png
03050,Accessories Designs,Earrings Bundle,Earring  (454),,9. Accessories Designs/Earrings Bundle/Earrings Bundle P2/SVG/Earring  (454).svg,9. Accessories Designs/Earrings Bundle/Earrings Bundle P2/PNG/Earring  (454).png
03051,Accessories Designs,Earrings Bundle,Earring  (455),,9. Accessories Designs/Earrings Bundle/Earrings Bundle P2/SVG/Earring  (455).svg,9. Accessories Designs/Earrings Bundle/Earrings Bundle P2/PNG/Earring  (455).png
03052,Accessories Designs,Earrings Bundle,Earring  (456),,9. Accessories Designs/Earrings Bundle/Earrings Bundle P2/SVG/Earring  (456).svg,9. Accessories Designs/Earrings Bundle/Earrings Bundle P2/PNG/Earring  (456).png
03053,Accessories Designs,Earrings Bundle,Earring  (457),,9. Accessories Designs/Earrings Bundle/Earrings Bundle P2/SVG/Earring  (457).svg,MISSING
03054,Accessories Designs,Earrings Bundle,Earring  (458),,9. Accessories Designs/Earrings Bundle/Earrings Bundle P2/SVG/Earring  (458).svg,MISSING
03055,Accessories Designs,Earrings Bundle,Earring  (459),,9. Accessories Designs/Earrings Bundle/Earrings Bundle P2/SVG/Earring  (459).svg,9. Accessories Designs/Earrings Bundle/Earrings Bundle P2/PNG/Earring  (459).png
03056,Accessories Designs,Earrings Bundle,Earring  (46),,9. Accessories Designs/Earrings Bundle/Earrings Bundle P2/SVG/Earring  (46).svg,MISSING
03057,Accessories Designs,Earrings Bundle,Earring  (460),,9. Accessories Designs/Earrings Bundle/Earrings Bundle P2/SVG/Earring  (460).svg,9. Accessories Designs/Earrings Bundle/Earrings Bundle P2/PNG/Earring  (460).png
03058,Accessories Designs,Earrings Bundle,Earring  (461),,9. Accessories Designs/Earrings Bundle/Earrings Bundle P2/SVG/Earring  (461).svg,9. Accessories Designs/Earrings Bundle/Earrings Bundle P2/PNG/Earring  (461).png
03059,Accessories Designs,Earrings Bundle,Earring  (462),,9. Accessories Designs/Earrings Bundle/Earrings Bundle P2/SVG/Earring  (462).svg,9. Accessories Designs/Earrings Bundle/Earrings Bundle P2/PNG/Earring  (462).png
03060,Accessories Designs,Earrings Bundle,Earring  (463),,9. Accessories Designs/Earrings Bundle/Earrings Bundle P2/SVG/Earring  (463).svg,MISSING
03061,Accessories Designs,Earrings Bundle,Earring  (464),,9. Accessories Designs/Earrings Bundle/Earrings Bundle P2/SVG/Earring  (464).svg,9. Accessories Designs/Earrings Bundle/Earrings Bundle P2/PNG/Earring  (464).png
03062,Accessories Designs,Earrings Bundle,Earring  (465),,9. Accessories Designs/Earrings Bundle/Earrings Bundle P2/SVG/Earring  (465).svg,MISSING
03063,Accessories Designs,Earrings Bundle,Earring  (466),,9. Accessories Designs/Earrings Bundle/Earrings Bundle P2/SVG/Earring  (466).svg,MISSING
03064,Accessories Designs,Earrings Bundle,Earring  (467),,9. Accessories Designs/Earrings Bundle/Earrings Bundle P2/SVG/Earring  (467).svg,MISSING
03065,Accessories Designs,Earrings Bundle,Earring  (468),,9. Accessories Designs/Earrings Bundle/Earrings Bundle P2/SVG/Earring  (468).svg,9. Accessories Designs/Earrings Bundle/Earrings Bundle P2/PNG/Earring  (468).png
03066,Accessories Designs,Earrings Bundle,Earring  (469),,9. Accessories Designs/Earrings Bundle/Earrings Bundle P2/SVG/Earring  (469).svg,MISSING
03067,Accessories Designs,Earrings Bundle,Earring  (47),,9. Accessories Designs/Earrings Bundle/Earrings Bundle P2/SVG/Earring  (47).svg,MISSING
03068,Accessories Designs,Earrings Bundle,Earring  (470),,9. Accessories Designs/Earrings Bundle/Earrings Bundle P2/SVG/Earring  (470).svg,9. Accessories Designs/Earrings Bundle/Earrings Bundle P2/PNG/Earring  (470).png
03069,Accessories Designs,Earrings Bundle,Earring  (471),,9. Accessories Designs/Earrings Bundle/Earrings Bundle P2/SVG/Earring  (471).svg,9. Accessories Designs/Earrings Bundle/Earrings Bundle P2/PNG/Earring  (471).png
03070,Accessories Designs,Earrings Bundle,Earring  (472),,9. Accessories Designs/Earrings Bundle/Earrings Bundle P2/SVG/Earring  (472).svg,MISSING
03071,Accessories Designs,Earrings Bundle,Earring  (473),,9. Accessories Designs/Earrings Bundle/Earrings Bundle P2/SVG/Earring  (473).svg,MISSING
03072,Accessories Designs,Earrings Bundle,Earring  (474),,9. Accessories Designs/Earrings Bundle/Earrings Bundle P2/SVG/Earring  (474).svg,MISSING
03073,Accessories Designs,Earrings Bundle,Earring  (475),,9. Accessories Designs/Earrings Bundle/Earrings Bundle P2/SVG/Earring  (475).svg,MISSING
03074,Accessories Designs,Earrings Bundle,Earring  (476),,9. Accessories Designs/Earrings Bundle/Earrings Bundle P2/SVG/Earring  (476).svg,9. Accessories Designs/Earrings Bundle/Earrings Bundle P2/PNG/Earring  (476).png
03075,Accessories Designs,Earrings Bundle,Earring  (477),,9. Accessories Designs/Earrings Bundle/Earrings Bundle P2/SVG/Earring  (477).svg,MISSING
03076,Accessories Designs,Earrings Bundle,Earring  (478),,9. Accessories Designs/Earrings Bundle/Earrings Bundle P2/SVG/Earring  (478).svg,9. Accessories Designs/Earrings Bundle/Earrings Bundle P2/PNG/Earring  (478).png
03077,Accessories Designs,Earrings Bundle,Earring  (479),,9. Accessories Designs/Earrings Bundle/Earrings Bundle P2/SVG/Earring  (479).svg,9. Accessories Designs/Earrings Bundle/Earrings Bundle P2/PNG/Earring  (479).png
03078,Accessories Designs,Earrings Bundle,Earring  (48),,9. Accessories Designs/Earrings Bundle/Earrings Bundle P2/SVG/Earring  (48).svg,9. Accessories Designs/Earrings Bundle/Earrings Bundle P2/PNG/Earring  (48).png
03079,Accessories Designs,Earrings Bundle,Earring  (480),,9. Accessories Designs/Earrings Bundle/Earrings Bundle P2/SVG/Earring  (480).svg,9. Accessories Designs/Earrings Bundle/Earrings Bundle P2/PNG/Earring  (480).png
03080,Accessories Designs,Earrings Bundle,Earring  (481),,9. Accessories Designs/Earrings Bundle/Earrings Bundle P2/SVG/Earring  (481).svg,9. Accessories Designs/Earrings Bundle/Earrings Bundle P2/PNG/Earring  (481).png
03081,Accessories Designs,Earrings Bundle,Earring  (482),,9. Accessories Designs/Earrings Bundle/Earrings Bundle P2/SVG/Earring  (482).svg,9. Accessories Designs/Earrings Bundle/Earrings Bundle P2/PNG/Earring  (482).png
03082,Accessories Designs,Earrings Bundle,Earring  (483),,9. Accessories Designs/Earrings Bundle/Earrings Bundle P2/SVG/Earring  (483).svg,MISSING
03083,Accessories Designs,Earrings Bundle,Earring  (484),,9. Accessories Designs/Earrings Bundle/Earrings Bundle P2/SVG/Earring  (484).svg,9. Accessories Designs/Earrings Bundle/Earrings Bundle P2/PNG/Earring  (484).png
03084,Accessories Designs,Earrings Bundle,Earring  (485),,9. Accessories Designs/Earrings Bundle/Earrings Bundle P2/SVG/Earring  (485).svg,MISSING
03085,Accessories Designs,Earrings Bundle,Earring  (486),,9. Accessories Designs/Earrings Bundle/Earrings Bundle P2/SVG/Earring  (486).svg,MISSING
03086,Accessories Designs,Earrings Bundle,Earring  (487),,9. Accessories Designs/Earrings Bundle/Earrings Bundle P2/SVG/Earring  (487).svg,MISSING
03087,Accessories Designs,Earrings Bundle,Earring  (488),,9. Accessories Designs/Earrings Bundle/Earrings Bundle P2/SVG/Earring  (488).svg,MISSING
03088,Accessories Designs,Earrings Bundle,Earring  (489),,9. Accessories Designs/Earrings Bundle/Earrings Bundle P2/SVG/Earring  (489).svg,MISSING
03089,Accessories Designs,Earrings Bundle,Earring  (49),,9. Accessories Designs/Earrings Bundle/Earrings Bundle P2/SVG/Earring  (49).svg,MISSING
03090,Accessories Designs,Earrings Bundle,Earring  (490),,9. Accessories Designs/Earrings Bundle/Earrings Bundle P2/SVG/Earring  (490).svg,MISSING
03091,Accessories Designs,Earrings Bundle,Earring  (491),,9. Accessories Designs/Earrings Bundle/Earrings Bundle P2/SVG/Earring  (491).svg,MISSING
03092,Accessories Designs,Earrings Bundle,Earring  (492),,9. Accessories Designs/Earrings Bundle/Earrings Bundle P2/SVG/Earring  (492).svg,MISSING
03093,Accessories Designs,Earrings Bundle,Earring  (493),,9. Accessories Designs/Earrings Bundle/Earrings Bundle P2/SVG/Earring  (493).svg,MISSING
03094,Accessories Designs,Earrings Bundle,Earring  (494),,9. Accessories Designs/Earrings Bundle/Earrings Bundle P2/SVG/Earring  (494).svg,MISSING
03095,Accessories Designs,Earrings Bundle,Earring  (495),,9. Accessories Designs/Earrings Bundle/Earrings Bundle P2/SVG/Earring  (495).svg,MISSING
03096,Accessories Designs,Earrings Bundle,Earring  (496),,9. Accessories Designs/Earrings Bundle/Earrings Bundle P2/SVG/Earring  (496).svg,MISSING
03097,Accessories Designs,Earrings Bundle,Earring  (497),,9. Accessories Designs/Earrings Bundle/Earrings Bundle P2/SVG/Earring  (497).svg,MISSING
03098,Accessories Designs,Earrings Bundle,Earring  (498),,9. Accessories Designs/Earrings Bundle/Earrings Bundle P2/SVG/Earring  (498).svg,MISSING
03099,Accessories Designs,Earrings Bundle,Earring  (499),,9. Accessories Designs/Earrings Bundle/Earrings Bundle P2/SVG/Earring  (499).svg,MISSING
03100,Accessories Designs,Earrings Bundle,Earring  (5),,9. Accessories Designs/Earrings Bundle/Earrings Bundle P2/SVG/Earring  (5).svg,MISSING
03101,Accessories Designs,Earrings Bundle,Earring  (50),,9. Accessories Designs/Earrings Bundle/Earrings Bundle P2/SVG/Earring  (50).svg,MISSING
03102,Accessories Designs,Earrings Bundle,Earring  (500),,9. Accessories Designs/Earrings Bundle/Earrings Bundle P2/SVG/Earring  (500).svg,9. Accessories Designs/Earrings Bundle/Earrings Bundle P2/PNG/Earring  (500).png
03103,Accessories Designs,Earrings Bundle,Earring  (501),,9. Accessories Designs/Earrings Bundle/Earrings Bundle P2/SVG/Earring  (501).svg,MISSING
03104,Accessories Designs,Earrings Bundle,Earring  (502),,9. Accessories Designs/Earrings Bundle/Earrings Bundle P2/SVG/Earring  (502).svg,MISSING
03105,Accessories Designs,Earrings Bundle,Earring  (503),,9. Accessories Designs/Earrings Bundle/Earrings Bundle P2/SVG/Earring  (503).svg,MISSING
03106,Accessories Designs,Earrings Bundle,Earring  (504),,9. Accessories Designs/Earrings Bundle/Earrings Bundle P2/SVG/Earring  (504).svg,MISSING
03107,Accessories Designs,Earrings Bundle,Earring  (505),,9. Accessories Designs/Earrings Bundle/Earrings Bundle P2/SVG/Earring  (505).svg,9. Accessories Designs/Earrings Bundle/Earrings Bundle P2/PNG/Earring  (505).png
03108,Accessories Designs,Earrings Bundle,Earring  (506),,9. Accessories Designs/Earrings Bundle/Earrings Bundle P2/SVG/Earring  (506).svg,MISSING
03109,Accessories Designs,Earrings Bundle,Earring  (507),,9. Accessories Designs/Earrings Bundle/Earrings Bundle P2/SVG/Earring  (507).svg,9. Accessories Designs/Earrings Bundle/Earrings Bundle P2/PNG/Earring  (507).png
03110,Accessories Designs,Earrings Bundle,Earring  (508),,9. Accessories Designs/Earrings Bundle/Earrings Bundle P2/SVG/Earring  (508).svg,MISSING
03111,Accessories Designs,Earrings Bundle,Earring  (509),,9. Accessories Designs/Earrings Bundle/Earrings Bundle P2/SVG/Earring  (509).svg,MISSING
03112,Accessories Designs,Earrings Bundle,Earring  (51),,9. Accessories Designs/Earrings Bundle/Earrings Bundle P2/SVG/Earring  (51).svg,MISSING
03113,Accessories Designs,Earrings Bundle,Earring  (510),,9. Accessories Designs/Earrings Bundle/Earrings Bundle P2/SVG/Earring  (510).svg,9. Accessories Designs/Earrings Bundle/Earrings Bundle P2/PNG/Earring  (510).png
03114,Accessories Designs,Earrings Bundle,Earring  (511),,9. Accessories Designs/Earrings Bundle/Earrings Bundle P2/SVG/Earring  (511).svg,9. Accessories Designs/Earrings Bundle/Earrings Bundle P2/PNG/Earring  (511).png
03115,Accessories Designs,Earrings Bundle,Earring  (512),,9. Accessories Designs/Earrings Bundle/Earrings Bundle P2/SVG/Earring  (512).svg,9. Accessories Designs/Earrings Bundle/Earrings Bundle P2/PNG/Earring  (512).png
03116,Accessories Designs,Earrings Bundle,Earring  (513),,9. Accessories Designs/Earrings Bundle/Earrings Bundle P2/SVG/Earring  (513).svg,9. Accessories Designs/Earrings Bundle/Earrings Bundle P2/PNG/Earring  (513).png
03117,Accessories Designs,Earrings Bundle,Earring  (514),,9. Accessories Designs/Earrings Bundle/Earrings Bundle P2/SVG/Earring  (514).svg,MISSING
03118,Accessories Designs,Earrings Bundle,Earring  (515),,9. Accessories Designs/Earrings Bundle/Earrings Bundle P2/SVG/Earring  (515).svg,MISSING
03119,Accessories Designs,Earrings Bundle,Earring  (516),,9. Accessories Designs/Earrings Bundle/Earrings Bundle P2/SVG/Earring  (516).svg,MISSING
03120,Accessories Designs,Earrings Bundle,Earring  (517),,9. Accessories Designs/Earrings Bundle/Earrings Bundle P2/SVG/Earring  (517).svg,9. Accessories Designs/Earrings Bundle/Earrings Bundle P2/PNG/Earring  (517).png
03121,Accessories Designs,Earrings Bundle,Earring  (518),,9. Accessories Designs/Earrings Bundle/Earrings Bundle P2/SVG/Earring  (518).svg,9. Accessories Designs/Earrings Bundle/Earrings Bundle P2/PNG/Earring  (518).png
03122,Accessories Designs,Earrings Bundle,Earring  (519),,9. Accessories Designs/Earrings Bundle/Earrings Bundle P2/SVG/Earring  (519).svg,9. Accessories Designs/Earrings Bundle/Earrings Bundle P2/PNG/Earring  (519).png
03123,Accessories Designs,Earrings Bundle,Earring  (52),,9. Accessories Designs/Earrings Bundle/Earrings Bundle P2/SVG/Earring  (52).svg,9. Accessories Designs/Earrings Bundle/Earrings Bundle P2/PNG/Earring  (52).png
03124,Accessories Designs,Earrings Bundle,Earring  (520),,9. Accessories Designs/Earrings Bundle/Earrings Bundle P2/SVG/Earring  (520).svg,MISSING
03125,Accessories Designs,Earrings Bundle,Earring  (521),,9. Accessories Designs/Earrings Bundle/Earrings Bundle P2/SVG/Earring  (521).svg,9. Accessories Designs/Earrings Bundle/Earrings Bundle P2/PNG/Earring  (521).png
03126,Accessories Designs,Earrings Bundle,Earring  (522),,9. Accessories Designs/Earrings Bundle/Earrings Bundle P2/SVG/Earring  (522).svg,MISSING
03127,Accessories Designs,Earrings Bundle,Earring  (523),,9. Accessories Designs/Earrings Bundle/Earrings Bundle P2/SVG/Earring  (523).svg,MISSING
03128,Accessories Designs,Earrings Bundle,Earring  (524),,9. Accessories Designs/Earrings Bundle/Earrings Bundle P2/SVG/Earring  (524).svg,MISSING
03129,Accessories Designs,Earrings Bundle,Earring  (525),,9. Accessories Designs/Earrings Bundle/Earrings Bundle P2/SVG/Earring  (525).svg,9. Accessories Designs/Earrings Bundle/Earrings Bundle P2/PNG/Earring  (525).png
03130,Accessories Designs,Earrings Bundle,Earring  (526),,9. Accessories Designs/Earrings Bundle/Earrings Bundle P2/SVG/Earring  (526).svg,9. Accessories Designs/Earrings Bundle/Earrings Bundle P2/PNG/Earring  (526).png
03131,Accessories Designs,Earrings Bundle,Earring  (527),,9. Accessories Designs/Earrings Bundle/Earrings Bundle P2/SVG/Earring  (527).svg,9. Accessories Designs/Earrings Bundle/Earrings Bundle P2/PNG/Earring  (527).png
03132,Accessories Designs,Earrings Bundle,Earring  (528),,9. Accessories Designs/Earrings Bundle/Earrings Bundle P2/SVG/Earring  (528).svg,9. Accessories Designs/Earrings Bundle/Earrings Bundle P2/PNG/Earring  (528).png
03133,Accessories Designs,Earrings Bundle,Earring  (529),,9. Accessories Designs/Earrings Bundle/Earrings Bundle P2/SVG/Earring  (529).svg,MISSING
03134,Accessories Designs,Earrings Bundle,Earring  (53),,9. Accessories Designs/Earrings Bundle/Earrings Bundle P2/SVG/Earring  (53).svg,MISSING
03135,Accessories Designs,Earrings Bundle,Earring  (530),,9. Accessories Designs/Earrings Bundle/Earrings Bundle P2/SVG/Earring  (530).svg,9. Accessories Designs/Earrings Bundle/Earrings Bundle P2/PNG/Earring  (530).png
03136,Accessories Designs,Earrings Bundle,Earring  (531),,9. Accessories Designs/Earrings Bundle/Earrings Bundle P2/SVG/Earring  (531).svg,9. Accessories Designs/Earrings Bundle/Earrings Bundle P2/PNG/Earring  (531).png
03137,Accessories Designs,Earrings Bundle,Earring  (532),,9. Accessories Designs/Earrings Bundle/Earrings Bundle P2/SVG/Earring  (532).svg,9. Accessories Designs/Earrings Bundle/Earrings Bundle P2/PNG/Earring  (532).png
03138,Accessories Designs,Earrings Bundle,Earring  (533),,9. Accessories Designs/Earrings Bundle/Earrings Bundle P2/SVG/Earring  (533).svg,MISSING
03139,Accessories Designs,Earrings Bundle,Earring  (534),,9. Accessories Designs/Earrings Bundle/Earrings Bundle P2/SVG/Earring  (534).svg,9. Accessories Designs/Earrings Bundle/Earrings Bundle P2/PNG/Earring  (534).png
03140,Accessories Designs,Earrings Bundle,Earring  (535),,9. Accessories Designs/Earrings Bundle/Earrings Bundle P2/SVG/Earring  (535).svg,9. Accessories Designs/Earrings Bundle/Earrings Bundle P2/PNG/Earring  (535).png
03141,Accessories Designs,Earrings Bundle,Earring  (536),,9. Accessories Designs/Earrings Bundle/Earrings Bundle P2/SVG/Earring  (536).svg,MISSING
03142,Accessories Designs,Earrings Bundle,Earring  (537),,9. Accessories Designs/Earrings Bundle/Earrings Bundle P2/SVG/Earring  (537).svg,MISSING
03143,Accessories Designs,Earrings Bundle,Earring  (538),,9. Accessories Designs/Earrings Bundle/Earrings Bundle P2/SVG/Earring  (538).svg,MISSING
03144,Accessories Designs,Earrings Bundle,Earring  (539),,9. Accessories Designs/Earrings Bundle/Earrings Bundle P2/SVG/Earring  (539).svg,MISSING
03145,Accessories Designs,Earrings Bundle,Earring  (54),,9. Accessories Designs/Earrings Bundle/Earrings Bundle P2/SVG/Earring  (54).svg,9. Accessories Designs/Earrings Bundle/Earrings Bundle P2/PNG/Earring  (54).png
03146,Accessories Designs,Earrings Bundle,Earring  (540),,9. Accessories Designs/Earrings Bundle/Earrings Bundle P2/SVG/Earring  (540).svg,MISSING
03147,Accessories Designs,Earrings Bundle,Earring  (541),,9. Accessories Designs/Earrings Bundle/Earrings Bundle P2/SVG/Earring  (541).svg,MISSING
03148,Accessories Designs,Earrings Bundle,Earring  (542),,9. Accessories Designs/Earrings Bundle/Earrings Bundle P2/SVG/Earring  (542).svg,9. Accessories Designs/Earrings Bundle/Earrings Bundle P2/PNG/Earring  (542).png
03149,Accessories Designs,Earrings Bundle,Earring  (543),,9. Accessories Designs/Earrings Bundle/Earrings Bundle P2/SVG/Earring  (543).svg,9. Accessories Designs/Earrings Bundle/Earrings Bundle P2/PNG/Earring  (543).png
03150,Accessories Designs,Earrings Bundle,Earring  (544),,9. Accessories Designs/Earrings Bundle/Earrings Bundle P2/SVG/Earring  (544).svg,9. Accessories Designs/Earrings Bundle/Earrings Bundle P2/PNG/Earring  (544).png
03151,Accessories Designs,Earrings Bundle,Earring  (545),,9. Accessories Designs/Earrings Bundle/Earrings Bundle P2/SVG/Earring  (545).svg,9. Accessories Designs/Earrings Bundle/Earrings Bundle P2/PNG/Earring  (545).png
03152,Accessories Designs,Earrings Bundle,Earring  (546),,9. Accessories Designs/Earrings Bundle/Earrings Bundle P2/SVG/Earring  (546).svg,MISSING
03153,Accessories Designs,Earrings Bundle,Earring  (547),,9. Accessories Designs/Earrings Bundle/Earrings Bundle P2/SVG/Earring  (547).svg,9. Accessories Designs/Earrings Bundle/Earrings Bundle P2/PNG/Earring  (547).png
03154,Accessories Designs,Earrings Bundle,Earring  (548),,9. Accessories Designs/Earrings Bundle/Earrings Bundle P2/SVG/Earring  (548).svg,9. Accessories Designs/Earrings Bundle/Earrings Bundle P2/PNG/Earring  (548).png
03155,Accessories Designs,Earrings Bundle,Earring  (549),,9. Accessories Designs/Earrings Bundle/Earrings Bundle P2/SVG/Earring  (549).svg,9. Accessories Designs/Earrings Bundle/Earrings Bundle P2/PNG/Earring  (549).png
03156,Accessories Designs,Earrings Bundle,Earring  (55),,9. Accessories Designs/Earrings Bundle/Earrings Bundle P2/SVG/Earring  (55).svg,MISSING
03157,Accessories Designs,Earrings Bundle,Earring  (550),,9. Accessories Designs/Earrings Bundle/Earrings Bundle P2/SVG/Earring  (550).svg,9. Accessories Designs/Earrings Bundle/Earrings Bundle P2/PNG/Earring  (550).png
03158,Accessories Designs,Earrings Bundle,Earring  (551),,9. Accessories Designs/Earrings Bundle/Earrings Bundle P2/SVG/Earring  (551).svg,MISSING
03159,Accessories Designs,Earrings Bundle,Earring  (552),,9. Accessories Designs/Earrings Bundle/Earrings Bundle P2/SVG/Earring  (552).svg,MISSING
03160,Accessories Designs,Earrings Bundle,Earring  (553),,9. Accessories Designs/Earrings Bundle/Earrings Bundle P2/SVG/Earring  (553).svg,9. Accessories Designs/Earrings Bundle/Earrings Bundle P2/PNG/Earring  (553).png
03161,Accessories Designs,Earrings Bundle,Earring  (554),,9. Accessories Designs/Earrings Bundle/Earrings Bundle P2/SVG/Earring  (554).svg,9. Accessories Designs/Earrings Bundle/Earrings Bundle P2/PNG/Earring  (554).png
03162,Accessories Designs,Earrings Bundle,Earring  (555),,9. Accessories Designs/Earrings Bundle/Earrings Bundle P2/SVG/Earring  (555).svg,9. Accessories Designs/Earrings Bundle/Earrings Bundle P2/PNG/Earring  (555).png
03163,Accessories Designs,Earrings Bundle,Earring  (556),,9. Accessories Designs/Earrings Bundle/Earrings Bundle P2/SVG/Earring  (556).svg,9. Accessories Designs/Earrings Bundle/Earrings Bundle P2/PNG/Earring  (556).png
03164,Accessories Designs,Earrings Bundle,Earring  (557),,9. Accessories Designs/Earrings Bundle/Earrings Bundle P2/SVG/Earring  (557).svg,9. Accessories Designs/Earrings Bundle/Earrings Bundle P2/PNG/Earring  (557).png
03165,Accessories Designs,Earrings Bundle,Earring  (558),,9. Accessories Designs/Earrings Bundle/Earrings Bundle P2/SVG/Earring  (558).svg,MISSING
03166,Accessories Designs,Earrings Bundle,Earring  (559),,9. Accessories Designs/Earrings Bundle/Earrings Bundle P2/SVG/Earring  (559).svg,9. Accessories Designs/Earrings Bundle/Earrings Bundle P2/PNG/Earring  (559).png
03167,Accessories Designs,Earrings Bundle,Earring  (56),,9. Accessories Designs/Earrings Bundle/Earrings Bundle P2/SVG/Earring  (56).svg,9. Accessories Designs/Earrings Bundle/Earrings Bundle P2/PNG/Earring  (56).png
03168,Accessories Designs,Earrings Bundle,Earring  (560),,9. Accessories Designs/Earrings Bundle/Earrings Bundle P2/SVG/Earring  (560).svg,9. Accessories Designs/Earrings Bundle/Earrings Bundle P2/PNG/Earring  (560).png
03169,Accessories Designs,Earrings Bundle,Earring  (561),,9. Accessories Designs/Earrings Bundle/Earrings Bundle P2/SVG/Earring  (561).svg,9. Accessories Designs/Earrings Bundle/Earrings Bundle P2/PNG/Earring  (561).png
03170,Accessories Designs,Earrings Bundle,Earring  (562),,9. Accessories Designs/Earrings Bundle/Earrings Bundle P2/SVG/Earring  (562).svg,MISSING
03171,Accessories Designs,Earrings Bundle,Earring  (563),,9. Accessories Designs/Earrings Bundle/Earrings Bundle P2/SVG/Earring  (563).svg,MISSING
03172,Accessories Designs,Earrings Bundle,Earring  (564),,9. Accessories Designs/Earrings Bundle/Earrings Bundle P2/SVG/Earring  (564).svg,MISSING
03173,Accessories Designs,Earrings Bundle,Earring  (565),,9. Accessories Designs/Earrings Bundle/Earrings Bundle P2/SVG/Earring  (565).svg,9. Accessories Designs/Earrings Bundle/Earrings Bundle P2/PNG/Earring  (565).png
03174,Accessories Designs,Earrings Bundle,Earring  (566),,9. Accessories Designs/Earrings Bundle/Earrings Bundle P2/SVG/Earring  (566).svg,9. Accessories Designs/Earrings Bundle/Earrings Bundle P2/PNG/Earring  (566).png
03175,Accessories Designs,Earrings Bundle,Earring  (567),,9. Accessories Designs/Earrings Bundle/Earrings Bundle P2/SVG/Earring  (567).svg,9. Accessories Designs/Earrings Bundle/Earrings Bundle P2/PNG/Earring  (567).png
03176,Accessories Designs,Earrings Bundle,Earring  (568),,9. Accessories Designs/Earrings Bundle/Earrings Bundle P2/SVG/Earring  (568).svg,9. Accessories Designs/Earrings Bundle/Earrings Bundle P2/PNG/Earring  (568).png
03177,Accessories Designs,Earrings Bundle,Earring  (569),,9. Accessories Designs/Earrings Bundle/Earrings Bundle P2/SVG/Earring  (569).svg,9. Accessories Designs/Earrings Bundle/Earrings Bundle P2/PNG/Earring  (569).png
03178,Accessories Designs,Earrings Bundle,Earring  (57),,9. Accessories Designs/Earrings Bundle/Earrings Bundle P2/SVG/Earring  (57).svg,MISSING
03179,Accessories Designs,Earrings Bundle,Earring  (570),,9. Accessories Designs/Earrings Bundle/Earrings Bundle P2/SVG/Earring  (570).svg,9. Accessories Designs/Earrings Bundle/Earrings Bundle P2/PNG/Earring  (570).png
03180,Accessories Designs,Earrings Bundle,Earring  (571),,9. Accessories Designs/Earrings Bundle/Earrings Bundle P2/SVG/Earring  (571).svg,9. Accessories Designs/Earrings Bundle/Earrings Bundle P2/PNG/Earring  (571).png
03181,Accessories Designs,Earrings Bundle,Earring  (572),,9. Accessories Designs/Earrings Bundle/Earrings Bundle P2/SVG/Earring  (572).svg,9. Accessories Designs/Earrings Bundle/Earrings Bundle P2/PNG/Earring  (572).png
03182,Accessories Designs,Earrings Bundle,Earring  (573),,9. Accessories Designs/Earrings Bundle/Earrings Bundle P2/SVG/Earring  (573).svg,MISSING
03183,Accessories Designs,Earrings Bundle,Earring  (574),,9. Accessories Designs/Earrings Bundle/Earrings Bundle P2/SVG/Earring  (574).svg,9. Accessories Designs/Earrings Bundle/Earrings Bundle P2/PNG/Earring  (574).png
03184,Accessories Designs,Earrings Bundle,Earring  (575),,9. Accessories Designs/Earrings Bundle/Earrings Bundle P2/SVG/Earring  (575).svg,MISSING
03185,Accessories Designs,Earrings Bundle,Earring  (576),,9. Accessories Designs/Earrings Bundle/Earrings Bundle P2/SVG/Earring  (576).svg,MISSING
03186,Accessories Designs,Earrings Bundle,Earring  (577),,9. Accessories Designs/Earrings Bundle/Earrings Bundle P2/SVG/Earring  (577).svg,MISSING
03187,Accessories Designs,Earrings Bundle,Earring  (578),,9. Accessories Designs/Earrings Bundle/Earrings Bundle P2/SVG/Earring  (578).svg,MISSING
03188,Accessories Designs,Earrings Bundle,Earring  (579),,9. Accessories Designs/Earrings Bundle/Earrings Bundle P2/SVG/Earring  (579).svg,MISSING
03189,Accessories Designs,Earrings Bundle,Earring  (58),,9. Accessories Designs/Earrings Bundle/Earrings Bundle P2/SVG/Earring  (58).svg,MISSING
03190,Accessories Designs,Earrings Bundle,Earring  (580),,9. Accessories Designs/Earrings Bundle/Earrings Bundle P2/SVG/Earring  (580).svg,MISSING
03191,Accessories Designs,Earrings Bundle,Earring  (581),,9. Accessories Designs/Earrings Bundle/Earrings Bundle P2/SVG/Earring  (581).svg,MISSING
03192,Accessories Designs,Earrings Bundle,Earring  (582),,9. Accessories Designs/Earrings Bundle/Earrings Bundle P2/SVG/Earring  (582).svg,MISSING
03193,Accessories Designs,Earrings Bundle,Earring  (583),,9. Accessories Designs/Earrings Bundle/Earrings Bundle P2/SVG/Earring  (583).svg,MISSING
03194,Accessories Designs,Earrings Bundle,Earring  (584),,9. Accessories Designs/Earrings Bundle/Earrings Bundle P2/SVG/Earring  (584).svg,MISSING
03195,Accessories Designs,Earrings Bundle,Earring  (585),,9. Accessories Designs/Earrings Bundle/Earrings Bundle P2/SVG/Earring  (585).svg,MISSING
03196,Accessories Designs,Earrings Bundle,Earring  (586),,9. Accessories Designs/Earrings Bundle/Earrings Bundle P2/SVG/Earring  (586).svg,MISSING
03197,Accessories Designs,Earrings Bundle,Earring  (587),,9. Accessories Designs/Earrings Bundle/Earrings Bundle P2/SVG/Earring  (587).svg,MISSING
03198,Accessories Designs,Earrings Bundle,Earring  (588),,9. Accessories Designs/Earrings Bundle/Earrings Bundle P2/SVG/Earring  (588).svg,MISSING
03199,Accessories Designs,Earrings Bundle,Earring  (589),,9. Accessories Designs/Earrings Bundle/Earrings Bundle P2/SVG/Earring  (589).svg,MISSING
03200,Accessories Designs,Earrings Bundle,Earring  (59),,9. Accessories Designs/Earrings Bundle/Earrings Bundle P2/SVG/Earring  (59).svg,MISSING
03201,Accessories Designs,Earrings Bundle,Earring  (590),,9. Accessories Designs/Earrings Bundle/Earrings Bundle P2/SVG/Earring  (590).svg,MISSING
03202,Accessories Designs,Earrings Bundle,Earring  (591),,9. Accessories Designs/Earrings Bundle/Earrings Bundle P2/SVG/Earring  (591).svg,MISSING
03203,Accessories Designs,Earrings Bundle,Earring  (592),,9. Accessories Designs/Earrings Bundle/Earrings Bundle P2/SVG/Earring  (592).svg,MISSING
03204,Accessories Designs,Earrings Bundle,Earring  (593),,9. Accessories Designs/Earrings Bundle/Earrings Bundle P2/SVG/Earring  (593).svg,MISSING
03205,Accessories Designs,Earrings Bundle,Earring  (594),,9. Accessories Designs/Earrings Bundle/Earrings Bundle P2/SVG/Earring  (594).svg,MISSING
03206,Accessories Designs,Earrings Bundle,Earring  (595),,9. Accessories Designs/Earrings Bundle/Earrings Bundle P2/SVG/Earring  (595).svg,MISSING
03207,Accessories Designs,Earrings Bundle,Earring  (596),,9. Accessories Designs/Earrings Bundle/Earrings Bundle P2/SVG/Earring  (596).svg,MISSING
03208,Accessories Designs,Earrings Bundle,Earring  (597),,9. Accessories Designs/Earrings Bundle/Earrings Bundle P2/SVG/Earring  (597).svg,MISSING
03209,Accessories Designs,Earrings Bundle,Earring  (598),,9. Accessories Designs/Earrings Bundle/Earrings Bundle P2/SVG/Earring  (598).svg,MISSING
03210,Accessories Designs,Earrings Bundle,Earring  (599),,9. Accessories Designs/Earrings Bundle/Earrings Bundle P2/SVG/Earring  (599).svg,MISSING
03211,Accessories Designs,Earrings Bundle,Earring  (6),,9. Accessories Designs/Earrings Bundle/Earrings Bundle P2/SVG/Earring  (6).svg,MISSING
03212,Accessories Designs,Earrings Bundle,Earring  (60),,9. Accessories Designs/Earrings Bundle/Earrings Bundle P2/SVG/Earring  (60).svg,MISSING
03213,Accessories Designs,Earrings Bundle,Earring  (600),,9. Accessories Designs/Earrings Bundle/Earrings Bundle P2/SVG/Earring  (600).svg,MISSING
03214,Accessories Designs,Earrings Bundle,Earring  (601),,9. Accessories Designs/Earrings Bundle/Earrings Bundle P2/SVG/Earring  (601).svg,MISSING
03215,Accessories Designs,Earrings Bundle,Earring  (602),,9. Accessories Designs/Earrings Bundle/Earrings Bundle P2/SVG/Earring  (602).svg,MISSING
03216,Accessories Designs,Earrings Bundle,Earring  (603),,9. Accessories Designs/Earrings Bundle/Earrings Bundle P2/SVG/Earring  (603).svg,MISSING
03217,Accessories Designs,Earrings Bundle,Earring  (604),,9. Accessories Designs/Earrings Bundle/Earrings Bundle P2/SVG/Earring  (604).svg,MISSING
03218,Accessories Designs,Earrings Bundle,Earring  (605),,9. Accessories Designs/Earrings Bundle/Earrings Bundle P2/SVG/Earring  (605).svg,9. Accessories Designs/Earrings Bundle/Earrings Bundle P2/PNG/Earring  (605).png
03219,Accessories Designs,Earrings Bundle,Earring  (606),,9. Accessories Designs/Earrings Bundle/Earrings Bundle P2/SVG/Earring  (606).svg,MISSING
03220,Accessories Designs,Earrings Bundle,Earring  (607),,9. Accessories Designs/Earrings Bundle/Earrings Bundle P2/SVG/Earring  (607).svg,MISSING
03221,Accessories Designs,Earrings Bundle,Earring  (608),,9. Accessories Designs/Earrings Bundle/Earrings Bundle P2/SVG/Earring  (608).svg,9. Accessories Designs/Earrings Bundle/Earrings Bundle P2/PNG/Earring  (608).png
03222,Accessories Designs,Earrings Bundle,Earring  (609),,9. Accessories Designs/Earrings Bundle/Earrings Bundle P2/SVG/Earring  (609).svg,9. Accessories Designs/Earrings Bundle/Earrings Bundle P2/PNG/Earring  (609).png
03223,Accessories Designs,Earrings Bundle,Earring  (61),,9. Accessories Designs/Earrings Bundle/Earrings Bundle P2/SVG/Earring  (61).svg,MISSING
03224,Accessories Designs,Earrings Bundle,Earring  (610),,9. Accessories Designs/Earrings Bundle/Earrings Bundle P2/SVG/Earring  (610).svg,9. Accessories Designs/Earrings Bundle/Earrings Bundle P2/PNG/Earring  (610).png
03225,Accessories Designs,Earrings Bundle,Earring  (611),,9. Accessories Designs/Earrings Bundle/Earrings Bundle P2/SVG/Earring  (611).svg,MISSING
03226,Accessories Designs,Earrings Bundle,Earring  (612),,9. Accessories Designs/Earrings Bundle/Earrings Bundle P2/SVG/Earring  (612).svg,MISSING
03227,Accessories Designs,Earrings Bundle,Earring  (613),,9. Accessories Designs/Earrings Bundle/Earrings Bundle P2/SVG/Earring  (613).svg,MISSING
03228,Accessories Designs,Earrings Bundle,Earring  (614),,9. Accessories Designs/Earrings Bundle/Earrings Bundle P2/SVG/Earring  (614).svg,MISSING
03229,Accessories Designs,Earrings Bundle,Earring  (615),,9. Accessories Designs/Earrings Bundle/Earrings Bundle P2/SVG/Earring  (615).svg,MISSING
03230,Accessories Designs,Earrings Bundle,Earring  (616),,9. Accessories Designs/Earrings Bundle/Earrings Bundle P2/SVG/Earring  (616).svg,MISSING
03231,Accessories Designs,Earrings Bundle,Earring  (617),,9. Accessories Designs/Earrings Bundle/Earrings Bundle P2/SVG/Earring  (617).svg,MISSING
03232,Accessories Designs,Earrings Bundle,Earring  (618),,9. Accessories Designs/Earrings Bundle/Earrings Bundle P2/SVG/Earring  (618).svg,MISSING
03233,Accessories Designs,Earrings Bundle,Earring  (619),,9. Accessories Designs/Earrings Bundle/Earrings Bundle P2/SVG/Earring  (619).svg,MISSING
03234,Accessories Designs,Earrings Bundle,Earring  (62),,9. Accessories Designs/Earrings Bundle/Earrings Bundle P2/SVG/Earring  (62).svg,MISSING
03235,Accessories Designs,Earrings Bundle,Earring  (620),,9. Accessories Designs/Earrings Bundle/Earrings Bundle P2/SVG/Earring  (620).svg,MISSING
03236,Accessories Designs,Earrings Bundle,Earring  (621),,9. Accessories Designs/Earrings Bundle/Earrings Bundle P2/SVG/Earring  (621).svg,MISSING
03237,Accessories Designs,Earrings Bundle,Earring  (622),,9. Accessories Designs/Earrings Bundle/Earrings Bundle P2/SVG/Earring  (622).svg,MISSING
03238,Accessories Designs,Earrings Bundle,Earring  (623),,9. Accessories Designs/Earrings Bundle/Earrings Bundle P2/SVG/Earring  (623).svg,9. Accessories Designs/Earrings Bundle/Earrings Bundle P2/PNG/Earring  (623).png
03239,Accessories Designs,Earrings Bundle,Earring  (624),,9. Accessories Designs/Earrings Bundle/Earrings Bundle P2/SVG/Earring  (624).svg,MISSING
03240,Accessories Designs,Earrings Bundle,Earring  (625),,9. Accessories Designs/Earrings Bundle/Earrings Bundle P2/SVG/Earring  (625).svg,MISSING
03241,Accessories Designs,Earrings Bundle,Earring  (626),,9. Accessories Designs/Earrings Bundle/Earrings Bundle P2/SVG/Earring  (626).svg,MISSING
03242,Accessories Designs,Earrings Bundle,Earring  (627),,9. Accessories Designs/Earrings Bundle/Earrings Bundle P2/SVG/Earring  (627).svg,MISSING
03243,Accessories Designs,Earrings Bundle,Earring  (628),,9. Accessories Designs/Earrings Bundle/Earrings Bundle P2/SVG/Earring  (628).svg,MISSING
03244,Accessories Designs,Earrings Bundle,Earring  (629),,9. Accessories Designs/Earrings Bundle/Earrings Bundle P2/SVG/Earring  (629).svg,MISSING
03245,Accessories Designs,Earrings Bundle,Earring  (63),,9. Accessories Designs/Earrings Bundle/Earrings Bundle P2/SVG/Earring  (63).svg,MISSING
03246,Accessories Designs,Earrings Bundle,Earring  (630),,9. Accessories Designs/Earrings Bundle/Earrings Bundle P2/SVG/Earring  (630).svg,MISSING
03247,Accessories Designs,Earrings Bundle,Earring  (631),,9. Accessories Designs/Earrings Bundle/Earrings Bundle P2/SVG/Earring  (631).svg,MISSING
03248,Accessories Designs,Earrings Bundle,Earring  (632),,9. Accessories Designs/Earrings Bundle/Earrings Bundle P2/SVG/Earring  (632).svg,MISSING
03249,Accessories Designs,Earrings Bundle,Earring  (633),,9. Accessories Designs/Earrings Bundle/Earrings Bundle P2/SVG/Earring  (633).svg,MISSING
03250,Accessories Designs,Earrings Bundle,Earring  (634),,9. Accessories Designs/Earrings Bundle/Earrings Bundle P2/SVG/Earring  (634).svg,MISSING
03251,Accessories Designs,Earrings Bundle,Earring  (635),,9. Accessories Designs/Earrings Bundle/Earrings Bundle P2/SVG/Earring  (635).svg,MISSING
03252,Accessories Designs,Earrings Bundle,Earring  (636),,9. Accessories Designs/Earrings Bundle/Earrings Bundle P2/SVG/Earring  (636).svg,MISSING
03253,Accessories Designs,Earrings Bundle,Earring  (637),,9. Accessories Designs/Earrings Bundle/Earrings Bundle P2/SVG/Earring  (637).svg,MISSING
03254,Accessories Designs,Earrings Bundle,Earring  (638),,9. Accessories Designs/Earrings Bundle/Earrings Bundle P2/SVG/Earring  (638).svg,MISSING
03255,Accessories Designs,Earrings Bundle,Earring  (639),,9. Accessories Designs/Earrings Bundle/Earrings Bundle P2/SVG/Earring  (639).svg,MISSING
03256,Accessories Designs,Earrings Bundle,Earring  (64),,9. Accessories Designs/Earrings Bundle/Earrings Bundle P2/SVG/Earring  (64).svg,MISSING
03257,Accessories Designs,Earrings Bundle,Earring  (640),,9. Accessories Designs/Earrings Bundle/Earrings Bundle P2/SVG/Earring  (640).svg,MISSING
03258,Accessories Designs,Earrings Bundle,Earring  (641),,9. Accessories Designs/Earrings Bundle/Earrings Bundle P2/SVG/Earring  (641).svg,MISSING
03259,Accessories Designs,Earrings Bundle,Earring  (642),,9. Accessories Designs/Earrings Bundle/Earrings Bundle P2/SVG/Earring  (642).svg,MISSING
03260,Accessories Designs,Earrings Bundle,Earring  (643),,9. Accessories Designs/Earrings Bundle/Earrings Bundle P2/SVG/Earring  (643).svg,MISSING
03261,Accessories Designs,Earrings Bundle,Earring  (644),,9. Accessories Designs/Earrings Bundle/Earrings Bundle P2/SVG/Earring  (644).svg,9. Accessories Designs/Earrings Bundle/Earrings Bundle P2/PNG/Earring  (644).png
03262,Accessories Designs,Earrings Bundle,Earring  (645),,9. Accessories Designs/Earrings Bundle/Earrings Bundle P2/SVG/Earring  (645).svg,MISSING
03263,Accessories Designs,Earrings Bundle,Earring  (646),,9. Accessories Designs/Earrings Bundle/Earrings Bundle P2/SVG/Earring  (646).svg,MISSING
03264,Accessories Designs,Earrings Bundle,Earring  (647),,9. Accessories Designs/Earrings Bundle/Earrings Bundle P2/SVG/Earring  (647).svg,MISSING
03265,Accessories Designs,Earrings Bundle,Earring  (648),,9. Accessories Designs/Earrings Bundle/Earrings Bundle P2/SVG/Earring  (648).svg,MISSING
03266,Accessories Designs,Earrings Bundle,Earring  (649),,9. Accessories Designs/Earrings Bundle/Earrings Bundle P2/SVG/Earring  (649).svg,MISSING
03267,Accessories Designs,Earrings Bundle,Earring  (65),,9. Accessories Designs/Earrings Bundle/Earrings Bundle P2/SVG/Earring  (65).svg,MISSING
03268,Accessories Designs,Earrings Bundle,Earring  (650),,9. Accessories Designs/Earrings Bundle/Earrings Bundle P2/SVG/Earring  (650).svg,MISSING
03269,Accessories Designs,Earrings Bundle,Earring  (651),,9. Accessories Designs/Earrings Bundle/Earrings Bundle P2/SVG/Earring  (651).svg,MISSING
03270,Accessories Designs,Earrings Bundle,Earring  (652),,9. Accessories Designs/Earrings Bundle/Earrings Bundle P2/SVG/Earring  (652).svg,MISSING
03271,Accessories Designs,Earrings Bundle,Earring  (653),,9. Accessories Designs/Earrings Bundle/Earrings Bundle P2/SVG/Earring  (653).svg,MISSING
03272,Accessories Designs,Earrings Bundle,Earring  (654),,9. Accessories Designs/Earrings Bundle/Earrings Bundle P2/SVG/Earring  (654).svg,MISSING
03273,Accessories Designs,Earrings Bundle,Earring  (655),,9. Accessories Designs/Earrings Bundle/Earrings Bundle P2/SVG/Earring  (655).svg,MISSING
03274,Accessories Designs,Earrings Bundle,Earring  (656),,9. Accessories Designs/Earrings Bundle/Earrings Bundle P2/SVG/Earring  (656).svg,MISSING
03275,Accessories Designs,Earrings Bundle,Earring  (657),,9. Accessories Designs/Earrings Bundle/Earrings Bundle P2/SVG/Earring  (657).svg,MISSING
03276,Accessories Designs,Earrings Bundle,Earring  (658),,9. Accessories Designs/Earrings Bundle/Earrings Bundle P2/SVG/Earring  (658).svg,MISSING
03277,Accessories Designs,Earrings Bundle,Earring  (659),,9. Accessories Designs/Earrings Bundle/Earrings Bundle P2/SVG/Earring  (659).svg,9. Accessories Designs/Earrings Bundle/Earrings Bundle P2/PNG/Earring  (659).png
03278,Accessories Designs,Earrings Bundle,Earring  (66),,9. Accessories Designs/Earrings Bundle/Earrings Bundle P2/SVG/Earring  (66).svg,MISSING
03279,Accessories Designs,Earrings Bundle,Earring  (660),,9. Accessories Designs/Earrings Bundle/Earrings Bundle P2/SVG/Earring  (660).svg,MISSING
03280,Accessories Designs,Earrings Bundle,Earring  (661),,9. Accessories Designs/Earrings Bundle/Earrings Bundle P2/SVG/Earring  (661).svg,MISSING
03281,Accessories Designs,Earrings Bundle,Earring  (662),,9. Accessories Designs/Earrings Bundle/Earrings Bundle P2/SVG/Earring  (662).svg,MISSING
03282,Accessories Designs,Earrings Bundle,Earring  (663),,9. Accessories Designs/Earrings Bundle/Earrings Bundle P2/SVG/Earring  (663).svg,MISSING
03283,Accessories Designs,Earrings Bundle,Earring  (664),,9. Accessories Designs/Earrings Bundle/Earrings Bundle P2/SVG/Earring  (664).svg,MISSING
03284,Accessories Designs,Earrings Bundle,Earring  (665),,9. Accessories Designs/Earrings Bundle/Earrings Bundle P2/SVG/Earring  (665).svg,MISSING
03285,Accessories Designs,Earrings Bundle,Earring  (666),,9. Accessories Designs/Earrings Bundle/Earrings Bundle P2/SVG/Earring  (666).svg,MISSING
03286,Accessories Designs,Earrings Bundle,Earring  (667),,9. Accessories Designs/Earrings Bundle/Earrings Bundle P2/SVG/Earring  (667).svg,MISSING
03287,Accessories Designs,Earrings Bundle,Earring  (668),,9. Accessories Designs/Earrings Bundle/Earrings Bundle P2/SVG/Earring  (668).svg,MISSING
03288,Accessories Designs,Earrings Bundle,Earring  (669),,9. Accessories Designs/Earrings Bundle/Earrings Bundle P2/SVG/Earring  (669).svg,MISSING
03289,Accessories Designs,Earrings Bundle,Earring  (67),,9. Accessories Designs/Earrings Bundle/Earrings Bundle P2/SVG/Earring  (67).svg,MISSING
03290,Accessories Designs,Earrings Bundle,Earring  (670),,9. Accessories Designs/Earrings Bundle/Earrings Bundle P2/SVG/Earring  (670).svg,MISSING
03291,Accessories Designs,Earrings Bundle,Earring  (671),,9. Accessories Designs/Earrings Bundle/Earrings Bundle P2/SVG/Earring  (671).svg,MISSING
03292,Accessories Designs,Earrings Bundle,Earring  (672),,9. Accessories Designs/Earrings Bundle/Earrings Bundle P2/SVG/Earring  (672).svg,MISSING
03293,Accessories Designs,Earrings Bundle,Earring  (673),,9. Accessories Designs/Earrings Bundle/Earrings Bundle P2/SVG/Earring  (673).svg,MISSING
03294,Accessories Designs,Earrings Bundle,Earring  (674),,9. Accessories Designs/Earrings Bundle/Earrings Bundle P2/SVG/Earring  (674).svg,MISSING
03295,Accessories Designs,Earrings Bundle,Earring  (675),,9. Accessories Designs/Earrings Bundle/Earrings Bundle P2/SVG/Earring  (675).svg,MISSING
03296,Accessories Designs,Earrings Bundle,Earring  (676),,9. Accessories Designs/Earrings Bundle/Earrings Bundle P2/SVG/Earring  (676).svg,MISSING
03297,Accessories Designs,Earrings Bundle,Earring  (677),,9. Accessories Designs/Earrings Bundle/Earrings Bundle P2/SVG/Earring  (677).svg,MISSING
03298,Accessories Designs,Earrings Bundle,Earring  (678),,9. Accessories Designs/Earrings Bundle/Earrings Bundle P2/SVG/Earring  (678).svg,MISSING
03299,Accessories Designs,Earrings Bundle,Earring  (679),,9. Accessories Designs/Earrings Bundle/Earrings Bundle P2/SVG/Earring  (679).svg,MISSING
03300,Accessories Designs,Earrings Bundle,Earring  (68),,9. Accessories Designs/Earrings Bundle/Earrings Bundle P2/SVG/Earring  (68).svg,MISSING
03301,Accessories Designs,Earrings Bundle,Earring  (680),,9. Accessories Designs/Earrings Bundle/Earrings Bundle P2/SVG/Earring  (680).svg,MISSING
03302,Accessories Designs,Earrings Bundle,Earring  (681),,9. Accessories Designs/Earrings Bundle/Earrings Bundle P2/SVG/Earring  (681).svg,MISSING
03303,Accessories Designs,Earrings Bundle,Earring  (682),,9. Accessories Designs/Earrings Bundle/Earrings Bundle P2/SVG/Earring  (682).svg,MISSING
03304,Accessories Designs,Earrings Bundle,Earring  (683),,9. Accessories Designs/Earrings Bundle/Earrings Bundle P2/SVG/Earring  (683).svg,MISSING
03305,Accessories Designs,Earrings Bundle,Earring  (684),,9. Accessories Designs/Earrings Bundle/Earrings Bundle P2/SVG/Earring  (684).svg,MISSING
03306,Accessories Designs,Earrings Bundle,Earring  (685),,9. Accessories Designs/Earrings Bundle/Earrings Bundle P2/SVG/Earring  (685).svg,MISSING
03307,Accessories Designs,Earrings Bundle,Earring  (686),,9. Accessories Designs/Earrings Bundle/Earrings Bundle P2/SVG/Earring  (686).svg,MISSING
03308,Accessories Designs,Earrings Bundle,Earring  (687),,9. Accessories Designs/Earrings Bundle/Earrings Bundle P2/SVG/Earring  (687).svg,MISSING
03309,Accessories Designs,Earrings Bundle,Earring  (688),,9. Accessories Designs/Earrings Bundle/Earrings Bundle P2/SVG/Earring  (688).svg,MISSING
03310,Accessories Designs,Earrings Bundle,Earring  (689),,9. Accessories Designs/Earrings Bundle/Earrings Bundle P2/SVG/Earring  (689).svg,MISSING
03311,Accessories Designs,Earrings Bundle,Earring  (69),,9. Accessories Designs/Earrings Bundle/Earrings Bundle P2/SVG/Earring  (69).svg,MISSING
03312,Accessories Designs,Earrings Bundle,Earring  (690),,9. Accessories Designs/Earrings Bundle/Earrings Bundle P2/SVG/Earring  (690).svg,MISSING
03313,Accessories Designs,Earrings Bundle,Earring  (691),,9. Accessories Designs/Earrings Bundle/Earrings Bundle P2/SVG/Earring  (691).svg,MISSING
03314,Accessories Designs,Earrings Bundle,Earring  (692),,9. Accessories Designs/Earrings Bundle/Earrings Bundle P2/SVG/Earring  (692).svg,MISSING
03315,Accessories Designs,Earrings Bundle,Earring  (693),,9. Accessories Designs/Earrings Bundle/Earrings Bundle P2/SVG/Earring  (693).svg,MISSING
03316,Accessories Designs,Earrings Bundle,Earring  (694),,9. Accessories Designs/Earrings Bundle/Earrings Bundle P2/SVG/Earring  (694).svg,MISSING
03317,Accessories Designs,Earrings Bundle,Earring  (695),,9. Accessories Designs/Earrings Bundle/Earrings Bundle P2/SVG/Earring  (695).svg,MISSING
03318,Accessories Designs,Earrings Bundle,Earring  (696),,9. Accessories Designs/Earrings Bundle/Earrings Bundle P2/SVG/Earring  (696).svg,MISSING
03319,Accessories Designs,Earrings Bundle,Earring  (697),,9. Accessories Designs/Earrings Bundle/Earrings Bundle P2/SVG/Earring  (697).svg,MISSING
03320,Accessories Designs,Earrings Bundle,Earring  (698),,9. Accessories Designs/Earrings Bundle/Earrings Bundle P2/SVG/Earring  (698).svg,MISSING
03321,Accessories Designs,Earrings Bundle,Earring  (699),,9. Accessories Designs/Earrings Bundle/Earrings Bundle P2/SVG/Earring  (699).svg,MISSING
03322,Accessories Designs,Earrings Bundle,Earring  (7),,9. Accessories Designs/Earrings Bundle/Earrings Bundle P2/SVG/Earring  (7).svg,MISSING
03323,Accessories Designs,Earrings Bundle,Earring  (70),,9. Accessories Designs/Earrings Bundle/Earrings Bundle P2/SVG/Earring  (70).svg,MISSING
03324,Accessories Designs,Earrings Bundle,Earring  (700),,9. Accessories Designs/Earrings Bundle/Earrings Bundle P2/SVG/Earring  (700).svg,MISSING
03325,Accessories Designs,Earrings Bundle,Earring  (701),,9. Accessories Designs/Earrings Bundle/Earrings Bundle P2/SVG/Earring  (701).svg,MISSING
03326,Accessories Designs,Earrings Bundle,Earring  (702),,9. Accessories Designs/Earrings Bundle/Earrings Bundle P2/SVG/Earring  (702).svg,MISSING
03327,Accessories Designs,Earrings Bundle,Earring  (703),,9. Accessories Designs/Earrings Bundle/Earrings Bundle P2/SVG/Earring  (703).svg,MISSING
03328,Accessories Designs,Earrings Bundle,Earring  (704),,9. Accessories Designs/Earrings Bundle/Earrings Bundle P2/SVG/Earring  (704).svg,MISSING
03329,Accessories Designs,Earrings Bundle,Earring  (705),,9. Accessories Designs/Earrings Bundle/Earrings Bundle P2/SVG/Earring  (705).svg,MISSING
03330,Accessories Designs,Earrings Bundle,Earring  (706),,9. Accessories Designs/Earrings Bundle/Earrings Bundle P2/SVG/Earring  (706).svg,MISSING
03331,Accessories Designs,Earrings Bundle,Earring  (707),,9. Accessories Designs/Earrings Bundle/Earrings Bundle P2/SVG/Earring  (707).svg,MISSING
03332,Accessories Designs,Earrings Bundle,Earring  (708),,9. Accessories Designs/Earrings Bundle/Earrings Bundle P2/SVG/Earring  (708).svg,MISSING
03333,Accessories Designs,Earrings Bundle,Earring  (709),,9. Accessories Designs/Earrings Bundle/Earrings Bundle P2/SVG/Earring  (709).svg,MISSING
03334,Accessories Designs,Earrings Bundle,Earring  (71),,9. Accessories Designs/Earrings Bundle/Earrings Bundle P2/SVG/Earring  (71).svg,MISSING
03335,Accessories Designs,Earrings Bundle,Earring  (710),,9. Accessories Designs/Earrings Bundle/Earrings Bundle P2/SVG/Earring  (710).svg,MISSING
03336,Accessories Designs,Earrings Bundle,Earring  (711),,9. Accessories Designs/Earrings Bundle/Earrings Bundle P2/SVG/Earring  (711).svg,MISSING
03337,Accessories Designs,Earrings Bundle,Earring  (712),,9. Accessories Designs/Earrings Bundle/Earrings Bundle P2/SVG/Earring  (712).svg,MISSING
03338,Accessories Designs,Earrings Bundle,Earring  (713),,9. Accessories Designs/Earrings Bundle/Earrings Bundle P2/SVG/Earring  (713).svg,MISSING
03339,Accessories Designs,Earrings Bundle,Earring  (714),,9. Accessories Designs/Earrings Bundle/Earrings Bundle P2/SVG/Earring  (714).svg,MISSING
03340,Accessories Designs,Earrings Bundle,Earring  (715),,9. Accessories Designs/Earrings Bundle/Earrings Bundle P2/SVG/Earring  (715).svg,MISSING
03341,Accessories Designs,Earrings Bundle,Earring  (716),,9. Accessories Designs/Earrings Bundle/Earrings Bundle P2/SVG/Earring  (716).svg,MISSING
03342,Accessories Designs,Earrings Bundle,Earring  (717),,9. Accessories Designs/Earrings Bundle/Earrings Bundle P2/SVG/Earring  (717).svg,MISSING
03343,Accessories Designs,Earrings Bundle,Earring  (718),,9. Accessories Designs/Earrings Bundle/Earrings Bundle P2/SVG/Earring  (718).svg,MISSING
03344,Accessories Designs,Earrings Bundle,Earring  (719),,9. Accessories Designs/Earrings Bundle/Earrings Bundle P2/SVG/Earring  (719).svg,MISSING
03345,Accessories Designs,Earrings Bundle,Earring  (72),,9. Accessories Designs/Earrings Bundle/Earrings Bundle P2/SVG/Earring  (72).svg,MISSING
03346,Accessories Designs,Earrings Bundle,Earring  (720),,9. Accessories Designs/Earrings Bundle/Earrings Bundle P2/SVG/Earring  (720).svg,MISSING
03347,Accessories Designs,Earrings Bundle,Earring  (721),,9. Accessories Designs/Earrings Bundle/Earrings Bundle P2/SVG/Earring  (721).svg,MISSING
03348,Accessories Designs,Earrings Bundle,Earring  (722),,9. Accessories Designs/Earrings Bundle/Earrings Bundle P2/SVG/Earring  (722).svg,MISSING
03349,Accessories Designs,Earrings Bundle,Earring  (723),,9. Accessories Designs/Earrings Bundle/Earrings Bundle P2/SVG/Earring  (723).svg,MISSING
03350,Accessories Designs,Earrings Bundle,Earring  (724),,9. Accessories Designs/Earrings Bundle/Earrings Bundle P2/SVG/Earring  (724).svg,MISSING
03351,Accessories Designs,Earrings Bundle,Earring  (725),,9. Accessories Designs/Earrings Bundle/Earrings Bundle P2/SVG/Earring  (725).svg,MISSING
03352,Accessories Designs,Earrings Bundle,Earring  (726),,9. Accessories Designs/Earrings Bundle/Earrings Bundle P2/SVG/Earring  (726).svg,MISSING
03353,Accessories Designs,Earrings Bundle,Earring  (727),,9. Accessories Designs/Earrings Bundle/Earrings Bundle P2/SVG/Earring  (727).svg,MISSING
03354,Accessories Designs,Earrings Bundle,Earring  (728),,9. Accessories Designs/Earrings Bundle/Earrings Bundle P2/SVG/Earring  (728).svg,MISSING
03355,Accessories Designs,Earrings Bundle,Earring  (729),,9. Accessories Designs/Earrings Bundle/Earrings Bundle P2/SVG/Earring  (729).svg,MISSING
03356,Accessories Designs,Earrings Bundle,Earring  (73),,9. Accessories Designs/Earrings Bundle/Earrings Bundle P2/SVG/Earring  (73).svg,MISSING
03357,Accessories Designs,Earrings Bundle,Earring  (730),,9. Accessories Designs/Earrings Bundle/Earrings Bundle P2/SVG/Earring  (730).svg,MISSING
03358,Accessories Designs,Earrings Bundle,Earring  (731),,9. Accessories Designs/Earrings Bundle/Earrings Bundle P2/SVG/Earring  (731).svg,MISSING
03359,Accessories Designs,Earrings Bundle,Earring  (732),,9. Accessories Designs/Earrings Bundle/Earrings Bundle P2/SVG/Earring  (732).svg,MISSING
03360,Accessories Designs,Earrings Bundle,Earring  (733),,9. Accessories Designs/Earrings Bundle/Earrings Bundle P2/SVG/Earring  (733).svg,MISSING
03361,Accessories Designs,Earrings Bundle,Earring  (734),,9. Accessories Designs/Earrings Bundle/Earrings Bundle P2/SVG/Earring  (734).svg,MISSING
03362,Accessories Designs,Earrings Bundle,Earring  (735),,9. Accessories Designs/Earrings Bundle/Earrings Bundle P2/SVG/Earring  (735).svg,MISSING
03363,Accessories Designs,Earrings Bundle,Earring  (736),,9. Accessories Designs/Earrings Bundle/Earrings Bundle P2/SVG/Earring  (736).svg,MISSING
03364,Accessories Designs,Earrings Bundle,Earring  (737),,9. Accessories Designs/Earrings Bundle/Earrings Bundle P2/SVG/Earring  (737).svg,MISSING
03365,Accessories Designs,Earrings Bundle,Earring  (738),,9. Accessories Designs/Earrings Bundle/Earrings Bundle P2/SVG/Earring  (738).svg,MISSING
03366,Accessories Designs,Earrings Bundle,Earring  (739),,9. Accessories Designs/Earrings Bundle/Earrings Bundle P2/SVG/Earring  (739).svg,MISSING
03367,Accessories Designs,Earrings Bundle,Earring  (74),,9. Accessories Designs/Earrings Bundle/Earrings Bundle P2/SVG/Earring  (74).svg,MISSING
03368,Accessories Designs,Earrings Bundle,Earring  (75),,9. Accessories Designs/Earrings Bundle/Earrings Bundle P2/SVG/Earring  (75).svg,MISSING
03369,Accessories Designs,Earrings Bundle,Earring  (76),,9. Accessories Designs/Earrings Bundle/Earrings Bundle P2/SVG/Earring  (76).svg,MISSING
03370,Accessories Designs,Earrings Bundle,Earring  (77),,9. Accessories Designs/Earrings Bundle/Earrings Bundle P2/SVG/Earring  (77).svg,MISSING
03371,Accessories Designs,Earrings Bundle,Earring  (78),,9. Accessories Designs/Earrings Bundle/Earrings Bundle P2/SVG/Earring  (78).svg,MISSING
03372,Accessories Designs,Earrings Bundle,Earring  (79),,9. Accessories Designs/Earrings Bundle/Earrings Bundle P2/SVG/Earring  (79).svg,MISSING
03373,Accessories Designs,Earrings Bundle,Earring  (8),,9. Accessories Designs/Earrings Bundle/Earrings Bundle P2/SVG/Earring  (8).svg,MISSING
03374,Accessories Designs,Earrings Bundle,Earring  (80),,9. Accessories Designs/Earrings Bundle/Earrings Bundle P2/SVG/Earring  (80).svg,MISSING
03375,Accessories Designs,Earrings Bundle,Earring  (81),,9. Accessories Designs/Earrings Bundle/Earrings Bundle P2/SVG/Earring  (81).svg,MISSING
03376,Accessories Designs,Earrings Bundle,Earring  (82),,9. Accessories Designs/Earrings Bundle/Earrings Bundle P2/SVG/Earring  (82).svg,MISSING
03377,Accessories Designs,Earrings Bundle,Earring  (83),,9. Accessories Designs/Earrings Bundle/Earrings Bundle P2/SVG/Earring  (83).svg,MISSING
03378,Accessories Designs,Earrings Bundle,Earring  (84),,9. Accessories Designs/Earrings Bundle/Earrings Bundle P2/SVG/Earring  (84).svg,MISSING
03379,Accessories Designs,Earrings Bundle,Earring  (85),,9. Accessories Designs/Earrings Bundle/Earrings Bundle P2/SVG/Earring  (85).svg,MISSING
03380,Accessories Designs,Earrings Bundle,Earring  (86),,9. Accessories Designs/Earrings Bundle/Earrings Bundle P2/SVG/Earring  (86).svg,MISSING
03381,Accessories Designs,Earrings Bundle,Earring  (87),,9. Accessories Designs/Earrings Bundle/Earrings Bundle P2/SVG/Earring  (87).svg,MISSING
03382,Accessories Designs,Earrings Bundle,Earring  (88),,9. Accessories Designs/Earrings Bundle/Earrings Bundle P2/SVG/Earring  (88).svg,MISSING
03383,Accessories Designs,Earrings Bundle,Earring  (89),,9. Accessories Designs/Earrings Bundle/Earrings Bundle P2/SVG/Earring  (89).svg,MISSING
03384,Accessories Designs,Earrings Bundle,Earring  (9),,9. Accessories Designs/Earrings Bundle/Earrings Bundle P2/SVG/Earring  (9).svg,MISSING
03385,Accessories Designs,Earrings Bundle,Earring  (90),,9. Accessories Designs/Earrings Bundle/Earrings Bundle P2/SVG/Earring  (90).svg,MISSING
03386,Accessories Designs,Earrings Bundle,Earring  (91),,9. Accessories Designs/Earrings Bundle/Earrings Bundle P2/SVG/Earring  (91).svg,MISSING
03387,Accessories Designs,Earrings Bundle,Earring  (92),,9. Accessories Designs/Earrings Bundle/Earrings Bundle P2/SVG/Earring  (92).svg,MISSING
03388,Accessories Designs,Earrings Bundle,Earring  (93),,9. Accessories Designs/Earrings Bundle/Earrings Bundle P2/SVG/Earring  (93).svg,MISSING
03389,Accessories Designs,Earrings Bundle,Earring  (94),,9. Accessories Designs/Earrings Bundle/Earrings Bundle P2/SVG/Earring  (94).svg,MISSING
03390,Accessories Designs,Earrings Bundle,Earring  (95),,9. Accessories Designs/Earrings Bundle/Earrings Bundle P2/SVG/Earring  (95).svg,MISSING
03391,Accessories Designs,Earrings Bundle,Earring  (96),,9. Accessories Designs/Earrings Bundle/Earrings Bundle P2/SVG/Earring  (96).svg,MISSING
03392,Accessories Designs,Earrings Bundle,Earring  (97),,9. Accessories Designs/Earrings Bundle/Earrings Bundle P2/SVG/Earring  (97).svg,MISSING
03393,Accessories Designs,Earrings Bundle,Earring  (98),,9. Accessories Designs/Earrings Bundle/Earrings Bundle P2/SVG/Earring  (98).svg,MISSING
03394,Accessories Designs,Earrings Bundle,Earring  (99),,9. Accessories Designs/Earrings Bundle/Earrings Bundle P2/SVG/Earring  (99).svg,MISSING
03395,Accessories Designs,Earrings,Earrings-01-SVG,,9. Accessories Designs/Earrings/SVG/Earrings-01-SVG.svg,9. Accessories Designs/Earrings/PNG/Earrings-01-SVG.png
03396,Accessories Designs,Earrings,Earrings-02-SVG,,9. Accessories Designs/Earrings/SVG/Earrings-02-SVG.svg,9. Accessories Designs/Earrings/PNG/Earrings-02-SVG.png
03397,Accessories Designs,Earrings,Earrings-03-SVG,,9. Accessories Designs/Earrings/SVG/Earrings-03-SVG.svg,9. Accessories Designs/Earrings/PNG/Earrings-03-SVG.png
03398,Accessories Designs,Earrings,Earrings-04-SVG,,9. Accessories Designs/Earrings/SVG/Earrings-04-SVG.svg,9. Accessories Designs/Earrings/PNG/Earrings-04-SVG.png
03399,Accessories Designs,Earrings,Earrings-05-SVG,,9. Accessories Designs/Earrings/SVG/Earrings-05-SVG.svg,9. Accessories Designs/Earrings/PNG/Earrings-05-SVG.png
03400,Accessories Designs,Earrings,Earrings-06-SVG,,9. Accessories Designs/Earrings/SVG/Earrings-06-SVG.svg,9. Accessories Designs/Earrings/PNG/Earrings-06-SVG.png
03401,Accessories Designs,Earrings,Earrings-07-SVG,,9. Accessories Designs/Earrings/SVG/Earrings-07-SVG.svg,9. Accessories Designs/Earrings/PNG/Earrings-07-SVG.png
03402,Accessories Designs,Earrings,Earrings-08-SVG,,9. Accessories Designs/Earrings/SVG/Earrings-08-SVG.svg,9. Accessories Designs/Earrings/PNG/Earrings-08-SVG.png
03403,Accessories Designs,Earrings,Earrings-09-SVG,,9. Accessories Designs/Earrings/SVG/Earrings-09-SVG.svg,9. Accessories Designs/Earrings/PNG/Earrings-09-SVG.png
03404,Accessories Designs,Earrings,Earrings-10-SVG,,9. Accessories Designs/Earrings/SVG/Earrings-10-SVG.svg,9. Accessories Designs/Earrings/PNG/Earrings-10-SVG.png
03405,Accessories Designs,Earrings,Earrings-11-SVG,,9. Accessories Designs/Earrings/SVG/Earrings-11-SVG.svg,9. Accessories Designs/Earrings/PNG/Earrings-11-SVG.png
03406,Accessories Designs,Earrings,Earrings-12-SVG,,9. Accessories Designs/Earrings/SVG/Earrings-12-SVG.svg,9. Accessories Designs/Earrings/PNG/Earrings-12-SVG.png
03407,Accessories Designs,Earrings,Earrings-13-SVG,,9. Accessories Designs/Earrings/SVG/Earrings-13-SVG.svg,9. Accessories Designs/Earrings/PNG/Earrings-13-SVG.png
03408,Accessories Designs,Earrings,Earrings-14-SVG,,9. Accessories Designs/Earrings/SVG/Earrings-14-SVG.svg,9. Accessories Designs/Earrings/PNG/Earrings-14-SVG.png
03409,Accessories Designs,Earrings,Earrings-15-SVG,,9. Accessories Designs/Earrings/SVG/Earrings-15-SVG.svg,9. Accessories Designs/Earrings/PNG/Earrings-15-SVG.png
03410,Accessories Designs,Earrings,Earrings-16-SVG,,9. Accessories Designs/Earrings/SVG/Earrings-16-SVG.svg,9. Accessories Designs/Earrings/PNG/Earrings-16-SVG.png
03411,Accessories Designs,Earrings,Earrings-17-SVG,,9. Accessories Designs/Earrings/SVG/Earrings-17-SVG.svg,9. Accessories Designs/Earrings/PNG/Earrings-17-SVG.png
03412,Accessories Designs,Earrings,Earrings-18-SVG,,9. Accessories Designs/Earrings/SVG/Earrings-18-SVG.svg,9. Accessories Designs/Earrings/PNG/Earrings-18-SVG.png
03413,Accessories Designs,Earrings,Earrings-19-SVG,,9. Accessories Designs/Earrings/SVG/Earrings-19-SVG.svg,9. Accessories Designs/Earrings/PNG/Earrings-19-SVG.png
03414,Accessories Designs,Earrings,Earrings-20-SVG,,9. Accessories Designs/Earrings/SVG/Earrings-20-SVG.svg,9. Accessories Designs/Earrings/PNG/Earrings-20-SVG.png
03415,Accessories Designs,Earrings,Earrings-21-SVG,,9. Accessories Designs/Earrings/SVG/Earrings-21-SVG.svg,9. Accessories Designs/Earrings/PNG/Earrings-21-SVG.png
03416,Accessories Designs,Earrings,Earrings-22-SVG,,9. Accessories Designs/Earrings/SVG/Earrings-22-SVG.svg,9. Accessories Designs/Earrings/PNG/Earrings-22-SVG.png
03417,Accessories Designs,Earrings,Earrings-23-SVG,,9. Accessories Designs/Earrings/SVG/Earrings-23-SVG.svg,9. Accessories Designs/Earrings/PNG/Earrings-23-SVG.png
03418,Accessories Designs,Earrings,Earrings-24-SVG,,9. Accessories Designs/Earrings/SVG/Earrings-24-SVG.svg,9. Accessories Designs/Earrings/PNG/Earrings-24-SVG.png
03419,Accessories Designs,Earrings,Earrings-25-SVG,,9. Accessories Designs/Earrings/SVG/Earrings-25-SVG.svg,9. Accessories Designs/Earrings/PNG/Earrings-25-SVG.png
03420,Accessories Designs,Earrings,Earrings-26-SVG,,9. Accessories Designs/Earrings/SVG/Earrings-26-SVG.svg,9. Accessories Designs/Earrings/PNG/Earrings-26-SVG.png
03421,Accessories Designs,Earrings,Earrings-27-SVG,,9. Accessories Designs/Earrings/SVG/Earrings-27-SVG.svg,9. Accessories Designs/Earrings/PNG/Earrings-27-SVG.png
03422,Accessories Designs,Earrings,Earrings-28-SVG,,9. Accessories Designs/Earrings/SVG/Earrings-28-SVG.svg,9. Accessories Designs/Earrings/PNG/Earrings-28-SVG.png
03423,Accessories Designs,Earrings,Earrings-29-SVG,,9. Accessories Designs/Earrings/SVG/Earrings-29-SVG.svg,9. Accessories Designs/Earrings/PNG/Earrings-29-SVG.png
03424,Accessories Designs,Earrings,Earrings-30-SVG,,9. Accessories Designs/Earrings/SVG/Earrings-30-SVG.svg,9. Accessories Designs/Earrings/PNG/Earrings-30-SVG.png
03425,Accessories Designs,Earrings,Earrings-31-SVG,,9. Accessories Designs/Earrings/SVG/Earrings-31-SVG.svg,9. Accessories Designs/Earrings/PNG/Earrings-31-SVG.png
03426,Accessories Designs,Earrings,Earrings-32-SVG,,9. Accessories Designs/Earrings/SVG/Earrings-32-SVG.svg,9. Accessories Designs/Earrings/PNG/Earrings-32-SVG.png
03427,Accessories Designs,Earrings,Earrings-33-SVG,,9. Accessories Designs/Earrings/SVG/Earrings-33-SVG.svg,9. Accessories Designs/Earrings/PNG/Earrings-33-SVG.png
03428,Accessories Designs,Earrings,Earrings-34-SVG,,9. Accessories Designs/Earrings/SVG/Earrings-34-SVG.svg,9. Accessories Designs/Earrings/PNG/Earrings-34-SVG.png
03429,Accessories Designs,Earrings,Earrings-35-SVG,,9. Accessories Designs/Earrings/SVG/Earrings-35-SVG.svg,9. Accessories Designs/Earrings/PNG/Earrings-35-SVG.png
03430,Accessories Designs,Earrings,Earrings-36-SVG,,9. Accessories Designs/Earrings/SVG/Earrings-36-SVG.svg,9. Accessories Designs/Earrings/PNG/Earrings-36-SVG.png
03431,Accessories Designs,Earrings,Earrings-37-SVG,,9. Accessories Designs/Earrings/SVG/Earrings-37-SVG.svg,9. Accessories Designs/Earrings/PNG/Earrings-37-SVG.png
03432,Accessories Designs,Earrings,Earrings-38-SVG,,9. Accessories Designs/Earrings/SVG/Earrings-38-SVG.svg,9. Accessories Designs/Earrings/PNG/Earrings-38-SVG.png
03433,Accessories Designs,Earrings,Earrings-39-SVG,,9. Accessories Designs/Earrings/SVG/Earrings-39-SVG.svg,9. Accessories Designs/Earrings/PNG/Earrings-39-SVG.png
03434,Accessories Designs,Earrings,Earrings-40-SVG,,9. Accessories Designs/Earrings/SVG/Earrings-40-SVG.svg,9. Accessories Designs/Earrings/PNG/Earrings-40-SVG.png
03435,Accessories Designs,Earrings,Earrings-41-SVG,,9. Accessories Designs/Earrings/SVG/Earrings-41-SVG.svg,9. Accessories Designs/Earrings/PNG/Earrings-41-SVG.png
03436,Accessories Designs,Earrings,Earrings-42-SVG,,9. Accessories Designs/Earrings/SVG/Earrings-42-SVG.svg,9. Accessories Designs/Earrings/PNG/Earrings-42-SVG.png
03437,Accessories Designs,Earrings,Earrings-43-SVG,,9. Accessories Designs/Earrings/SVG/Earrings-43-SVG.svg,9. Accessories Designs/Earrings/PNG/Earrings-43-SVG.png
03438,Accessories Designs,Earrings,Earrings-44-SVG,,9. Accessories Designs/Earrings/SVG/Earrings-44-SVG.svg,9. Accessories Designs/Earrings/PNG/Earrings-44-SVG.png
03439,Accessories Designs,Earrings,Earrings-45-SVG,,9. Accessories Designs/Earrings/SVG/Earrings-45-SVG.svg,9. Accessories Designs/Earrings/PNG/Earrings-45-SVG.png
03440,Accessories Designs,Earrings,Earrings-46-SVG,,9. Accessories Designs/Earrings/SVG/Earrings-46-SVG.svg,9. Accessories Designs/Earrings/PNG/Earrings-46-SVG.png
03441,Accessories Designs,Earrings,Earrings-47-SVG,,9. Accessories Designs/Earrings/SVG/Earrings-47-SVG.svg,9. Accessories Designs/Earrings/PNG/Earrings-47-SVG.png
03442,Accessories Designs,Earrings,Earrings-48-SVG,,9. Accessories Designs/Earrings/SVG/Earrings-48-SVG.svg,9. Accessories Designs/Earrings/PNG/Earrings-48-SVG.png
03443,Accessories Designs,Earrings,Earrings-49-SVG,,9. Accessories Designs/Earrings/SVG/Earrings-49-SVG.svg,9. Accessories Designs/Earrings/PNG/Earrings-49-SVG.png
03444,Accessories Designs,Earrings,Earrings-50-SVG,,9. Accessories Designs/Earrings/SVG/Earrings-50-SVG.svg,9. Accessories Designs/Earrings/PNG/Earrings-50-SVG.png
03445,Accessories Designs,Flexible Bracelets,flexible-bracelets-01,,9. Accessories Designs/Flexible Bracelets/SVG/flexible-bracelets-01.svg,9. Accessories Designs/Flexible Bracelets/PNG/flexible-bracelets-01.png
03446,Accessories Designs,Flexible Bracelets,flexible-bracelets-02,,9. Accessories Designs/Flexible Bracelets/SVG/flexible-bracelets-02.svg,9. Accessories Designs/Flexible Bracelets/PNG/flexible-bracelets-02.png
03447,Accessories Designs,Flexible Bracelets,flexible-bracelets-03,,9. Accessories Designs/Flexible Bracelets/SVG/flexible-bracelets-03.svg,9. Accessories Designs/Flexible Bracelets/PNG/flexible-bracelets-03.png
03448,Accessories Designs,Flexible Bracelets,flexible-bracelets-04,,9. Accessories Designs/Flexible Bracelets/SVG/flexible-bracelets-04.svg,9. Accessories Designs/Flexible Bracelets/PNG/flexible-bracelets-04.png
03449,Accessories Designs,Flexible Bracelets,flexible-bracelets-05,,9. Accessories Designs/Flexible Bracelets/SVG/flexible-bracelets-05.svg,9. Accessories Designs/Flexible Bracelets/PNG/flexible-bracelets-05.png
03450,Accessories Designs,Flexible Bracelets,flexible-bracelets-06,,9. Accessories Designs/Flexible Bracelets/SVG/flexible-bracelets-06.svg,9. Accessories Designs/Flexible Bracelets/PNG/flexible-bracelets-06.png
03451,Accessories Designs,Flexible Bracelets,flexible-bracelets-07,,9. Accessories Designs/Flexible Bracelets/SVG/flexible-bracelets-07.svg,9. Accessories Designs/Flexible Bracelets/PNG/flexible-bracelets-07.png
03452,Accessories Designs,Flexible Bracelets,flexible-bracelets-08,,9. Accessories Designs/Flexible Bracelets/SVG/flexible-bracelets-08.svg,9. Accessories Designs/Flexible Bracelets/PNG/flexible-bracelets-08.png
03453,Accessories Designs,Flexible Bracelets,flexible-bracelets-09,,9. Accessories Designs/Flexible Bracelets/SVG/flexible-bracelets-09.svg,9. Accessories Designs/Flexible Bracelets/PNG/flexible-bracelets-09.png
03454,Accessories Designs,Flexible Bracelets,flexible-bracelets-10,,9. Accessories Designs/Flexible Bracelets/SVG/flexible-bracelets-10.svg,9. Accessories Designs/Flexible Bracelets/PNG/flexible-bracelets-10.png
03455,Accessories Designs,Jewelry Organizer,Jewelry-organizer-01,,9. Accessories Designs/Jewelry Organizer/SVG/Jewelry-organizer-01.svg,9. Accessories Designs/Jewelry Organizer/PNG/Jewelry-organizer-01.png
03456,Accessories Designs,Jewelry Organizer,Jewelry-organizer-02,,9. Accessories Designs/Jewelry Organizer/SVG/Jewelry-organizer-02.svg,9. Accessories Designs/Jewelry Organizer/PNG/Jewelry-organizer-02.png
03457,Accessories Designs,Jewelry Organizer,Jewelry-organizer-03,,9. Accessories Designs/Jewelry Organizer/SVG/Jewelry-organizer-03.svg,9. Accessories Designs/Jewelry Organizer/PNG/Jewelry-organizer-03.png
03458,Accessories Designs,Jewelry Organizer,Jewelry-organizer-04,,9. Accessories Designs/Jewelry Organizer/SVG/Jewelry-organizer-04.svg,9. Accessories Designs/Jewelry Organizer/PNG/Jewelry-organizer-04.png
03459,Accessories Designs,Jewelry Organizer,Jewelry-organizer-05,,9. Accessories Designs/Jewelry Organizer/SVG/Jewelry-organizer-05.svg,9. Accessories Designs/Jewelry Organizer/PNG/Jewelry-organizer-05.png
03460,Accessories Designs,Jewelry Organizer,Jewelry-organizer-06,,9. Accessories Designs/Jewelry Organizer/SVG/Jewelry-organizer-06.svg,9. Accessories Designs/Jewelry Organizer/PNG/Jewelry-organizer-06.png
03461,Accessories Designs,Jewelry Organizer,Jewelry-organizer-07,,9. Accessories Designs/Jewelry Organizer/SVG/Jewelry-organizer-07.svg,9. Accessories Designs/Jewelry Organizer/PNG/Jewelry-organizer-07.png
03462,Accessories Designs,Jewelry Organizer,Jewelry-organizer-08,,9. Accessories Designs/Jewelry Organizer/SVG/Jewelry-organizer-08.svg,9. Accessories Designs/Jewelry Organizer/PNG/Jewelry-organizer-08.png
03463,Accessories Designs,Jewelry Organizer,Jewelry-organizer-09,,9. Accessories Designs/Jewelry Organizer/SVG/Jewelry-organizer-09.svg,9. Accessories Designs/Jewelry Organizer/PNG/Jewelry-organizer-09.png
03464,Accessories Designs,Jewelry Organizer,Jewelry-organizer-10,,9. Accessories Designs/Jewelry Organizer/SVG/Jewelry-organizer-10.svg,9. Accessories Designs/Jewelry Organizer/PNG/Jewelry-organizer-10.png
03465,Accessories Designs,Rulers,Rulers Laser Cut - 1,,9. Accessories Designs/Rulers/cm/SVG/Rulers Laser Cut - 1.svg,9. Accessories Designs/Rulers/cm/PNG/Rulers Laser Cut - 1.png
03466,Accessories Designs,Rulers,Rulers Laser Cut - 10,,9. Accessories Designs/Rulers/cm/SVG/Rulers Laser Cut - 10.svg,9. Accessories Designs/Rulers/cm/PNG/Rulers Laser Cut - 10.png
03467,Accessories Designs,Rulers,Rulers Laser Cut - 2,,9. Accessories Designs/Rulers/cm/SVG/Rulers Laser Cut - 2.svg,9. Accessories Designs/Rulers/cm/PNG/Rulers Laser Cut - 2.png
03468,Accessories Designs,Rulers,Rulers Laser Cut - 3,,9. Accessories Designs/Rulers/cm/SVG/Rulers Laser Cut - 3.svg,9. Accessories Designs/Rulers/cm/PNG/Rulers Laser Cut - 3.png
03469,Accessories Designs,Rulers,Rulers Laser Cut - 4,,9. Accessories Designs/Rulers/cm/SVG/Rulers Laser Cut - 4.svg,9. Accessories Designs/Rulers/cm/PNG/Rulers Laser Cut - 4.png
03470,Accessories Designs,Rulers,Rulers Laser Cut - 5,,9. Accessories Designs/Rulers/cm/SVG/Rulers Laser Cut - 5.svg,9. Accessories Designs/Rulers/cm/PNG/Rulers Laser Cut - 5.png
03471,Accessories Designs,Rulers,Rulers Laser Cut - 6,,9. Accessories Designs/Rulers/cm/SVG/Rulers Laser Cut - 6.svg,9. Accessories Designs/Rulers/cm/PNG/Rulers Laser Cut - 6.png
03472,Accessories Designs,Rulers,Rulers Laser Cut - 7,,9. Accessories Designs/Rulers/cm/SVG/Rulers Laser Cut - 7.svg,9. Accessories Designs/Rulers/cm/PNG/Rulers Laser Cut - 7.png
03473,Accessories Designs,Rulers,Rulers Laser Cut - 8,,9. Accessories Designs/Rulers/cm/SVG/Rulers Laser Cut - 8.svg,9. Accessories Designs/Rulers/cm/PNG/Rulers Laser Cut - 8.png
03474,Accessories Designs,Rulers,Rulers Laser Cut - 9,,9. Accessories Designs/Rulers/cm/SVG/Rulers Laser Cut - 9.svg,9. Accessories Designs/Rulers/cm/PNG/Rulers Laser Cut - 9.png
03475,Accessories Designs,Rulers,Rulers Laser Cut - 1,,9. Accessories Designs/Rulers/inch/SVG/Rulers Laser Cut - 1.svg,9. Accessories Designs/Rulers/inch/PNG/Rulers Laser Cut - 1.png
03476,Accessories Designs,Rulers,Rulers Laser Cut - 10,,9. Accessories Designs/Rulers/inch/SVG/Rulers Laser Cut - 10.svg,9. Accessories Designs/Rulers/inch/PNG/Rulers Laser Cut - 10.png
03477,Accessories Designs,Rulers,Rulers Laser Cut - 2,,9. Accessories Designs/Rulers/inch/SVG/Rulers Laser Cut - 2.svg,9. Accessories Designs/Rulers/inch/PNG/Rulers Laser Cut - 2.png
03478,Accessories Designs,Rulers,Rulers Laser Cut - 3,,9. Accessories Designs/Rulers/inch/SVG/Rulers Laser Cut - 3.svg,9. Accessories Designs/Rulers/inch/PNG/Rulers Laser Cut - 3.png
03479,Accessories Designs,Rulers,Rulers Laser Cut - 4,,9. Accessories Designs/Rulers/inch/SVG/Rulers Laser Cut - 4.svg,9. Accessories Designs/Rulers/inch/PNG/Rulers Laser Cut - 4.png
03480,Accessories Designs,Rulers,Rulers Laser Cut - 5,,9. Accessories Designs/Rulers/inch/SVG/Rulers Laser Cut - 5.svg,9. Accessories Designs/Rulers/inch/PNG/Rulers Laser Cut - 5.png
03481,Accessories Designs,Rulers,Rulers Laser Cut - 6,,9. Accessories Designs/Rulers/inch/SVG/Rulers Laser Cut - 6.svg,9. Accessories Designs/Rulers/inch/PNG/Rulers Laser Cut - 6.png
03482,Accessories Designs,Rulers,Rulers Laser Cut - 7,,9. Accessories Designs/Rulers/inch/SVG/Rulers Laser Cut - 7.svg,9. Accessories Designs/Rulers/inch/PNG/Rulers Laser Cut - 7.png
03483,Accessories Designs,Rulers,Rulers Laser Cut - 8,,9. Accessories Designs/Rulers/inch/SVG/Rulers Laser Cut - 8.svg,9. Accessories Designs/Rulers/inch/PNG/Rulers Laser Cut - 8.png
03484,Accessories Designs,Rulers,Rulers Laser Cut - 9,,9. Accessories Designs/Rulers/inch/SVG/Rulers Laser Cut - 9.svg,9. Accessories Designs/Rulers/inch/PNG/Rulers Laser Cut - 9.png
